2025-04-14 12:57:39 - INFO - __main__ - File logging für game.py initialisiert. Log-Datei: C:\Users\Administrator\Documents\Github\DrugsDealerGame\DrugDealerGame\data\logs\game_2025-04-14_12-57-39.log
2025-04-14 12:57:39 - INFO - __main__ - Spiel wird initialisiert...
2025-04-14 12:57:39 - DEBUG - __main__ - Game Script Verzeichnis: C:\Users\Administrator\Documents\Github\DrugsDealerGame\DrugDealerGame\data\etc
2025-04-14 12:57:39 - DEBUG - __main__ - Bild-Ordner: C:\Users\Administrator\Documents\Github\DrugsDealerGame\DrugDealerGame\data\bilder
2025-04-14 12:57:39 - DEBUG - __main__ - Speicher-Ordner: C:\Users\Administrator\Documents\Github\DrugsDealerGame\DrugDealerGame\data\savedata
2025-04-14 12:57:39 - DEBUG - __main__ - Settings-Datei Pfad: C:\Users\Administrator\Documents\Github\DrugsDealerGame\DrugDealerGame\data\settings\settings.json
2025-04-14 12:57:39 - ERROR - platform_utils - Unerwarteter Fehler bei der Android-Erkennung: Unable to find JAVA_HOME
2025-04-14 12:57:39 - INFO - __main__ - Eigene Module importiert.
2025-04-14 12:57:39 - INFO - __main__ - Einstellungen geladen: {'music_volume': 0.4765625, 'sfx_volume': 0.4791666666666667, 'master_volume': 0.4574652777777778}
2025-04-14 12:57:39 - DEBUG - __main__ - Berechnete SCALED_ICON_SIZE: (76, 76)
2025-04-14 12:57:39 - INFO - __main__ - Pygame Mixer initialisiert.
2025-04-14 12:57:39 - INFO - __main__ - Spiel Bildschirmgröße erkannt: 1920x1200
2025-04-14 12:57:39 - INFO - __main__ - Screen & Clock erstellt.
2025-04-14 12:57:39 - INFO - __main__ - Weltgröße: 5760x2400
2025-04-14 12:57:39 - INFO - __main__ - Fonts erstellt: UI=56, Btn=36, Inv=32
2025-04-14 12:57:39 - INFO - __main__ - Button Default Size: 153x156
2025-04-14 12:57:39 - INFO - __main__ - Inventar berechnet: Breite=1050, Pos=(435,1084)
2025-04-14 12:57:39 - INFO - __main__ - Lade Assets...
2025-04-14 12:57:39 - ERROR - __main__ - Fehler Laden Bild 'C:\Users\Administrator\Documents\Github\DrugsDealerGame\DrugDealerGame\data\bilder\background.png': No such file or directory: 'C:\Users\Administrator\Documents\Github\DrugsDealerGame\DrugDealerGame\data\bilder\background.png'.
Traceback (most recent call last):
  File "C:\Users\Administrator\Documents\Github\DrugsDealerGame\DrugDealerGame\data\etc\game.py", line 101, in load_image_asset
    try: image = pygame.image.load(path); image = image.convert_alpha() if alpha else image.convert()
                 ^^^^^^^^^^^^^^^^^^^^^^^
FileNotFoundError: No such file or directory: 'C:\Users\Administrator\Documents\Github\DrugsDealerGame\DrugDealerGame\data\bilder\background.png'.
2025-04-14 12:57:39 - ERROR - __main__ - Fehler Laden Bild 'C:\Users\Administrator\Documents\Github\DrugsDealerGame\DrugDealerGame\data\bilder\interact_button.png': No such file or directory: 'C:\Users\Administrator\Documents\Github\DrugsDealerGame\DrugDealerGame\data\bilder\interact_button.png'.
Traceback (most recent call last):
  File "C:\Users\Administrator\Documents\Github\DrugsDealerGame\DrugDealerGame\data\etc\game.py", line 101, in load_image_asset
    try: image = pygame.image.load(path); image = image.convert_alpha() if alpha else image.convert()
                 ^^^^^^^^^^^^^^^^^^^^^^^
FileNotFoundError: No such file or directory: 'C:\Users\Administrator\Documents\Github\DrugsDealerGame\DrugDealerGame\data\bilder\interact_button.png'.
2025-04-14 12:57:39 - ERROR - __main__ - Fehler Laden Bild 'C:\Users\Administrator\Documents\Github\DrugsDealerGame\DrugDealerGame\data\bilder\blumentopf_icon.png': No such file or directory: 'C:\Users\Administrator\Documents\Github\DrugsDealerGame\DrugDealerGame\data\bilder\blumentopf_icon.png'.
Traceback (most recent call last):
  File "C:\Users\Administrator\Documents\Github\DrugsDealerGame\DrugDealerGame\data\etc\game.py", line 101, in load_image_asset
    try: image = pygame.image.load(path); image = image.convert_alpha() if alpha else image.convert()
                 ^^^^^^^^^^^^^^^^^^^^^^^
FileNotFoundError: No such file or directory: 'C:\Users\Administrator\Documents\Github\DrugsDealerGame\DrugDealerGame\data\bilder\blumentopf_icon.png'.
2025-04-14 12:57:39 - ERROR - __main__ - Fehler Laden Bild 'C:\Users\Administrator\Documents\Github\DrugsDealerGame\DrugDealerGame\data\bilder\sack_erde_icon.png': No such file or directory: 'C:\Users\Administrator\Documents\Github\DrugsDealerGame\DrugDealerGame\data\bilder\sack_erde_icon.png'.
Traceback (most recent call last):
  File "C:\Users\Administrator\Documents\Github\DrugsDealerGame\DrugDealerGame\data\etc\game.py", line 101, in load_image_asset
    try: image = pygame.image.load(path); image = image.convert_alpha() if alpha else image.convert()
                 ^^^^^^^^^^^^^^^^^^^^^^^
FileNotFoundError: No such file or directory: 'C:\Users\Administrator\Documents\Github\DrugsDealerGame\DrugDealerGame\data\bilder\sack_erde_icon.png'.
2025-04-14 12:57:39 - ERROR - __main__ - Fehler Laden Bild 'C:\Users\Administrator\Documents\Github\DrugsDealerGame\DrugDealerGame\data\bilder\weed_seeds_icon.png': No such file or directory: 'C:\Users\Administrator\Documents\Github\DrugsDealerGame\DrugDealerGame\data\bilder\weed_seeds_icon.png'.
Traceback (most recent call last):
  File "C:\Users\Administrator\Documents\Github\DrugsDealerGame\DrugDealerGame\data\etc\game.py", line 101, in load_image_asset
    try: image = pygame.image.load(path); image = image.convert_alpha() if alpha else image.convert()
                 ^^^^^^^^^^^^^^^^^^^^^^^
FileNotFoundError: No such file or directory: 'C:\Users\Administrator\Documents\Github\DrugsDealerGame\DrugDealerGame\data\bilder\weed_seeds_icon.png'.
2025-04-14 12:57:39 - ERROR - __main__ - Fehler Laden Bild 'C:\Users\Administrator\Documents\Github\DrugsDealerGame\DrugDealerGame\data\bilder\blumentopf_ohneErde.png': No such file or directory: 'C:\Users\Administrator\Documents\Github\DrugsDealerGame\DrugDealerGame\data\bilder\blumentopf_ohneErde.png'.
Traceback (most recent call last):
  File "C:\Users\Administrator\Documents\Github\DrugsDealerGame\DrugDealerGame\data\etc\game.py", line 101, in load_image_asset
    try: image = pygame.image.load(path); image = image.convert_alpha() if alpha else image.convert()
                 ^^^^^^^^^^^^^^^^^^^^^^^
FileNotFoundError: No such file or directory: 'C:\Users\Administrator\Documents\Github\DrugsDealerGame\DrugDealerGame\data\bilder\blumentopf_ohneErde.png'.
2025-04-14 12:57:39 - WARNING - __main__ - Fehlendes Zustandsbild: Blumentopf -> ohneErde
2025-04-14 12:57:39 - ERROR - __main__ - Fehler Laden Bild 'C:\Users\Administrator\Documents\Github\DrugsDealerGame\DrugDealerGame\data\bilder\blumentopf_ohneSeed.png': No such file or directory: 'C:\Users\Administrator\Documents\Github\DrugsDealerGame\DrugDealerGame\data\bilder\blumentopf_ohneSeed.png'.
Traceback (most recent call last):
  File "C:\Users\Administrator\Documents\Github\DrugsDealerGame\DrugDealerGame\data\etc\game.py", line 101, in load_image_asset
    try: image = pygame.image.load(path); image = image.convert_alpha() if alpha else image.convert()
                 ^^^^^^^^^^^^^^^^^^^^^^^
FileNotFoundError: No such file or directory: 'C:\Users\Administrator\Documents\Github\DrugsDealerGame\DrugDealerGame\data\bilder\blumentopf_ohneSeed.png'.
2025-04-14 12:57:39 - WARNING - __main__ - Fehlendes Zustandsbild: Blumentopf -> ohneSeed
2025-04-14 12:57:39 - ERROR - __main__ - Fehler Laden Bild 'C:\Users\Administrator\Documents\Github\DrugsDealerGame\DrugDealerGame\data\bilder\blumentopf_giessen.png': No such file or directory: 'C:\Users\Administrator\Documents\Github\DrugsDealerGame\DrugDealerGame\data\bilder\blumentopf_giessen.png'.
Traceback (most recent call last):
  File "C:\Users\Administrator\Documents\Github\DrugsDealerGame\DrugDealerGame\data\etc\game.py", line 101, in load_image_asset
    try: image = pygame.image.load(path); image = image.convert_alpha() if alpha else image.convert()
                 ^^^^^^^^^^^^^^^^^^^^^^^
FileNotFoundError: No such file or directory: 'C:\Users\Administrator\Documents\Github\DrugsDealerGame\DrugDealerGame\data\bilder\blumentopf_giessen.png'.
2025-04-14 12:57:39 - WARNING - __main__ - Fehlendes Zustandsbild: Blumentopf -> giessen
2025-04-14 12:57:39 - ERROR - __main__ - Fehler Laden Bild 'C:\Users\Administrator\Documents\Github\DrugsDealerGame\DrugDealerGame\data\bilder\blumentopf_growing.png': No such file or directory: 'C:\Users\Administrator\Documents\Github\DrugsDealerGame\DrugDealerGame\data\bilder\blumentopf_growing.png'.
Traceback (most recent call last):
  File "C:\Users\Administrator\Documents\Github\DrugsDealerGame\DrugDealerGame\data\etc\game.py", line 101, in load_image_asset
    try: image = pygame.image.load(path); image = image.convert_alpha() if alpha else image.convert()
                 ^^^^^^^^^^^^^^^^^^^^^^^
FileNotFoundError: No such file or directory: 'C:\Users\Administrator\Documents\Github\DrugsDealerGame\DrugDealerGame\data\bilder\blumentopf_growing.png'.
2025-04-14 12:57:39 - WARNING - __main__ - Fehlendes Zustandsbild: Blumentopf -> growing
2025-04-14 12:57:39 - ERROR - __main__ - Fehler Laden Bild 'C:\Users\Administrator\Documents\Github\DrugsDealerGame\DrugDealerGame\data\bilder\blumentopf_ready.png': No such file or directory: 'C:\Users\Administrator\Documents\Github\DrugsDealerGame\DrugDealerGame\data\bilder\blumentopf_ready.png'.
Traceback (most recent call last):
  File "C:\Users\Administrator\Documents\Github\DrugsDealerGame\DrugDealerGame\data\etc\game.py", line 101, in load_image_asset
    try: image = pygame.image.load(path); image = image.convert_alpha() if alpha else image.convert()
                 ^^^^^^^^^^^^^^^^^^^^^^^
FileNotFoundError: No such file or directory: 'C:\Users\Administrator\Documents\Github\DrugsDealerGame\DrugDealerGame\data\bilder\blumentopf_ready.png'.
2025-04-14 12:57:39 - WARNING - __main__ - Fehlendes Zustandsbild: Blumentopf -> readyToEarn
2025-04-14 12:57:39 - INFO - __main__ - Spieler Spawn(TL):(2216,178)
2025-04-14 12:57:39 - DEBUG - player - Initialisiere Spieler mit top-left bei (2216, 178) und Radius 10
2025-04-14 12:57:39 - INFO - player - Spieler erstellt mit ID 1349998752928 bei Rect=<rect(2216, 178, 20, 20)>
2025-04-14 12:57:39 - INFO - camera - Kamera initialisiert: Welt(5760x2400), Screen(1920x1200)
2025-04-14 12:57:39 - INFO - __main__ - Kamera ausgerichtet: (1266, 0)
2025-04-14 12:57:39 - DEBUG - inventory - Inventar 1349998752832: Schriftarten geladen.
2025-04-14 12:57:39 - INFO - inventory - Inventar 1349998752832 wird initialisiert (max. 10 Slots).
2025-04-14 12:57:39 - DEBUG - inventory - Inventar 1349998752832: Rufe persistence.load_data für 'C:\Users\Administrator\Documents\Github\DrugsDealerGame\DrugDealerGame\data\savedata\inventar.json' auf.
2025-04-14 12:57:39 - INFO - inventory - Inventar 1349998752832: 3 Items übernommen.
2025-04-14 12:57:39 - DEBUG - inventory - Inventar 1349998752832 Inhalt: {'Blumentopf': 3, 'Sack Erde': 2, 'Weed Seeds': 3}
2025-04-14 12:57:39 - INFO - __main__ - Inventar erstellt/geladen.
2025-04-14 12:57:39 - DEBUG - __main__ - Lade platzierte Items...
2025-04-14 12:57:39 - INFO - __main__ - 3 platzierte Items geladen.
2025-04-14 12:57:39 - DEBUG - npc - Initialisiere NPC bei (320, 256) mit Radius 10
2025-04-14 12:57:39 - INFO - npc - NPC erstellt mit ID 1349998753216 bei (320, 256)
2025-04-14 12:57:39 - DEBUG - npc - Initialisiere NPC bei (5440, 480) mit Radius 10
2025-04-14 12:57:39 - INFO - npc - NPC erstellt mit ID 1349998753600 bei (5440, 480)
2025-04-14 12:57:39 - DEBUG - __main__ - Spieler und NPCs hinzugefügt.
2025-04-14 12:57:39 - DEBUG - __main__ - Interaktions-Button Rect: <rect(15, 913, 153, 156)>
2025-04-14 12:57:39 - INFO - __main__ - Spiel-Loop startet.
2025-04-14 12:57:39 - WARNING - __main__ - Slot 0 (Blumentopf): KEIN Icon gefunden in item_icons! Zeichne Text.
2025-04-14 12:57:39 - WARNING - __main__ - Slot 1 (Sack Erde): KEIN Icon gefunden in item_icons! Zeichne Text.
2025-04-14 12:57:39 - WARNING - __main__ - Slot 2 (Weed Seeds): KEIN Icon gefunden in item_icons! Zeichne Text.
2025-04-14 12:57:39 - WARNING - __main__ - Slot 0 (Blumentopf): KEIN Icon gefunden in item_icons! Zeichne Text.
2025-04-14 12:57:39 - WARNING - __main__ - Slot 1 (Sack Erde): KEIN Icon gefunden in item_icons! Zeichne Text.
2025-04-14 12:57:39 - WARNING - __main__ - Slot 2 (Weed Seeds): KEIN Icon gefunden in item_icons! Zeichne Text.
2025-04-14 12:57:39 - WARNING - __main__ - Slot 0 (Blumentopf): KEIN Icon gefunden in item_icons! Zeichne Text.
2025-04-14 12:57:39 - WARNING - __main__ - Slot 1 (Sack Erde): KEIN Icon gefunden in item_icons! Zeichne Text.
2025-04-14 12:57:39 - WARNING - __main__ - Slot 2 (Weed Seeds): KEIN Icon gefunden in item_icons! Zeichne Text.
2025-04-14 12:57:39 - WARNING - __main__ - Slot 0 (Blumentopf): KEIN Icon gefunden in item_icons! Zeichne Text.
2025-04-14 12:57:39 - WARNING - __main__ - Slot 1 (Sack Erde): KEIN Icon gefunden in item_icons! Zeichne Text.
2025-04-14 12:57:39 - WARNING - __main__ - Slot 2 (Weed Seeds): KEIN Icon gefunden in item_icons! Zeichne Text.
2025-04-14 12:57:39 - WARNING - __main__ - Slot 0 (Blumentopf): KEIN Icon gefunden in item_icons! Zeichne Text.
2025-04-14 12:57:39 - WARNING - __main__ - Slot 1 (Sack Erde): KEIN Icon gefunden in item_icons! Zeichne Text.
2025-04-14 12:57:39 - WARNING - __main__ - Slot 2 (Weed Seeds): KEIN Icon gefunden in item_icons! Zeichne Text.
2025-04-14 12:57:39 - WARNING - __main__ - Slot 0 (Blumentopf): KEIN Icon gefunden in item_icons! Zeichne Text.
2025-04-14 12:57:39 - WARNING - __main__ - Slot 1 (Sack Erde): KEIN Icon gefunden in item_icons! Zeichne Text.
2025-04-14 12:57:39 - WARNING - __main__ - Slot 2 (Weed Seeds): KEIN Icon gefunden in item_icons! Zeichne Text.
2025-04-14 12:57:39 - WARNING - __main__ - Slot 0 (Blumentopf): KEIN Icon gefunden in item_icons! Zeichne Text.
2025-04-14 12:57:39 - WARNING - __main__ - Slot 1 (Sack Erde): KEIN Icon gefunden in item_icons! Zeichne Text.
2025-04-14 12:57:39 - WARNING - __main__ - Slot 2 (Weed Seeds): KEIN Icon gefunden in item_icons! Zeichne Text.
2025-04-14 12:57:39 - WARNING - __main__ - Slot 0 (Blumentopf): KEIN Icon gefunden in item_icons! Zeichne Text.
2025-04-14 12:57:39 - WARNING - __main__ - Slot 1 (Sack Erde): KEIN Icon gefunden in item_icons! Zeichne Text.
2025-04-14 12:57:39 - WARNING - __main__ - Slot 2 (Weed Seeds): KEIN Icon gefunden in item_icons! Zeichne Text.
2025-04-14 12:57:40 - WARNING - __main__ - Slot 0 (Blumentopf): KEIN Icon gefunden in item_icons! Zeichne Text.
2025-04-14 12:57:40 - WARNING - __main__ - Slot 1 (Sack Erde): KEIN Icon gefunden in item_icons! Zeichne Text.
2025-04-14 12:57:40 - WARNING - __main__ - Slot 2 (Weed Seeds): KEIN Icon gefunden in item_icons! Zeichne Text.
2025-04-14 12:57:40 - WARNING - __main__ - Slot 0 (Blumentopf): KEIN Icon gefunden in item_icons! Zeichne Text.
2025-04-14 12:57:40 - WARNING - __main__ - Slot 1 (Sack Erde): KEIN Icon gefunden in item_icons! Zeichne Text.
2025-04-14 12:57:40 - WARNING - __main__ - Slot 2 (Weed Seeds): KEIN Icon gefunden in item_icons! Zeichne Text.
2025-04-14 12:57:40 - WARNING - __main__ - Slot 0 (Blumentopf): KEIN Icon gefunden in item_icons! Zeichne Text.
2025-04-14 12:57:40 - WARNING - __main__ - Slot 1 (Sack Erde): KEIN Icon gefunden in item_icons! Zeichne Text.
2025-04-14 12:57:40 - WARNING - __main__ - Slot 2 (Weed Seeds): KEIN Icon gefunden in item_icons! Zeichne Text.
2025-04-14 12:57:40 - WARNING - __main__ - Slot 0 (Blumentopf): KEIN Icon gefunden in item_icons! Zeichne Text.
2025-04-14 12:57:40 - WARNING - __main__ - Slot 1 (Sack Erde): KEIN Icon gefunden in item_icons! Zeichne Text.
2025-04-14 12:57:40 - WARNING - __main__ - Slot 2 (Weed Seeds): KEIN Icon gefunden in item_icons! Zeichne Text.
2025-04-14 12:57:40 - WARNING - __main__ - Slot 0 (Blumentopf): KEIN Icon gefunden in item_icons! Zeichne Text.
2025-04-14 12:57:40 - WARNING - __main__ - Slot 1 (Sack Erde): KEIN Icon gefunden in item_icons! Zeichne Text.
2025-04-14 12:57:40 - WARNING - __main__ - Slot 2 (Weed Seeds): KEIN Icon gefunden in item_icons! Zeichne Text.
2025-04-14 12:57:40 - WARNING - __main__ - Slot 0 (Blumentopf): KEIN Icon gefunden in item_icons! Zeichne Text.
2025-04-14 12:57:40 - WARNING - __main__ - Slot 1 (Sack Erde): KEIN Icon gefunden in item_icons! Zeichne Text.
2025-04-14 12:57:40 - WARNING - __main__ - Slot 2 (Weed Seeds): KEIN Icon gefunden in item_icons! Zeichne Text.
2025-04-14 12:57:40 - WARNING - __main__ - Slot 0 (Blumentopf): KEIN Icon gefunden in item_icons! Zeichne Text.
2025-04-14 12:57:40 - WARNING - __main__ - Slot 1 (Sack Erde): KEIN Icon gefunden in item_icons! Zeichne Text.
2025-04-14 12:57:40 - WARNING - __main__ - Slot 2 (Weed Seeds): KEIN Icon gefunden in item_icons! Zeichne Text.
2025-04-14 12:57:40 - WARNING - __main__ - Slot 0 (Blumentopf): KEIN Icon gefunden in item_icons! Zeichne Text.
2025-04-14 12:57:40 - WARNING - __main__ - Slot 1 (Sack Erde): KEIN Icon gefunden in item_icons! Zeichne Text.
2025-04-14 12:57:40 - WARNING - __main__ - Slot 2 (Weed Seeds): KEIN Icon gefunden in item_icons! Zeichne Text.
2025-04-14 12:57:40 - WARNING - __main__ - Slot 0 (Blumentopf): KEIN Icon gefunden in item_icons! Zeichne Text.
2025-04-14 12:57:40 - WARNING - __main__ - Slot 1 (Sack Erde): KEIN Icon gefunden in item_icons! Zeichne Text.
2025-04-14 12:57:40 - WARNING - __main__ - Slot 2 (Weed Seeds): KEIN Icon gefunden in item_icons! Zeichne Text.
2025-04-14 12:57:40 - WARNING - __main__ - Slot 0 (Blumentopf): KEIN Icon gefunden in item_icons! Zeichne Text.
2025-04-14 12:57:40 - WARNING - __main__ - Slot 1 (Sack Erde): KEIN Icon gefunden in item_icons! Zeichne Text.
2025-04-14 12:57:40 - WARNING - __main__ - Slot 2 (Weed Seeds): KEIN Icon gefunden in item_icons! Zeichne Text.
2025-04-14 12:57:40 - WARNING - __main__ - Slot 0 (Blumentopf): KEIN Icon gefunden in item_icons! Zeichne Text.
2025-04-14 12:57:40 - WARNING - __main__ - Slot 1 (Sack Erde): KEIN Icon gefunden in item_icons! Zeichne Text.
2025-04-14 12:57:40 - WARNING - __main__ - Slot 2 (Weed Seeds): KEIN Icon gefunden in item_icons! Zeichne Text.
2025-04-14 12:57:40 - WARNING - __main__ - Slot 0 (Blumentopf): KEIN Icon gefunden in item_icons! Zeichne Text.
2025-04-14 12:57:40 - WARNING - __main__ - Slot 1 (Sack Erde): KEIN Icon gefunden in item_icons! Zeichne Text.
2025-04-14 12:57:40 - WARNING - __main__ - Slot 2 (Weed Seeds): KEIN Icon gefunden in item_icons! Zeichne Text.
2025-04-14 12:57:40 - WARNING - __main__ - Slot 0 (Blumentopf): KEIN Icon gefunden in item_icons! Zeichne Text.
2025-04-14 12:57:40 - WARNING - __main__ - Slot 1 (Sack Erde): KEIN Icon gefunden in item_icons! Zeichne Text.
2025-04-14 12:57:40 - WARNING - __main__ - Slot 2 (Weed Seeds): KEIN Icon gefunden in item_icons! Zeichne Text.
2025-04-14 12:57:40 - WARNING - __main__ - Slot 0 (Blumentopf): KEIN Icon gefunden in item_icons! Zeichne Text.
2025-04-14 12:57:40 - WARNING - __main__ - Slot 1 (Sack Erde): KEIN Icon gefunden in item_icons! Zeichne Text.
2025-04-14 12:57:40 - WARNING - __main__ - Slot 2 (Weed Seeds): KEIN Icon gefunden in item_icons! Zeichne Text.
2025-04-14 12:57:40 - WARNING - __main__ - Slot 0 (Blumentopf): KEIN Icon gefunden in item_icons! Zeichne Text.
2025-04-14 12:57:40 - WARNING - __main__ - Slot 1 (Sack Erde): KEIN Icon gefunden in item_icons! Zeichne Text.
2025-04-14 12:57:40 - WARNING - __main__ - Slot 2 (Weed Seeds): KEIN Icon gefunden in item_icons! Zeichne Text.
2025-04-14 12:57:40 - WARNING - __main__ - Slot 0 (Blumentopf): KEIN Icon gefunden in item_icons! Zeichne Text.
2025-04-14 12:57:40 - WARNING - __main__ - Slot 1 (Sack Erde): KEIN Icon gefunden in item_icons! Zeichne Text.
2025-04-14 12:57:40 - WARNING - __main__ - Slot 2 (Weed Seeds): KEIN Icon gefunden in item_icons! Zeichne Text.
2025-04-14 12:57:40 - WARNING - __main__ - Slot 0 (Blumentopf): KEIN Icon gefunden in item_icons! Zeichne Text.
2025-04-14 12:57:40 - WARNING - __main__ - Slot 1 (Sack Erde): KEIN Icon gefunden in item_icons! Zeichne Text.
2025-04-14 12:57:40 - WARNING - __main__ - Slot 2 (Weed Seeds): KEIN Icon gefunden in item_icons! Zeichne Text.
2025-04-14 12:57:40 - WARNING - __main__ - Slot 0 (Blumentopf): KEIN Icon gefunden in item_icons! Zeichne Text.
2025-04-14 12:57:40 - WARNING - __main__ - Slot 1 (Sack Erde): KEIN Icon gefunden in item_icons! Zeichne Text.
2025-04-14 12:57:40 - WARNING - __main__ - Slot 2 (Weed Seeds): KEIN Icon gefunden in item_icons! Zeichne Text.
2025-04-14 12:57:40 - WARNING - __main__ - Slot 0 (Blumentopf): KEIN Icon gefunden in item_icons! Zeichne Text.
2025-04-14 12:57:40 - WARNING - __main__ - Slot 1 (Sack Erde): KEIN Icon gefunden in item_icons! Zeichne Text.
2025-04-14 12:57:40 - WARNING - __main__ - Slot 2 (Weed Seeds): KEIN Icon gefunden in item_icons! Zeichne Text.
2025-04-14 12:57:40 - WARNING - __main__ - Slot 0 (Blumentopf): KEIN Icon gefunden in item_icons! Zeichne Text.
2025-04-14 12:57:40 - WARNING - __main__ - Slot 1 (Sack Erde): KEIN Icon gefunden in item_icons! Zeichne Text.
2025-04-14 12:57:40 - WARNING - __main__ - Slot 2 (Weed Seeds): KEIN Icon gefunden in item_icons! Zeichne Text.
2025-04-14 12:57:40 - WARNING - __main__ - Slot 0 (Blumentopf): KEIN Icon gefunden in item_icons! Zeichne Text.
2025-04-14 12:57:40 - WARNING - __main__ - Slot 1 (Sack Erde): KEIN Icon gefunden in item_icons! Zeichne Text.
2025-04-14 12:57:40 - WARNING - __main__ - Slot 2 (Weed Seeds): KEIN Icon gefunden in item_icons! Zeichne Text.
2025-04-14 12:57:40 - WARNING - __main__ - Slot 0 (Blumentopf): KEIN Icon gefunden in item_icons! Zeichne Text.
2025-04-14 12:57:40 - WARNING - __main__ - Slot 1 (Sack Erde): KEIN Icon gefunden in item_icons! Zeichne Text.
2025-04-14 12:57:40 - WARNING - __main__ - Slot 2 (Weed Seeds): KEIN Icon gefunden in item_icons! Zeichne Text.
2025-04-14 12:57:40 - WARNING - __main__ - Slot 0 (Blumentopf): KEIN Icon gefunden in item_icons! Zeichne Text.
2025-04-14 12:57:40 - WARNING - __main__ - Slot 1 (Sack Erde): KEIN Icon gefunden in item_icons! Zeichne Text.
2025-04-14 12:57:40 - WARNING - __main__ - Slot 2 (Weed Seeds): KEIN Icon gefunden in item_icons! Zeichne Text.
2025-04-14 12:57:40 - WARNING - __main__ - Slot 0 (Blumentopf): KEIN Icon gefunden in item_icons! Zeichne Text.
2025-04-14 12:57:40 - WARNING - __main__ - Slot 1 (Sack Erde): KEIN Icon gefunden in item_icons! Zeichne Text.
2025-04-14 12:57:40 - WARNING - __main__ - Slot 2 (Weed Seeds): KEIN Icon gefunden in item_icons! Zeichne Text.
2025-04-14 12:57:40 - WARNING - __main__ - Slot 0 (Blumentopf): KEIN Icon gefunden in item_icons! Zeichne Text.
2025-04-14 12:57:40 - WARNING - __main__ - Slot 1 (Sack Erde): KEIN Icon gefunden in item_icons! Zeichne Text.
2025-04-14 12:57:40 - WARNING - __main__ - Slot 2 (Weed Seeds): KEIN Icon gefunden in item_icons! Zeichne Text.
2025-04-14 12:57:40 - WARNING - __main__ - Slot 0 (Blumentopf): KEIN Icon gefunden in item_icons! Zeichne Text.
2025-04-14 12:57:40 - WARNING - __main__ - Slot 1 (Sack Erde): KEIN Icon gefunden in item_icons! Zeichne Text.
2025-04-14 12:57:40 - WARNING - __main__ - Slot 2 (Weed Seeds): KEIN Icon gefunden in item_icons! Zeichne Text.
2025-04-14 12:57:40 - WARNING - __main__ - Slot 0 (Blumentopf): KEIN Icon gefunden in item_icons! Zeichne Text.
2025-04-14 12:57:40 - WARNING - __main__ - Slot 1 (Sack Erde): KEIN Icon gefunden in item_icons! Zeichne Text.
2025-04-14 12:57:40 - WARNING - __main__ - Slot 2 (Weed Seeds): KEIN Icon gefunden in item_icons! Zeichne Text.
2025-04-14 12:57:40 - WARNING - __main__ - Slot 0 (Blumentopf): KEIN Icon gefunden in item_icons! Zeichne Text.
2025-04-14 12:57:40 - WARNING - __main__ - Slot 1 (Sack Erde): KEIN Icon gefunden in item_icons! Zeichne Text.
2025-04-14 12:57:40 - WARNING - __main__ - Slot 2 (Weed Seeds): KEIN Icon gefunden in item_icons! Zeichne Text.
2025-04-14 12:57:40 - WARNING - __main__ - Slot 0 (Blumentopf): KEIN Icon gefunden in item_icons! Zeichne Text.
2025-04-14 12:57:40 - WARNING - __main__ - Slot 1 (Sack Erde): KEIN Icon gefunden in item_icons! Zeichne Text.
2025-04-14 12:57:40 - WARNING - __main__ - Slot 2 (Weed Seeds): KEIN Icon gefunden in item_icons! Zeichne Text.
2025-04-14 12:57:40 - WARNING - __main__ - Slot 0 (Blumentopf): KEIN Icon gefunden in item_icons! Zeichne Text.
2025-04-14 12:57:40 - WARNING - __main__ - Slot 1 (Sack Erde): KEIN Icon gefunden in item_icons! Zeichne Text.
2025-04-14 12:57:40 - WARNING - __main__ - Slot 2 (Weed Seeds): KEIN Icon gefunden in item_icons! Zeichne Text.
2025-04-14 12:57:40 - WARNING - __main__ - Slot 0 (Blumentopf): KEIN Icon gefunden in item_icons! Zeichne Text.
2025-04-14 12:57:40 - WARNING - __main__ - Slot 1 (Sack Erde): KEIN Icon gefunden in item_icons! Zeichne Text.
2025-04-14 12:57:40 - WARNING - __main__ - Slot 2 (Weed Seeds): KEIN Icon gefunden in item_icons! Zeichne Text.
2025-04-14 12:57:40 - WARNING - __main__ - Slot 0 (Blumentopf): KEIN Icon gefunden in item_icons! Zeichne Text.
2025-04-14 12:57:40 - WARNING - __main__ - Slot 1 (Sack Erde): KEIN Icon gefunden in item_icons! Zeichne Text.
2025-04-14 12:57:40 - WARNING - __main__ - Slot 2 (Weed Seeds): KEIN Icon gefunden in item_icons! Zeichne Text.
2025-04-14 12:57:40 - WARNING - __main__ - Slot 0 (Blumentopf): KEIN Icon gefunden in item_icons! Zeichne Text.
2025-04-14 12:57:40 - WARNING - __main__ - Slot 1 (Sack Erde): KEIN Icon gefunden in item_icons! Zeichne Text.
2025-04-14 12:57:40 - WARNING - __main__ - Slot 2 (Weed Seeds): KEIN Icon gefunden in item_icons! Zeichne Text.
2025-04-14 12:57:40 - WARNING - __main__ - Slot 0 (Blumentopf): KEIN Icon gefunden in item_icons! Zeichne Text.
2025-04-14 12:57:40 - WARNING - __main__ - Slot 1 (Sack Erde): KEIN Icon gefunden in item_icons! Zeichne Text.
2025-04-14 12:57:40 - WARNING - __main__ - Slot 2 (Weed Seeds): KEIN Icon gefunden in item_icons! Zeichne Text.
2025-04-14 12:57:40 - WARNING - __main__ - Slot 0 (Blumentopf): KEIN Icon gefunden in item_icons! Zeichne Text.
2025-04-14 12:57:40 - WARNING - __main__ - Slot 1 (Sack Erde): KEIN Icon gefunden in item_icons! Zeichne Text.
2025-04-14 12:57:40 - WARNING - __main__ - Slot 2 (Weed Seeds): KEIN Icon gefunden in item_icons! Zeichne Text.
2025-04-14 12:57:40 - WARNING - __main__ - Slot 0 (Blumentopf): KEIN Icon gefunden in item_icons! Zeichne Text.
2025-04-14 12:57:40 - WARNING - __main__ - Slot 1 (Sack Erde): KEIN Icon gefunden in item_icons! Zeichne Text.
2025-04-14 12:57:40 - WARNING - __main__ - Slot 2 (Weed Seeds): KEIN Icon gefunden in item_icons! Zeichne Text.
2025-04-14 12:57:40 - WARNING - __main__ - Slot 0 (Blumentopf): KEIN Icon gefunden in item_icons! Zeichne Text.
2025-04-14 12:57:40 - WARNING - __main__ - Slot 1 (Sack Erde): KEIN Icon gefunden in item_icons! Zeichne Text.
2025-04-14 12:57:40 - WARNING - __main__ - Slot 2 (Weed Seeds): KEIN Icon gefunden in item_icons! Zeichne Text.
2025-04-14 12:57:40 - WARNING - __main__ - Slot 0 (Blumentopf): KEIN Icon gefunden in item_icons! Zeichne Text.
2025-04-14 12:57:40 - WARNING - __main__ - Slot 1 (Sack Erde): KEIN Icon gefunden in item_icons! Zeichne Text.
2025-04-14 12:57:40 - WARNING - __main__ - Slot 2 (Weed Seeds): KEIN Icon gefunden in item_icons! Zeichne Text.
2025-04-14 12:57:40 - WARNING - __main__ - Slot 0 (Blumentopf): KEIN Icon gefunden in item_icons! Zeichne Text.
2025-04-14 12:57:40 - WARNING - __main__ - Slot 1 (Sack Erde): KEIN Icon gefunden in item_icons! Zeichne Text.
2025-04-14 12:57:40 - WARNING - __main__ - Slot 2 (Weed Seeds): KEIN Icon gefunden in item_icons! Zeichne Text.
2025-04-14 12:57:40 - WARNING - __main__ - Slot 0 (Blumentopf): KEIN Icon gefunden in item_icons! Zeichne Text.
2025-04-14 12:57:40 - WARNING - __main__ - Slot 1 (Sack Erde): KEIN Icon gefunden in item_icons! Zeichne Text.
2025-04-14 12:57:40 - WARNING - __main__ - Slot 2 (Weed Seeds): KEIN Icon gefunden in item_icons! Zeichne Text.
2025-04-14 12:57:40 - WARNING - __main__ - Slot 0 (Blumentopf): KEIN Icon gefunden in item_icons! Zeichne Text.
2025-04-14 12:57:40 - WARNING - __main__ - Slot 1 (Sack Erde): KEIN Icon gefunden in item_icons! Zeichne Text.
2025-04-14 12:57:40 - WARNING - __main__ - Slot 2 (Weed Seeds): KEIN Icon gefunden in item_icons! Zeichne Text.
2025-04-14 12:57:40 - WARNING - __main__ - Slot 0 (Blumentopf): KEIN Icon gefunden in item_icons! Zeichne Text.
2025-04-14 12:57:40 - WARNING - __main__ - Slot 1 (Sack Erde): KEIN Icon gefunden in item_icons! Zeichne Text.
2025-04-14 12:57:40 - WARNING - __main__ - Slot 2 (Weed Seeds): KEIN Icon gefunden in item_icons! Zeichne Text.
2025-04-14 12:57:40 - WARNING - __main__ - Slot 0 (Blumentopf): KEIN Icon gefunden in item_icons! Zeichne Text.
2025-04-14 12:57:40 - WARNING - __main__ - Slot 1 (Sack Erde): KEIN Icon gefunden in item_icons! Zeichne Text.
2025-04-14 12:57:40 - WARNING - __main__ - Slot 2 (Weed Seeds): KEIN Icon gefunden in item_icons! Zeichne Text.
2025-04-14 12:57:40 - WARNING - __main__ - Slot 0 (Blumentopf): KEIN Icon gefunden in item_icons! Zeichne Text.
2025-04-14 12:57:40 - WARNING - __main__ - Slot 1 (Sack Erde): KEIN Icon gefunden in item_icons! Zeichne Text.
2025-04-14 12:57:40 - WARNING - __main__ - Slot 2 (Weed Seeds): KEIN Icon gefunden in item_icons! Zeichne Text.
2025-04-14 12:57:40 - WARNING - __main__ - Slot 0 (Blumentopf): KEIN Icon gefunden in item_icons! Zeichne Text.
2025-04-14 12:57:40 - WARNING - __main__ - Slot 1 (Sack Erde): KEIN Icon gefunden in item_icons! Zeichne Text.
2025-04-14 12:57:40 - WARNING - __main__ - Slot 2 (Weed Seeds): KEIN Icon gefunden in item_icons! Zeichne Text.
2025-04-14 12:57:40 - WARNING - __main__ - Slot 0 (Blumentopf): KEIN Icon gefunden in item_icons! Zeichne Text.
2025-04-14 12:57:40 - WARNING - __main__ - Slot 1 (Sack Erde): KEIN Icon gefunden in item_icons! Zeichne Text.
2025-04-14 12:57:40 - WARNING - __main__ - Slot 2 (Weed Seeds): KEIN Icon gefunden in item_icons! Zeichne Text.
2025-04-14 12:57:40 - WARNING - __main__ - Slot 0 (Blumentopf): KEIN Icon gefunden in item_icons! Zeichne Text.
2025-04-14 12:57:40 - WARNING - __main__ - Slot 1 (Sack Erde): KEIN Icon gefunden in item_icons! Zeichne Text.
2025-04-14 12:57:40 - WARNING - __main__ - Slot 2 (Weed Seeds): KEIN Icon gefunden in item_icons! Zeichne Text.
2025-04-14 12:57:40 - WARNING - __main__ - Slot 0 (Blumentopf): KEIN Icon gefunden in item_icons! Zeichne Text.
2025-04-14 12:57:40 - WARNING - __main__ - Slot 1 (Sack Erde): KEIN Icon gefunden in item_icons! Zeichne Text.
2025-04-14 12:57:40 - WARNING - __main__ - Slot 2 (Weed Seeds): KEIN Icon gefunden in item_icons! Zeichne Text.
2025-04-14 12:57:40 - WARNING - __main__ - Slot 0 (Blumentopf): KEIN Icon gefunden in item_icons! Zeichne Text.
2025-04-14 12:57:40 - WARNING - __main__ - Slot 1 (Sack Erde): KEIN Icon gefunden in item_icons! Zeichne Text.
2025-04-14 12:57:40 - WARNING - __main__ - Slot 2 (Weed Seeds): KEIN Icon gefunden in item_icons! Zeichne Text.
2025-04-14 12:57:40 - WARNING - __main__ - Slot 0 (Blumentopf): KEIN Icon gefunden in item_icons! Zeichne Text.
2025-04-14 12:57:40 - WARNING - __main__ - Slot 1 (Sack Erde): KEIN Icon gefunden in item_icons! Zeichne Text.
2025-04-14 12:57:40 - WARNING - __main__ - Slot 2 (Weed Seeds): KEIN Icon gefunden in item_icons! Zeichne Text.
2025-04-14 12:57:40 - WARNING - __main__ - Slot 0 (Blumentopf): KEIN Icon gefunden in item_icons! Zeichne Text.
2025-04-14 12:57:40 - WARNING - __main__ - Slot 1 (Sack Erde): KEIN Icon gefunden in item_icons! Zeichne Text.
2025-04-14 12:57:40 - WARNING - __main__ - Slot 2 (Weed Seeds): KEIN Icon gefunden in item_icons! Zeichne Text.
2025-04-14 12:57:40 - WARNING - __main__ - Slot 0 (Blumentopf): KEIN Icon gefunden in item_icons! Zeichne Text.
2025-04-14 12:57:40 - WARNING - __main__ - Slot 1 (Sack Erde): KEIN Icon gefunden in item_icons! Zeichne Text.
2025-04-14 12:57:40 - WARNING - __main__ - Slot 2 (Weed Seeds): KEIN Icon gefunden in item_icons! Zeichne Text.
2025-04-14 12:57:40 - WARNING - __main__ - Slot 0 (Blumentopf): KEIN Icon gefunden in item_icons! Zeichne Text.
2025-04-14 12:57:40 - WARNING - __main__ - Slot 1 (Sack Erde): KEIN Icon gefunden in item_icons! Zeichne Text.
2025-04-14 12:57:40 - WARNING - __main__ - Slot 2 (Weed Seeds): KEIN Icon gefunden in item_icons! Zeichne Text.
2025-04-14 12:57:40 - WARNING - __main__ - Slot 0 (Blumentopf): KEIN Icon gefunden in item_icons! Zeichne Text.
2025-04-14 12:57:40 - WARNING - __main__ - Slot 1 (Sack Erde): KEIN Icon gefunden in item_icons! Zeichne Text.
2025-04-14 12:57:40 - WARNING - __main__ - Slot 2 (Weed Seeds): KEIN Icon gefunden in item_icons! Zeichne Text.
2025-04-14 12:57:40 - WARNING - __main__ - Slot 0 (Blumentopf): KEIN Icon gefunden in item_icons! Zeichne Text.
2025-04-14 12:57:40 - WARNING - __main__ - Slot 1 (Sack Erde): KEIN Icon gefunden in item_icons! Zeichne Text.
2025-04-14 12:57:40 - WARNING - __main__ - Slot 2 (Weed Seeds): KEIN Icon gefunden in item_icons! Zeichne Text.
2025-04-14 12:57:40 - WARNING - __main__ - Slot 0 (Blumentopf): KEIN Icon gefunden in item_icons! Zeichne Text.
2025-04-14 12:57:40 - WARNING - __main__ - Slot 1 (Sack Erde): KEIN Icon gefunden in item_icons! Zeichne Text.
2025-04-14 12:57:40 - WARNING - __main__ - Slot 2 (Weed Seeds): KEIN Icon gefunden in item_icons! Zeichne Text.
2025-04-14 12:57:40 - WARNING - __main__ - Slot 0 (Blumentopf): KEIN Icon gefunden in item_icons! Zeichne Text.
2025-04-14 12:57:40 - WARNING - __main__ - Slot 1 (Sack Erde): KEIN Icon gefunden in item_icons! Zeichne Text.
2025-04-14 12:57:40 - WARNING - __main__ - Slot 2 (Weed Seeds): KEIN Icon gefunden in item_icons! Zeichne Text.
2025-04-14 12:57:40 - WARNING - __main__ - Slot 0 (Blumentopf): KEIN Icon gefunden in item_icons! Zeichne Text.
2025-04-14 12:57:40 - WARNING - __main__ - Slot 1 (Sack Erde): KEIN Icon gefunden in item_icons! Zeichne Text.
2025-04-14 12:57:40 - WARNING - __main__ - Slot 2 (Weed Seeds): KEIN Icon gefunden in item_icons! Zeichne Text.
2025-04-14 12:57:40 - WARNING - __main__ - Slot 0 (Blumentopf): KEIN Icon gefunden in item_icons! Zeichne Text.
2025-04-14 12:57:40 - WARNING - __main__ - Slot 1 (Sack Erde): KEIN Icon gefunden in item_icons! Zeichne Text.
2025-04-14 12:57:40 - WARNING - __main__ - Slot 2 (Weed Seeds): KEIN Icon gefunden in item_icons! Zeichne Text.
2025-04-14 12:57:40 - WARNING - __main__ - Slot 0 (Blumentopf): KEIN Icon gefunden in item_icons! Zeichne Text.
2025-04-14 12:57:40 - WARNING - __main__ - Slot 1 (Sack Erde): KEIN Icon gefunden in item_icons! Zeichne Text.
2025-04-14 12:57:40 - WARNING - __main__ - Slot 2 (Weed Seeds): KEIN Icon gefunden in item_icons! Zeichne Text.
2025-04-14 12:57:41 - WARNING - __main__ - Slot 0 (Blumentopf): KEIN Icon gefunden in item_icons! Zeichne Text.
2025-04-14 12:57:41 - WARNING - __main__ - Slot 1 (Sack Erde): KEIN Icon gefunden in item_icons! Zeichne Text.
2025-04-14 12:57:41 - WARNING - __main__ - Slot 2 (Weed Seeds): KEIN Icon gefunden in item_icons! Zeichne Text.
2025-04-14 12:57:41 - WARNING - __main__ - Slot 0 (Blumentopf): KEIN Icon gefunden in item_icons! Zeichne Text.
2025-04-14 12:57:41 - WARNING - __main__ - Slot 1 (Sack Erde): KEIN Icon gefunden in item_icons! Zeichne Text.
2025-04-14 12:57:41 - WARNING - __main__ - Slot 2 (Weed Seeds): KEIN Icon gefunden in item_icons! Zeichne Text.
2025-04-14 12:57:41 - WARNING - __main__ - Slot 0 (Blumentopf): KEIN Icon gefunden in item_icons! Zeichne Text.
2025-04-14 12:57:41 - WARNING - __main__ - Slot 1 (Sack Erde): KEIN Icon gefunden in item_icons! Zeichne Text.
2025-04-14 12:57:41 - WARNING - __main__ - Slot 2 (Weed Seeds): KEIN Icon gefunden in item_icons! Zeichne Text.
2025-04-14 12:57:41 - WARNING - __main__ - Slot 0 (Blumentopf): KEIN Icon gefunden in item_icons! Zeichne Text.
2025-04-14 12:57:41 - WARNING - __main__ - Slot 1 (Sack Erde): KEIN Icon gefunden in item_icons! Zeichne Text.
2025-04-14 12:57:41 - WARNING - __main__ - Slot 2 (Weed Seeds): KEIN Icon gefunden in item_icons! Zeichne Text.
2025-04-14 12:57:41 - WARNING - __main__ - Slot 0 (Blumentopf): KEIN Icon gefunden in item_icons! Zeichne Text.
2025-04-14 12:57:41 - WARNING - __main__ - Slot 1 (Sack Erde): KEIN Icon gefunden in item_icons! Zeichne Text.
2025-04-14 12:57:41 - WARNING - __main__ - Slot 2 (Weed Seeds): KEIN Icon gefunden in item_icons! Zeichne Text.
2025-04-14 12:57:41 - WARNING - __main__ - Slot 0 (Blumentopf): KEIN Icon gefunden in item_icons! Zeichne Text.
2025-04-14 12:57:41 - WARNING - __main__ - Slot 1 (Sack Erde): KEIN Icon gefunden in item_icons! Zeichne Text.
2025-04-14 12:57:41 - WARNING - __main__ - Slot 2 (Weed Seeds): KEIN Icon gefunden in item_icons! Zeichne Text.
2025-04-14 12:57:41 - WARNING - __main__ - Slot 0 (Blumentopf): KEIN Icon gefunden in item_icons! Zeichne Text.
2025-04-14 12:57:41 - WARNING - __main__ - Slot 1 (Sack Erde): KEIN Icon gefunden in item_icons! Zeichne Text.
2025-04-14 12:57:41 - WARNING - __main__ - Slot 2 (Weed Seeds): KEIN Icon gefunden in item_icons! Zeichne Text.
2025-04-14 12:57:41 - WARNING - __main__ - Slot 0 (Blumentopf): KEIN Icon gefunden in item_icons! Zeichne Text.
2025-04-14 12:57:41 - WARNING - __main__ - Slot 1 (Sack Erde): KEIN Icon gefunden in item_icons! Zeichne Text.
2025-04-14 12:57:41 - WARNING - __main__ - Slot 2 (Weed Seeds): KEIN Icon gefunden in item_icons! Zeichne Text.
2025-04-14 12:57:41 - WARNING - __main__ - Slot 0 (Blumentopf): KEIN Icon gefunden in item_icons! Zeichne Text.
2025-04-14 12:57:41 - WARNING - __main__ - Slot 1 (Sack Erde): KEIN Icon gefunden in item_icons! Zeichne Text.
2025-04-14 12:57:41 - WARNING - __main__ - Slot 2 (Weed Seeds): KEIN Icon gefunden in item_icons! Zeichne Text.
2025-04-14 12:57:41 - WARNING - __main__ - Slot 0 (Blumentopf): KEIN Icon gefunden in item_icons! Zeichne Text.
2025-04-14 12:57:41 - WARNING - __main__ - Slot 1 (Sack Erde): KEIN Icon gefunden in item_icons! Zeichne Text.
2025-04-14 12:57:41 - WARNING - __main__ - Slot 2 (Weed Seeds): KEIN Icon gefunden in item_icons! Zeichne Text.
2025-04-14 12:57:41 - WARNING - __main__ - Slot 0 (Blumentopf): KEIN Icon gefunden in item_icons! Zeichne Text.
2025-04-14 12:57:41 - WARNING - __main__ - Slot 1 (Sack Erde): KEIN Icon gefunden in item_icons! Zeichne Text.
2025-04-14 12:57:41 - WARNING - __main__ - Slot 2 (Weed Seeds): KEIN Icon gefunden in item_icons! Zeichne Text.
2025-04-14 12:57:41 - WARNING - __main__ - Slot 0 (Blumentopf): KEIN Icon gefunden in item_icons! Zeichne Text.
2025-04-14 12:57:41 - WARNING - __main__ - Slot 1 (Sack Erde): KEIN Icon gefunden in item_icons! Zeichne Text.
2025-04-14 12:57:41 - WARNING - __main__ - Slot 2 (Weed Seeds): KEIN Icon gefunden in item_icons! Zeichne Text.
2025-04-14 12:57:41 - WARNING - __main__ - Slot 0 (Blumentopf): KEIN Icon gefunden in item_icons! Zeichne Text.
2025-04-14 12:57:41 - WARNING - __main__ - Slot 1 (Sack Erde): KEIN Icon gefunden in item_icons! Zeichne Text.
2025-04-14 12:57:41 - WARNING - __main__ - Slot 2 (Weed Seeds): KEIN Icon gefunden in item_icons! Zeichne Text.
2025-04-14 12:57:41 - WARNING - __main__ - Slot 0 (Blumentopf): KEIN Icon gefunden in item_icons! Zeichne Text.
2025-04-14 12:57:41 - WARNING - __main__ - Slot 1 (Sack Erde): KEIN Icon gefunden in item_icons! Zeichne Text.
2025-04-14 12:57:41 - WARNING - __main__ - Slot 2 (Weed Seeds): KEIN Icon gefunden in item_icons! Zeichne Text.
2025-04-14 12:57:41 - WARNING - __main__ - Slot 0 (Blumentopf): KEIN Icon gefunden in item_icons! Zeichne Text.
2025-04-14 12:57:41 - WARNING - __main__ - Slot 1 (Sack Erde): KEIN Icon gefunden in item_icons! Zeichne Text.
2025-04-14 12:57:41 - WARNING - __main__ - Slot 2 (Weed Seeds): KEIN Icon gefunden in item_icons! Zeichne Text.
2025-04-14 12:57:41 - WARNING - __main__ - Slot 0 (Blumentopf): KEIN Icon gefunden in item_icons! Zeichne Text.
2025-04-14 12:57:41 - WARNING - __main__ - Slot 1 (Sack Erde): KEIN Icon gefunden in item_icons! Zeichne Text.
2025-04-14 12:57:41 - WARNING - __main__ - Slot 2 (Weed Seeds): KEIN Icon gefunden in item_icons! Zeichne Text.
2025-04-14 12:57:41 - WARNING - __main__ - Slot 0 (Blumentopf): KEIN Icon gefunden in item_icons! Zeichne Text.
2025-04-14 12:57:41 - WARNING - __main__ - Slot 1 (Sack Erde): KEIN Icon gefunden in item_icons! Zeichne Text.
2025-04-14 12:57:41 - WARNING - __main__ - Slot 2 (Weed Seeds): KEIN Icon gefunden in item_icons! Zeichne Text.
2025-04-14 12:57:41 - WARNING - __main__ - Slot 0 (Blumentopf): KEIN Icon gefunden in item_icons! Zeichne Text.
2025-04-14 12:57:41 - WARNING - __main__ - Slot 1 (Sack Erde): KEIN Icon gefunden in item_icons! Zeichne Text.
2025-04-14 12:57:41 - WARNING - __main__ - Slot 2 (Weed Seeds): KEIN Icon gefunden in item_icons! Zeichne Text.
2025-04-14 12:57:41 - WARNING - __main__ - Slot 0 (Blumentopf): KEIN Icon gefunden in item_icons! Zeichne Text.
2025-04-14 12:57:41 - WARNING - __main__ - Slot 1 (Sack Erde): KEIN Icon gefunden in item_icons! Zeichne Text.
2025-04-14 12:57:41 - WARNING - __main__ - Slot 2 (Weed Seeds): KEIN Icon gefunden in item_icons! Zeichne Text.
2025-04-14 12:57:41 - WARNING - __main__ - Slot 0 (Blumentopf): KEIN Icon gefunden in item_icons! Zeichne Text.
2025-04-14 12:57:41 - WARNING - __main__ - Slot 1 (Sack Erde): KEIN Icon gefunden in item_icons! Zeichne Text.
2025-04-14 12:57:41 - WARNING - __main__ - Slot 2 (Weed Seeds): KEIN Icon gefunden in item_icons! Zeichne Text.
2025-04-14 12:57:41 - WARNING - __main__ - Slot 0 (Blumentopf): KEIN Icon gefunden in item_icons! Zeichne Text.
2025-04-14 12:57:41 - WARNING - __main__ - Slot 1 (Sack Erde): KEIN Icon gefunden in item_icons! Zeichne Text.
2025-04-14 12:57:41 - WARNING - __main__ - Slot 2 (Weed Seeds): KEIN Icon gefunden in item_icons! Zeichne Text.
2025-04-14 12:57:41 - WARNING - __main__ - Slot 0 (Blumentopf): KEIN Icon gefunden in item_icons! Zeichne Text.
2025-04-14 12:57:41 - WARNING - __main__ - Slot 1 (Sack Erde): KEIN Icon gefunden in item_icons! Zeichne Text.
2025-04-14 12:57:41 - WARNING - __main__ - Slot 2 (Weed Seeds): KEIN Icon gefunden in item_icons! Zeichne Text.
2025-04-14 12:57:41 - WARNING - __main__ - Slot 0 (Blumentopf): KEIN Icon gefunden in item_icons! Zeichne Text.
2025-04-14 12:57:41 - WARNING - __main__ - Slot 1 (Sack Erde): KEIN Icon gefunden in item_icons! Zeichne Text.
2025-04-14 12:57:41 - WARNING - __main__ - Slot 2 (Weed Seeds): KEIN Icon gefunden in item_icons! Zeichne Text.
2025-04-14 12:57:41 - WARNING - __main__ - Slot 0 (Blumentopf): KEIN Icon gefunden in item_icons! Zeichne Text.
2025-04-14 12:57:41 - WARNING - __main__ - Slot 1 (Sack Erde): KEIN Icon gefunden in item_icons! Zeichne Text.
2025-04-14 12:57:41 - WARNING - __main__ - Slot 2 (Weed Seeds): KEIN Icon gefunden in item_icons! Zeichne Text.
2025-04-14 12:57:41 - WARNING - __main__ - Slot 0 (Blumentopf): KEIN Icon gefunden in item_icons! Zeichne Text.
2025-04-14 12:57:41 - WARNING - __main__ - Slot 1 (Sack Erde): KEIN Icon gefunden in item_icons! Zeichne Text.
2025-04-14 12:57:41 - WARNING - __main__ - Slot 2 (Weed Seeds): KEIN Icon gefunden in item_icons! Zeichne Text.
2025-04-14 12:57:41 - WARNING - __main__ - Slot 0 (Blumentopf): KEIN Icon gefunden in item_icons! Zeichne Text.
2025-04-14 12:57:41 - WARNING - __main__ - Slot 1 (Sack Erde): KEIN Icon gefunden in item_icons! Zeichne Text.
2025-04-14 12:57:41 - WARNING - __main__ - Slot 2 (Weed Seeds): KEIN Icon gefunden in item_icons! Zeichne Text.
2025-04-14 12:57:41 - WARNING - __main__ - Slot 0 (Blumentopf): KEIN Icon gefunden in item_icons! Zeichne Text.
2025-04-14 12:57:41 - WARNING - __main__ - Slot 1 (Sack Erde): KEIN Icon gefunden in item_icons! Zeichne Text.
2025-04-14 12:57:41 - WARNING - __main__ - Slot 2 (Weed Seeds): KEIN Icon gefunden in item_icons! Zeichne Text.
2025-04-14 12:57:41 - WARNING - __main__ - Slot 0 (Blumentopf): KEIN Icon gefunden in item_icons! Zeichne Text.
2025-04-14 12:57:41 - WARNING - __main__ - Slot 1 (Sack Erde): KEIN Icon gefunden in item_icons! Zeichne Text.
2025-04-14 12:57:41 - WARNING - __main__ - Slot 2 (Weed Seeds): KEIN Icon gefunden in item_icons! Zeichne Text.
2025-04-14 12:57:41 - WARNING - __main__ - Slot 0 (Blumentopf): KEIN Icon gefunden in item_icons! Zeichne Text.
2025-04-14 12:57:41 - WARNING - __main__ - Slot 1 (Sack Erde): KEIN Icon gefunden in item_icons! Zeichne Text.
2025-04-14 12:57:41 - WARNING - __main__ - Slot 2 (Weed Seeds): KEIN Icon gefunden in item_icons! Zeichne Text.
2025-04-14 12:57:41 - WARNING - __main__ - Slot 0 (Blumentopf): KEIN Icon gefunden in item_icons! Zeichne Text.
2025-04-14 12:57:41 - WARNING - __main__ - Slot 1 (Sack Erde): KEIN Icon gefunden in item_icons! Zeichne Text.
2025-04-14 12:57:41 - WARNING - __main__ - Slot 2 (Weed Seeds): KEIN Icon gefunden in item_icons! Zeichne Text.
2025-04-14 12:57:41 - WARNING - __main__ - Slot 0 (Blumentopf): KEIN Icon gefunden in item_icons! Zeichne Text.
2025-04-14 12:57:41 - WARNING - __main__ - Slot 1 (Sack Erde): KEIN Icon gefunden in item_icons! Zeichne Text.
2025-04-14 12:57:41 - WARNING - __main__ - Slot 2 (Weed Seeds): KEIN Icon gefunden in item_icons! Zeichne Text.
2025-04-14 12:57:41 - WARNING - __main__ - Slot 0 (Blumentopf): KEIN Icon gefunden in item_icons! Zeichne Text.
2025-04-14 12:57:41 - WARNING - __main__ - Slot 1 (Sack Erde): KEIN Icon gefunden in item_icons! Zeichne Text.
2025-04-14 12:57:41 - WARNING - __main__ - Slot 2 (Weed Seeds): KEIN Icon gefunden in item_icons! Zeichne Text.
2025-04-14 12:57:41 - WARNING - __main__ - Slot 0 (Blumentopf): KEIN Icon gefunden in item_icons! Zeichne Text.
2025-04-14 12:57:41 - WARNING - __main__ - Slot 1 (Sack Erde): KEIN Icon gefunden in item_icons! Zeichne Text.
2025-04-14 12:57:41 - WARNING - __main__ - Slot 2 (Weed Seeds): KEIN Icon gefunden in item_icons! Zeichne Text.
2025-04-14 12:57:41 - WARNING - __main__ - Slot 0 (Blumentopf): KEIN Icon gefunden in item_icons! Zeichne Text.
2025-04-14 12:57:41 - WARNING - __main__ - Slot 1 (Sack Erde): KEIN Icon gefunden in item_icons! Zeichne Text.
2025-04-14 12:57:41 - WARNING - __main__ - Slot 2 (Weed Seeds): KEIN Icon gefunden in item_icons! Zeichne Text.
2025-04-14 12:57:41 - WARNING - __main__ - Slot 0 (Blumentopf): KEIN Icon gefunden in item_icons! Zeichne Text.
2025-04-14 12:57:41 - WARNING - __main__ - Slot 1 (Sack Erde): KEIN Icon gefunden in item_icons! Zeichne Text.
2025-04-14 12:57:41 - WARNING - __main__ - Slot 2 (Weed Seeds): KEIN Icon gefunden in item_icons! Zeichne Text.
2025-04-14 12:57:41 - WARNING - __main__ - Slot 0 (Blumentopf): KEIN Icon gefunden in item_icons! Zeichne Text.
2025-04-14 12:57:41 - WARNING - __main__ - Slot 1 (Sack Erde): KEIN Icon gefunden in item_icons! Zeichne Text.
2025-04-14 12:57:41 - WARNING - __main__ - Slot 2 (Weed Seeds): KEIN Icon gefunden in item_icons! Zeichne Text.
2025-04-14 12:57:41 - WARNING - __main__ - Slot 0 (Blumentopf): KEIN Icon gefunden in item_icons! Zeichne Text.
2025-04-14 12:57:41 - WARNING - __main__ - Slot 1 (Sack Erde): KEIN Icon gefunden in item_icons! Zeichne Text.
2025-04-14 12:57:41 - WARNING - __main__ - Slot 2 (Weed Seeds): KEIN Icon gefunden in item_icons! Zeichne Text.
2025-04-14 12:57:41 - WARNING - __main__ - Slot 0 (Blumentopf): KEIN Icon gefunden in item_icons! Zeichne Text.
2025-04-14 12:57:41 - WARNING - __main__ - Slot 1 (Sack Erde): KEIN Icon gefunden in item_icons! Zeichne Text.
2025-04-14 12:57:41 - WARNING - __main__ - Slot 2 (Weed Seeds): KEIN Icon gefunden in item_icons! Zeichne Text.
2025-04-14 12:57:41 - WARNING - __main__ - Slot 0 (Blumentopf): KEIN Icon gefunden in item_icons! Zeichne Text.
2025-04-14 12:57:41 - WARNING - __main__ - Slot 1 (Sack Erde): KEIN Icon gefunden in item_icons! Zeichne Text.
2025-04-14 12:57:41 - WARNING - __main__ - Slot 2 (Weed Seeds): KEIN Icon gefunden in item_icons! Zeichne Text.
2025-04-14 12:57:41 - WARNING - __main__ - Slot 0 (Blumentopf): KEIN Icon gefunden in item_icons! Zeichne Text.
2025-04-14 12:57:41 - WARNING - __main__ - Slot 1 (Sack Erde): KEIN Icon gefunden in item_icons! Zeichne Text.
2025-04-14 12:57:41 - WARNING - __main__ - Slot 2 (Weed Seeds): KEIN Icon gefunden in item_icons! Zeichne Text.
2025-04-14 12:57:41 - WARNING - __main__ - Slot 0 (Blumentopf): KEIN Icon gefunden in item_icons! Zeichne Text.
2025-04-14 12:57:41 - WARNING - __main__ - Slot 1 (Sack Erde): KEIN Icon gefunden in item_icons! Zeichne Text.
2025-04-14 12:57:41 - WARNING - __main__ - Slot 2 (Weed Seeds): KEIN Icon gefunden in item_icons! Zeichne Text.
2025-04-14 12:57:41 - WARNING - __main__ - Slot 0 (Blumentopf): KEIN Icon gefunden in item_icons! Zeichne Text.
2025-04-14 12:57:41 - WARNING - __main__ - Slot 1 (Sack Erde): KEIN Icon gefunden in item_icons! Zeichne Text.
2025-04-14 12:57:41 - WARNING - __main__ - Slot 2 (Weed Seeds): KEIN Icon gefunden in item_icons! Zeichne Text.
2025-04-14 12:57:41 - WARNING - __main__ - Slot 0 (Blumentopf): KEIN Icon gefunden in item_icons! Zeichne Text.
2025-04-14 12:57:41 - WARNING - __main__ - Slot 1 (Sack Erde): KEIN Icon gefunden in item_icons! Zeichne Text.
2025-04-14 12:57:41 - WARNING - __main__ - Slot 2 (Weed Seeds): KEIN Icon gefunden in item_icons! Zeichne Text.
2025-04-14 12:57:41 - WARNING - __main__ - Slot 0 (Blumentopf): KEIN Icon gefunden in item_icons! Zeichne Text.
2025-04-14 12:57:41 - WARNING - __main__ - Slot 1 (Sack Erde): KEIN Icon gefunden in item_icons! Zeichne Text.
2025-04-14 12:57:41 - WARNING - __main__ - Slot 2 (Weed Seeds): KEIN Icon gefunden in item_icons! Zeichne Text.
2025-04-14 12:57:41 - WARNING - __main__ - Slot 0 (Blumentopf): KEIN Icon gefunden in item_icons! Zeichne Text.
2025-04-14 12:57:41 - WARNING - __main__ - Slot 1 (Sack Erde): KEIN Icon gefunden in item_icons! Zeichne Text.
2025-04-14 12:57:41 - WARNING - __main__ - Slot 2 (Weed Seeds): KEIN Icon gefunden in item_icons! Zeichne Text.
2025-04-14 12:57:41 - WARNING - __main__ - Slot 0 (Blumentopf): KEIN Icon gefunden in item_icons! Zeichne Text.
2025-04-14 12:57:41 - WARNING - __main__ - Slot 1 (Sack Erde): KEIN Icon gefunden in item_icons! Zeichne Text.
2025-04-14 12:57:41 - WARNING - __main__ - Slot 2 (Weed Seeds): KEIN Icon gefunden in item_icons! Zeichne Text.
2025-04-14 12:57:41 - WARNING - __main__ - Slot 0 (Blumentopf): KEIN Icon gefunden in item_icons! Zeichne Text.
2025-04-14 12:57:41 - WARNING - __main__ - Slot 1 (Sack Erde): KEIN Icon gefunden in item_icons! Zeichne Text.
2025-04-14 12:57:41 - WARNING - __main__ - Slot 2 (Weed Seeds): KEIN Icon gefunden in item_icons! Zeichne Text.
2025-04-14 12:57:41 - WARNING - __main__ - Slot 0 (Blumentopf): KEIN Icon gefunden in item_icons! Zeichne Text.
2025-04-14 12:57:41 - WARNING - __main__ - Slot 1 (Sack Erde): KEIN Icon gefunden in item_icons! Zeichne Text.
2025-04-14 12:57:41 - WARNING - __main__ - Slot 2 (Weed Seeds): KEIN Icon gefunden in item_icons! Zeichne Text.
2025-04-14 12:57:41 - WARNING - __main__ - Slot 0 (Blumentopf): KEIN Icon gefunden in item_icons! Zeichne Text.
2025-04-14 12:57:41 - WARNING - __main__ - Slot 1 (Sack Erde): KEIN Icon gefunden in item_icons! Zeichne Text.
2025-04-14 12:57:41 - WARNING - __main__ - Slot 2 (Weed Seeds): KEIN Icon gefunden in item_icons! Zeichne Text.
2025-04-14 12:57:41 - WARNING - __main__ - Slot 0 (Blumentopf): KEIN Icon gefunden in item_icons! Zeichne Text.
2025-04-14 12:57:41 - WARNING - __main__ - Slot 1 (Sack Erde): KEIN Icon gefunden in item_icons! Zeichne Text.
2025-04-14 12:57:41 - WARNING - __main__ - Slot 2 (Weed Seeds): KEIN Icon gefunden in item_icons! Zeichne Text.
2025-04-14 12:57:41 - WARNING - __main__ - Slot 0 (Blumentopf): KEIN Icon gefunden in item_icons! Zeichne Text.
2025-04-14 12:57:41 - WARNING - __main__ - Slot 1 (Sack Erde): KEIN Icon gefunden in item_icons! Zeichne Text.
2025-04-14 12:57:41 - WARNING - __main__ - Slot 2 (Weed Seeds): KEIN Icon gefunden in item_icons! Zeichne Text.
2025-04-14 12:57:41 - WARNING - __main__ - Slot 0 (Blumentopf): KEIN Icon gefunden in item_icons! Zeichne Text.
2025-04-14 12:57:41 - WARNING - __main__ - Slot 1 (Sack Erde): KEIN Icon gefunden in item_icons! Zeichne Text.
2025-04-14 12:57:41 - WARNING - __main__ - Slot 2 (Weed Seeds): KEIN Icon gefunden in item_icons! Zeichne Text.
2025-04-14 12:57:41 - WARNING - __main__ - Slot 0 (Blumentopf): KEIN Icon gefunden in item_icons! Zeichne Text.
2025-04-14 12:57:41 - WARNING - __main__ - Slot 1 (Sack Erde): KEIN Icon gefunden in item_icons! Zeichne Text.
2025-04-14 12:57:41 - WARNING - __main__ - Slot 2 (Weed Seeds): KEIN Icon gefunden in item_icons! Zeichne Text.
2025-04-14 12:57:41 - WARNING - __main__ - Slot 0 (Blumentopf): KEIN Icon gefunden in item_icons! Zeichne Text.
2025-04-14 12:57:41 - WARNING - __main__ - Slot 1 (Sack Erde): KEIN Icon gefunden in item_icons! Zeichne Text.
2025-04-14 12:57:41 - WARNING - __main__ - Slot 2 (Weed Seeds): KEIN Icon gefunden in item_icons! Zeichne Text.
2025-04-14 12:57:41 - WARNING - __main__ - Slot 0 (Blumentopf): KEIN Icon gefunden in item_icons! Zeichne Text.
2025-04-14 12:57:41 - WARNING - __main__ - Slot 1 (Sack Erde): KEIN Icon gefunden in item_icons! Zeichne Text.
2025-04-14 12:57:41 - WARNING - __main__ - Slot 2 (Weed Seeds): KEIN Icon gefunden in item_icons! Zeichne Text.
2025-04-14 12:57:41 - WARNING - __main__ - Slot 0 (Blumentopf): KEIN Icon gefunden in item_icons! Zeichne Text.
2025-04-14 12:57:41 - WARNING - __main__ - Slot 1 (Sack Erde): KEIN Icon gefunden in item_icons! Zeichne Text.
2025-04-14 12:57:41 - WARNING - __main__ - Slot 2 (Weed Seeds): KEIN Icon gefunden in item_icons! Zeichne Text.
2025-04-14 12:57:41 - WARNING - __main__ - Slot 0 (Blumentopf): KEIN Icon gefunden in item_icons! Zeichne Text.
2025-04-14 12:57:41 - WARNING - __main__ - Slot 1 (Sack Erde): KEIN Icon gefunden in item_icons! Zeichne Text.
2025-04-14 12:57:41 - WARNING - __main__ - Slot 2 (Weed Seeds): KEIN Icon gefunden in item_icons! Zeichne Text.
2025-04-14 12:57:41 - WARNING - __main__ - Slot 0 (Blumentopf): KEIN Icon gefunden in item_icons! Zeichne Text.
2025-04-14 12:57:41 - WARNING - __main__ - Slot 1 (Sack Erde): KEIN Icon gefunden in item_icons! Zeichne Text.
2025-04-14 12:57:41 - WARNING - __main__ - Slot 2 (Weed Seeds): KEIN Icon gefunden in item_icons! Zeichne Text.
2025-04-14 12:57:41 - WARNING - __main__ - Slot 0 (Blumentopf): KEIN Icon gefunden in item_icons! Zeichne Text.
2025-04-14 12:57:41 - WARNING - __main__ - Slot 1 (Sack Erde): KEIN Icon gefunden in item_icons! Zeichne Text.
2025-04-14 12:57:41 - WARNING - __main__ - Slot 2 (Weed Seeds): KEIN Icon gefunden in item_icons! Zeichne Text.
2025-04-14 12:57:41 - WARNING - __main__ - Slot 0 (Blumentopf): KEIN Icon gefunden in item_icons! Zeichne Text.
2025-04-14 12:57:41 - WARNING - __main__ - Slot 1 (Sack Erde): KEIN Icon gefunden in item_icons! Zeichne Text.
2025-04-14 12:57:41 - WARNING - __main__ - Slot 2 (Weed Seeds): KEIN Icon gefunden in item_icons! Zeichne Text.
2025-04-14 12:57:42 - WARNING - __main__ - Slot 0 (Blumentopf): KEIN Icon gefunden in item_icons! Zeichne Text.
2025-04-14 12:57:42 - WARNING - __main__ - Slot 1 (Sack Erde): KEIN Icon gefunden in item_icons! Zeichne Text.
2025-04-14 12:57:42 - WARNING - __main__ - Slot 2 (Weed Seeds): KEIN Icon gefunden in item_icons! Zeichne Text.
2025-04-14 12:57:42 - WARNING - __main__ - Slot 0 (Blumentopf): KEIN Icon gefunden in item_icons! Zeichne Text.
2025-04-14 12:57:42 - WARNING - __main__ - Slot 1 (Sack Erde): KEIN Icon gefunden in item_icons! Zeichne Text.
2025-04-14 12:57:42 - WARNING - __main__ - Slot 2 (Weed Seeds): KEIN Icon gefunden in item_icons! Zeichne Text.
2025-04-14 12:57:42 - WARNING - __main__ - Slot 0 (Blumentopf): KEIN Icon gefunden in item_icons! Zeichne Text.
2025-04-14 12:57:42 - WARNING - __main__ - Slot 1 (Sack Erde): KEIN Icon gefunden in item_icons! Zeichne Text.
2025-04-14 12:57:42 - WARNING - __main__ - Slot 2 (Weed Seeds): KEIN Icon gefunden in item_icons! Zeichne Text.
2025-04-14 12:57:42 - WARNING - __main__ - Slot 0 (Blumentopf): KEIN Icon gefunden in item_icons! Zeichne Text.
2025-04-14 12:57:42 - WARNING - __main__ - Slot 1 (Sack Erde): KEIN Icon gefunden in item_icons! Zeichne Text.
2025-04-14 12:57:42 - WARNING - __main__ - Slot 2 (Weed Seeds): KEIN Icon gefunden in item_icons! Zeichne Text.
2025-04-14 12:57:42 - WARNING - __main__ - Slot 0 (Blumentopf): KEIN Icon gefunden in item_icons! Zeichne Text.
2025-04-14 12:57:42 - WARNING - __main__ - Slot 1 (Sack Erde): KEIN Icon gefunden in item_icons! Zeichne Text.
2025-04-14 12:57:42 - WARNING - __main__ - Slot 2 (Weed Seeds): KEIN Icon gefunden in item_icons! Zeichne Text.
2025-04-14 12:57:42 - WARNING - __main__ - Slot 0 (Blumentopf): KEIN Icon gefunden in item_icons! Zeichne Text.
2025-04-14 12:57:42 - WARNING - __main__ - Slot 1 (Sack Erde): KEIN Icon gefunden in item_icons! Zeichne Text.
2025-04-14 12:57:42 - WARNING - __main__ - Slot 2 (Weed Seeds): KEIN Icon gefunden in item_icons! Zeichne Text.
2025-04-14 12:57:42 - WARNING - __main__ - Slot 0 (Blumentopf): KEIN Icon gefunden in item_icons! Zeichne Text.
2025-04-14 12:57:42 - WARNING - __main__ - Slot 1 (Sack Erde): KEIN Icon gefunden in item_icons! Zeichne Text.
2025-04-14 12:57:42 - WARNING - __main__ - Slot 2 (Weed Seeds): KEIN Icon gefunden in item_icons! Zeichne Text.
2025-04-14 12:57:42 - WARNING - __main__ - Slot 0 (Blumentopf): KEIN Icon gefunden in item_icons! Zeichne Text.
2025-04-14 12:57:42 - WARNING - __main__ - Slot 1 (Sack Erde): KEIN Icon gefunden in item_icons! Zeichne Text.
2025-04-14 12:57:42 - WARNING - __main__ - Slot 2 (Weed Seeds): KEIN Icon gefunden in item_icons! Zeichne Text.
2025-04-14 12:57:42 - INFO - __main__ - Starte Drag: Blumentopf
2025-04-14 12:57:42 - WARNING - __main__ - Slot 0 (Blumentopf): KEIN Icon gefunden in item_icons! Zeichne Text.
2025-04-14 12:57:42 - WARNING - __main__ - Slot 1 (Sack Erde): KEIN Icon gefunden in item_icons! Zeichne Text.
2025-04-14 12:57:42 - WARNING - __main__ - Slot 2 (Weed Seeds): KEIN Icon gefunden in item_icons! Zeichne Text.
2025-04-14 12:57:42 - WARNING - __main__ - Slot 0 (Blumentopf): KEIN Icon gefunden in item_icons! Zeichne Text.
2025-04-14 12:57:42 - WARNING - __main__ - Slot 1 (Sack Erde): KEIN Icon gefunden in item_icons! Zeichne Text.
2025-04-14 12:57:42 - WARNING - __main__ - Slot 2 (Weed Seeds): KEIN Icon gefunden in item_icons! Zeichne Text.
2025-04-14 12:57:42 - WARNING - __main__ - Slot 0 (Blumentopf): KEIN Icon gefunden in item_icons! Zeichne Text.
2025-04-14 12:57:42 - WARNING - __main__ - Slot 1 (Sack Erde): KEIN Icon gefunden in item_icons! Zeichne Text.
2025-04-14 12:57:42 - WARNING - __main__ - Slot 2 (Weed Seeds): KEIN Icon gefunden in item_icons! Zeichne Text.
2025-04-14 12:57:42 - WARNING - __main__ - Slot 0 (Blumentopf): KEIN Icon gefunden in item_icons! Zeichne Text.
2025-04-14 12:57:42 - WARNING - __main__ - Slot 1 (Sack Erde): KEIN Icon gefunden in item_icons! Zeichne Text.
2025-04-14 12:57:42 - WARNING - __main__ - Slot 2 (Weed Seeds): KEIN Icon gefunden in item_icons! Zeichne Text.
2025-04-14 12:57:42 - WARNING - __main__ - Slot 0 (Blumentopf): KEIN Icon gefunden in item_icons! Zeichne Text.
2025-04-14 12:57:42 - WARNING - __main__ - Slot 1 (Sack Erde): KEIN Icon gefunden in item_icons! Zeichne Text.
2025-04-14 12:57:42 - WARNING - __main__ - Slot 2 (Weed Seeds): KEIN Icon gefunden in item_icons! Zeichne Text.
2025-04-14 12:57:42 - WARNING - __main__ - Slot 0 (Blumentopf): KEIN Icon gefunden in item_icons! Zeichne Text.
2025-04-14 12:57:42 - WARNING - __main__ - Slot 1 (Sack Erde): KEIN Icon gefunden in item_icons! Zeichne Text.
2025-04-14 12:57:42 - WARNING - __main__ - Slot 2 (Weed Seeds): KEIN Icon gefunden in item_icons! Zeichne Text.
2025-04-14 12:57:42 - WARNING - __main__ - Slot 0 (Blumentopf): KEIN Icon gefunden in item_icons! Zeichne Text.
2025-04-14 12:57:42 - WARNING - __main__ - Slot 1 (Sack Erde): KEIN Icon gefunden in item_icons! Zeichne Text.
2025-04-14 12:57:42 - WARNING - __main__ - Slot 2 (Weed Seeds): KEIN Icon gefunden in item_icons! Zeichne Text.
2025-04-14 12:57:42 - WARNING - __main__ - Slot 0 (Blumentopf): KEIN Icon gefunden in item_icons! Zeichne Text.
2025-04-14 12:57:42 - WARNING - __main__ - Slot 1 (Sack Erde): KEIN Icon gefunden in item_icons! Zeichne Text.
2025-04-14 12:57:42 - WARNING - __main__ - Slot 2 (Weed Seeds): KEIN Icon gefunden in item_icons! Zeichne Text.
2025-04-14 12:57:42 - WARNING - __main__ - Slot 0 (Blumentopf): KEIN Icon gefunden in item_icons! Zeichne Text.
2025-04-14 12:57:42 - WARNING - __main__ - Slot 1 (Sack Erde): KEIN Icon gefunden in item_icons! Zeichne Text.
2025-04-14 12:57:42 - WARNING - __main__ - Slot 2 (Weed Seeds): KEIN Icon gefunden in item_icons! Zeichne Text.
2025-04-14 12:57:42 - WARNING - __main__ - Slot 0 (Blumentopf): KEIN Icon gefunden in item_icons! Zeichne Text.
2025-04-14 12:57:42 - WARNING - __main__ - Slot 1 (Sack Erde): KEIN Icon gefunden in item_icons! Zeichne Text.
2025-04-14 12:57:42 - WARNING - __main__ - Slot 2 (Weed Seeds): KEIN Icon gefunden in item_icons! Zeichne Text.
2025-04-14 12:57:42 - WARNING - __main__ - Slot 0 (Blumentopf): KEIN Icon gefunden in item_icons! Zeichne Text.
2025-04-14 12:57:42 - WARNING - __main__ - Slot 1 (Sack Erde): KEIN Icon gefunden in item_icons! Zeichne Text.
2025-04-14 12:57:42 - WARNING - __main__ - Slot 2 (Weed Seeds): KEIN Icon gefunden in item_icons! Zeichne Text.
2025-04-14 12:57:42 - WARNING - __main__ - Slot 0 (Blumentopf): KEIN Icon gefunden in item_icons! Zeichne Text.
2025-04-14 12:57:42 - WARNING - __main__ - Slot 1 (Sack Erde): KEIN Icon gefunden in item_icons! Zeichne Text.
2025-04-14 12:57:42 - WARNING - __main__ - Slot 2 (Weed Seeds): KEIN Icon gefunden in item_icons! Zeichne Text.
2025-04-14 12:57:42 - WARNING - __main__ - Slot 0 (Blumentopf): KEIN Icon gefunden in item_icons! Zeichne Text.
2025-04-14 12:57:42 - WARNING - __main__ - Slot 1 (Sack Erde): KEIN Icon gefunden in item_icons! Zeichne Text.
2025-04-14 12:57:42 - WARNING - __main__ - Slot 2 (Weed Seeds): KEIN Icon gefunden in item_icons! Zeichne Text.
2025-04-14 12:57:42 - WARNING - __main__ - Slot 0 (Blumentopf): KEIN Icon gefunden in item_icons! Zeichne Text.
2025-04-14 12:57:42 - WARNING - __main__ - Slot 1 (Sack Erde): KEIN Icon gefunden in item_icons! Zeichne Text.
2025-04-14 12:57:42 - WARNING - __main__ - Slot 2 (Weed Seeds): KEIN Icon gefunden in item_icons! Zeichne Text.
2025-04-14 12:57:42 - WARNING - __main__ - Slot 0 (Blumentopf): KEIN Icon gefunden in item_icons! Zeichne Text.
2025-04-14 12:57:42 - WARNING - __main__ - Slot 1 (Sack Erde): KEIN Icon gefunden in item_icons! Zeichne Text.
2025-04-14 12:57:42 - WARNING - __main__ - Slot 2 (Weed Seeds): KEIN Icon gefunden in item_icons! Zeichne Text.
2025-04-14 12:57:42 - WARNING - __main__ - Slot 0 (Blumentopf): KEIN Icon gefunden in item_icons! Zeichne Text.
2025-04-14 12:57:42 - WARNING - __main__ - Slot 1 (Sack Erde): KEIN Icon gefunden in item_icons! Zeichne Text.
2025-04-14 12:57:42 - WARNING - __main__ - Slot 2 (Weed Seeds): KEIN Icon gefunden in item_icons! Zeichne Text.
2025-04-14 12:57:42 - WARNING - __main__ - Slot 0 (Blumentopf): KEIN Icon gefunden in item_icons! Zeichne Text.
2025-04-14 12:57:42 - WARNING - __main__ - Slot 1 (Sack Erde): KEIN Icon gefunden in item_icons! Zeichne Text.
2025-04-14 12:57:42 - WARNING - __main__ - Slot 2 (Weed Seeds): KEIN Icon gefunden in item_icons! Zeichne Text.
2025-04-14 12:57:42 - WARNING - __main__ - Slot 0 (Blumentopf): KEIN Icon gefunden in item_icons! Zeichne Text.
2025-04-14 12:57:42 - WARNING - __main__ - Slot 1 (Sack Erde): KEIN Icon gefunden in item_icons! Zeichne Text.
2025-04-14 12:57:42 - WARNING - __main__ - Slot 2 (Weed Seeds): KEIN Icon gefunden in item_icons! Zeichne Text.
2025-04-14 12:57:42 - WARNING - __main__ - Slot 0 (Blumentopf): KEIN Icon gefunden in item_icons! Zeichne Text.
2025-04-14 12:57:42 - WARNING - __main__ - Slot 1 (Sack Erde): KEIN Icon gefunden in item_icons! Zeichne Text.
2025-04-14 12:57:42 - WARNING - __main__ - Slot 2 (Weed Seeds): KEIN Icon gefunden in item_icons! Zeichne Text.
2025-04-14 12:57:42 - WARNING - __main__ - Slot 0 (Blumentopf): KEIN Icon gefunden in item_icons! Zeichne Text.
2025-04-14 12:57:42 - WARNING - __main__ - Slot 1 (Sack Erde): KEIN Icon gefunden in item_icons! Zeichne Text.
2025-04-14 12:57:42 - WARNING - __main__ - Slot 2 (Weed Seeds): KEIN Icon gefunden in item_icons! Zeichne Text.
2025-04-14 12:57:42 - WARNING - __main__ - Slot 0 (Blumentopf): KEIN Icon gefunden in item_icons! Zeichne Text.
2025-04-14 12:57:42 - WARNING - __main__ - Slot 1 (Sack Erde): KEIN Icon gefunden in item_icons! Zeichne Text.
2025-04-14 12:57:42 - WARNING - __main__ - Slot 2 (Weed Seeds): KEIN Icon gefunden in item_icons! Zeichne Text.
2025-04-14 12:57:42 - WARNING - __main__ - Slot 0 (Blumentopf): KEIN Icon gefunden in item_icons! Zeichne Text.
2025-04-14 12:57:42 - WARNING - __main__ - Slot 1 (Sack Erde): KEIN Icon gefunden in item_icons! Zeichne Text.
2025-04-14 12:57:42 - WARNING - __main__ - Slot 2 (Weed Seeds): KEIN Icon gefunden in item_icons! Zeichne Text.
2025-04-14 12:57:42 - WARNING - __main__ - Slot 0 (Blumentopf): KEIN Icon gefunden in item_icons! Zeichne Text.
2025-04-14 12:57:42 - WARNING - __main__ - Slot 1 (Sack Erde): KEIN Icon gefunden in item_icons! Zeichne Text.
2025-04-14 12:57:42 - WARNING - __main__ - Slot 2 (Weed Seeds): KEIN Icon gefunden in item_icons! Zeichne Text.
2025-04-14 12:57:42 - WARNING - __main__ - Slot 0 (Blumentopf): KEIN Icon gefunden in item_icons! Zeichne Text.
2025-04-14 12:57:42 - WARNING - __main__ - Slot 1 (Sack Erde): KEIN Icon gefunden in item_icons! Zeichne Text.
2025-04-14 12:57:42 - WARNING - __main__ - Slot 2 (Weed Seeds): KEIN Icon gefunden in item_icons! Zeichne Text.
2025-04-14 12:57:42 - WARNING - __main__ - Slot 0 (Blumentopf): KEIN Icon gefunden in item_icons! Zeichne Text.
2025-04-14 12:57:42 - WARNING - __main__ - Slot 1 (Sack Erde): KEIN Icon gefunden in item_icons! Zeichne Text.
2025-04-14 12:57:42 - WARNING - __main__ - Slot 2 (Weed Seeds): KEIN Icon gefunden in item_icons! Zeichne Text.
2025-04-14 12:57:42 - WARNING - __main__ - Slot 0 (Blumentopf): KEIN Icon gefunden in item_icons! Zeichne Text.
2025-04-14 12:57:42 - WARNING - __main__ - Slot 1 (Sack Erde): KEIN Icon gefunden in item_icons! Zeichne Text.
2025-04-14 12:57:42 - WARNING - __main__ - Slot 2 (Weed Seeds): KEIN Icon gefunden in item_icons! Zeichne Text.
2025-04-14 12:57:42 - WARNING - __main__ - Slot 0 (Blumentopf): KEIN Icon gefunden in item_icons! Zeichne Text.
2025-04-14 12:57:42 - WARNING - __main__ - Slot 1 (Sack Erde): KEIN Icon gefunden in item_icons! Zeichne Text.
2025-04-14 12:57:42 - WARNING - __main__ - Slot 2 (Weed Seeds): KEIN Icon gefunden in item_icons! Zeichne Text.
2025-04-14 12:57:42 - WARNING - __main__ - Slot 0 (Blumentopf): KEIN Icon gefunden in item_icons! Zeichne Text.
2025-04-14 12:57:42 - WARNING - __main__ - Slot 1 (Sack Erde): KEIN Icon gefunden in item_icons! Zeichne Text.
2025-04-14 12:57:42 - WARNING - __main__ - Slot 2 (Weed Seeds): KEIN Icon gefunden in item_icons! Zeichne Text.
2025-04-14 12:57:42 - WARNING - __main__ - Slot 0 (Blumentopf): KEIN Icon gefunden in item_icons! Zeichne Text.
2025-04-14 12:57:42 - WARNING - __main__ - Slot 1 (Sack Erde): KEIN Icon gefunden in item_icons! Zeichne Text.
2025-04-14 12:57:42 - WARNING - __main__ - Slot 2 (Weed Seeds): KEIN Icon gefunden in item_icons! Zeichne Text.
2025-04-14 12:57:42 - WARNING - __main__ - Slot 0 (Blumentopf): KEIN Icon gefunden in item_icons! Zeichne Text.
2025-04-14 12:57:42 - WARNING - __main__ - Slot 1 (Sack Erde): KEIN Icon gefunden in item_icons! Zeichne Text.
2025-04-14 12:57:42 - WARNING - __main__ - Slot 2 (Weed Seeds): KEIN Icon gefunden in item_icons! Zeichne Text.
2025-04-14 12:57:42 - WARNING - __main__ - Slot 0 (Blumentopf): KEIN Icon gefunden in item_icons! Zeichne Text.
2025-04-14 12:57:42 - WARNING - __main__ - Slot 1 (Sack Erde): KEIN Icon gefunden in item_icons! Zeichne Text.
2025-04-14 12:57:42 - WARNING - __main__ - Slot 2 (Weed Seeds): KEIN Icon gefunden in item_icons! Zeichne Text.
2025-04-14 12:57:42 - WARNING - __main__ - Slot 0 (Blumentopf): KEIN Icon gefunden in item_icons! Zeichne Text.
2025-04-14 12:57:42 - WARNING - __main__ - Slot 1 (Sack Erde): KEIN Icon gefunden in item_icons! Zeichne Text.
2025-04-14 12:57:42 - WARNING - __main__ - Slot 2 (Weed Seeds): KEIN Icon gefunden in item_icons! Zeichne Text.
2025-04-14 12:57:42 - WARNING - __main__ - Slot 0 (Blumentopf): KEIN Icon gefunden in item_icons! Zeichne Text.
2025-04-14 12:57:42 - WARNING - __main__ - Slot 1 (Sack Erde): KEIN Icon gefunden in item_icons! Zeichne Text.
2025-04-14 12:57:42 - WARNING - __main__ - Slot 2 (Weed Seeds): KEIN Icon gefunden in item_icons! Zeichne Text.
2025-04-14 12:57:42 - WARNING - __main__ - Slot 0 (Blumentopf): KEIN Icon gefunden in item_icons! Zeichne Text.
2025-04-14 12:57:42 - WARNING - __main__ - Slot 1 (Sack Erde): KEIN Icon gefunden in item_icons! Zeichne Text.
2025-04-14 12:57:42 - WARNING - __main__ - Slot 2 (Weed Seeds): KEIN Icon gefunden in item_icons! Zeichne Text.
2025-04-14 12:57:42 - WARNING - __main__ - Slot 0 (Blumentopf): KEIN Icon gefunden in item_icons! Zeichne Text.
2025-04-14 12:57:42 - WARNING - __main__ - Slot 1 (Sack Erde): KEIN Icon gefunden in item_icons! Zeichne Text.
2025-04-14 12:57:42 - WARNING - __main__ - Slot 2 (Weed Seeds): KEIN Icon gefunden in item_icons! Zeichne Text.
2025-04-14 12:57:42 - WARNING - __main__ - Slot 0 (Blumentopf): KEIN Icon gefunden in item_icons! Zeichne Text.
2025-04-14 12:57:42 - WARNING - __main__ - Slot 1 (Sack Erde): KEIN Icon gefunden in item_icons! Zeichne Text.
2025-04-14 12:57:42 - WARNING - __main__ - Slot 2 (Weed Seeds): KEIN Icon gefunden in item_icons! Zeichne Text.
2025-04-14 12:57:42 - WARNING - __main__ - Slot 0 (Blumentopf): KEIN Icon gefunden in item_icons! Zeichne Text.
2025-04-14 12:57:42 - WARNING - __main__ - Slot 1 (Sack Erde): KEIN Icon gefunden in item_icons! Zeichne Text.
2025-04-14 12:57:42 - WARNING - __main__ - Slot 2 (Weed Seeds): KEIN Icon gefunden in item_icons! Zeichne Text.
2025-04-14 12:57:42 - WARNING - __main__ - Slot 0 (Blumentopf): KEIN Icon gefunden in item_icons! Zeichne Text.
2025-04-14 12:57:42 - WARNING - __main__ - Slot 1 (Sack Erde): KEIN Icon gefunden in item_icons! Zeichne Text.
2025-04-14 12:57:42 - WARNING - __main__ - Slot 2 (Weed Seeds): KEIN Icon gefunden in item_icons! Zeichne Text.
2025-04-14 12:57:42 - WARNING - __main__ - Slot 0 (Blumentopf): KEIN Icon gefunden in item_icons! Zeichne Text.
2025-04-14 12:57:42 - WARNING - __main__ - Slot 1 (Sack Erde): KEIN Icon gefunden in item_icons! Zeichne Text.
2025-04-14 12:57:42 - WARNING - __main__ - Slot 2 (Weed Seeds): KEIN Icon gefunden in item_icons! Zeichne Text.
2025-04-14 12:57:42 - WARNING - __main__ - Slot 0 (Blumentopf): KEIN Icon gefunden in item_icons! Zeichne Text.
2025-04-14 12:57:42 - WARNING - __main__ - Slot 1 (Sack Erde): KEIN Icon gefunden in item_icons! Zeichne Text.
2025-04-14 12:57:42 - WARNING - __main__ - Slot 2 (Weed Seeds): KEIN Icon gefunden in item_icons! Zeichne Text.
2025-04-14 12:57:42 - WARNING - __main__ - Slot 0 (Blumentopf): KEIN Icon gefunden in item_icons! Zeichne Text.
2025-04-14 12:57:42 - WARNING - __main__ - Slot 1 (Sack Erde): KEIN Icon gefunden in item_icons! Zeichne Text.
2025-04-14 12:57:42 - WARNING - __main__ - Slot 2 (Weed Seeds): KEIN Icon gefunden in item_icons! Zeichne Text.
2025-04-14 12:57:42 - WARNING - __main__ - Slot 0 (Blumentopf): KEIN Icon gefunden in item_icons! Zeichne Text.
2025-04-14 12:57:42 - WARNING - __main__ - Slot 1 (Sack Erde): KEIN Icon gefunden in item_icons! Zeichne Text.
2025-04-14 12:57:42 - WARNING - __main__ - Slot 2 (Weed Seeds): KEIN Icon gefunden in item_icons! Zeichne Text.
2025-04-14 12:57:42 - WARNING - __main__ - Slot 0 (Blumentopf): KEIN Icon gefunden in item_icons! Zeichne Text.
2025-04-14 12:57:42 - WARNING - __main__ - Slot 1 (Sack Erde): KEIN Icon gefunden in item_icons! Zeichne Text.
2025-04-14 12:57:42 - WARNING - __main__ - Slot 2 (Weed Seeds): KEIN Icon gefunden in item_icons! Zeichne Text.
2025-04-14 12:57:42 - WARNING - __main__ - Slot 0 (Blumentopf): KEIN Icon gefunden in item_icons! Zeichne Text.
2025-04-14 12:57:42 - WARNING - __main__ - Slot 1 (Sack Erde): KEIN Icon gefunden in item_icons! Zeichne Text.
2025-04-14 12:57:42 - WARNING - __main__ - Slot 2 (Weed Seeds): KEIN Icon gefunden in item_icons! Zeichne Text.
2025-04-14 12:57:42 - WARNING - __main__ - Slot 0 (Blumentopf): KEIN Icon gefunden in item_icons! Zeichne Text.
2025-04-14 12:57:42 - WARNING - __main__ - Slot 1 (Sack Erde): KEIN Icon gefunden in item_icons! Zeichne Text.
2025-04-14 12:57:42 - WARNING - __main__ - Slot 2 (Weed Seeds): KEIN Icon gefunden in item_icons! Zeichne Text.
2025-04-14 12:57:42 - WARNING - __main__ - Slot 0 (Blumentopf): KEIN Icon gefunden in item_icons! Zeichne Text.
2025-04-14 12:57:42 - WARNING - __main__ - Slot 1 (Sack Erde): KEIN Icon gefunden in item_icons! Zeichne Text.
2025-04-14 12:57:42 - WARNING - __main__ - Slot 2 (Weed Seeds): KEIN Icon gefunden in item_icons! Zeichne Text.
2025-04-14 12:57:42 - WARNING - __main__ - Slot 0 (Blumentopf): KEIN Icon gefunden in item_icons! Zeichne Text.
2025-04-14 12:57:42 - WARNING - __main__ - Slot 1 (Sack Erde): KEIN Icon gefunden in item_icons! Zeichne Text.
2025-04-14 12:57:42 - WARNING - __main__ - Slot 2 (Weed Seeds): KEIN Icon gefunden in item_icons! Zeichne Text.
2025-04-14 12:57:42 - WARNING - __main__ - Slot 0 (Blumentopf): KEIN Icon gefunden in item_icons! Zeichne Text.
2025-04-14 12:57:42 - WARNING - __main__ - Slot 1 (Sack Erde): KEIN Icon gefunden in item_icons! Zeichne Text.
2025-04-14 12:57:42 - WARNING - __main__ - Slot 2 (Weed Seeds): KEIN Icon gefunden in item_icons! Zeichne Text.
2025-04-14 12:57:42 - WARNING - __main__ - Slot 0 (Blumentopf): KEIN Icon gefunden in item_icons! Zeichne Text.
2025-04-14 12:57:42 - WARNING - __main__ - Slot 1 (Sack Erde): KEIN Icon gefunden in item_icons! Zeichne Text.
2025-04-14 12:57:42 - WARNING - __main__ - Slot 2 (Weed Seeds): KEIN Icon gefunden in item_icons! Zeichne Text.
2025-04-14 12:57:42 - WARNING - __main__ - Slot 0 (Blumentopf): KEIN Icon gefunden in item_icons! Zeichne Text.
2025-04-14 12:57:42 - WARNING - __main__ - Slot 1 (Sack Erde): KEIN Icon gefunden in item_icons! Zeichne Text.
2025-04-14 12:57:42 - WARNING - __main__ - Slot 2 (Weed Seeds): KEIN Icon gefunden in item_icons! Zeichne Text.
2025-04-14 12:57:42 - WARNING - __main__ - Slot 0 (Blumentopf): KEIN Icon gefunden in item_icons! Zeichne Text.
2025-04-14 12:57:42 - WARNING - __main__ - Slot 1 (Sack Erde): KEIN Icon gefunden in item_icons! Zeichne Text.
2025-04-14 12:57:42 - WARNING - __main__ - Slot 2 (Weed Seeds): KEIN Icon gefunden in item_icons! Zeichne Text.
2025-04-14 12:57:42 - WARNING - __main__ - Slot 0 (Blumentopf): KEIN Icon gefunden in item_icons! Zeichne Text.
2025-04-14 12:57:42 - WARNING - __main__ - Slot 1 (Sack Erde): KEIN Icon gefunden in item_icons! Zeichne Text.
2025-04-14 12:57:42 - WARNING - __main__ - Slot 2 (Weed Seeds): KEIN Icon gefunden in item_icons! Zeichne Text.
2025-04-14 12:57:42 - WARNING - __main__ - Slot 0 (Blumentopf): KEIN Icon gefunden in item_icons! Zeichne Text.
2025-04-14 12:57:42 - WARNING - __main__ - Slot 1 (Sack Erde): KEIN Icon gefunden in item_icons! Zeichne Text.
2025-04-14 12:57:42 - WARNING - __main__ - Slot 2 (Weed Seeds): KEIN Icon gefunden in item_icons! Zeichne Text.
2025-04-14 12:57:43 - WARNING - __main__ - Slot 0 (Blumentopf): KEIN Icon gefunden in item_icons! Zeichne Text.
2025-04-14 12:57:43 - WARNING - __main__ - Slot 1 (Sack Erde): KEIN Icon gefunden in item_icons! Zeichne Text.
2025-04-14 12:57:43 - WARNING - __main__ - Slot 2 (Weed Seeds): KEIN Icon gefunden in item_icons! Zeichne Text.
2025-04-14 12:57:43 - WARNING - __main__ - Slot 0 (Blumentopf): KEIN Icon gefunden in item_icons! Zeichne Text.
2025-04-14 12:57:43 - WARNING - __main__ - Slot 1 (Sack Erde): KEIN Icon gefunden in item_icons! Zeichne Text.
2025-04-14 12:57:43 - WARNING - __main__ - Slot 2 (Weed Seeds): KEIN Icon gefunden in item_icons! Zeichne Text.
2025-04-14 12:57:43 - WARNING - __main__ - Slot 0 (Blumentopf): KEIN Icon gefunden in item_icons! Zeichne Text.
2025-04-14 12:57:43 - WARNING - __main__ - Slot 1 (Sack Erde): KEIN Icon gefunden in item_icons! Zeichne Text.
2025-04-14 12:57:43 - WARNING - __main__ - Slot 2 (Weed Seeds): KEIN Icon gefunden in item_icons! Zeichne Text.
2025-04-14 12:57:43 - WARNING - __main__ - Slot 0 (Blumentopf): KEIN Icon gefunden in item_icons! Zeichne Text.
2025-04-14 12:57:43 - WARNING - __main__ - Slot 1 (Sack Erde): KEIN Icon gefunden in item_icons! Zeichne Text.
2025-04-14 12:57:43 - WARNING - __main__ - Slot 2 (Weed Seeds): KEIN Icon gefunden in item_icons! Zeichne Text.
2025-04-14 12:57:43 - WARNING - __main__ - Slot 0 (Blumentopf): KEIN Icon gefunden in item_icons! Zeichne Text.
2025-04-14 12:57:43 - WARNING - __main__ - Slot 1 (Sack Erde): KEIN Icon gefunden in item_icons! Zeichne Text.
2025-04-14 12:57:43 - WARNING - __main__ - Slot 2 (Weed Seeds): KEIN Icon gefunden in item_icons! Zeichne Text.
2025-04-14 12:57:43 - WARNING - __main__ - Slot 0 (Blumentopf): KEIN Icon gefunden in item_icons! Zeichne Text.
2025-04-14 12:57:43 - WARNING - __main__ - Slot 1 (Sack Erde): KEIN Icon gefunden in item_icons! Zeichne Text.
2025-04-14 12:57:43 - WARNING - __main__ - Slot 2 (Weed Seeds): KEIN Icon gefunden in item_icons! Zeichne Text.
2025-04-14 12:57:43 - WARNING - __main__ - Slot 0 (Blumentopf): KEIN Icon gefunden in item_icons! Zeichne Text.
2025-04-14 12:57:43 - WARNING - __main__ - Slot 1 (Sack Erde): KEIN Icon gefunden in item_icons! Zeichne Text.
2025-04-14 12:57:43 - WARNING - __main__ - Slot 2 (Weed Seeds): KEIN Icon gefunden in item_icons! Zeichne Text.
2025-04-14 12:57:43 - WARNING - __main__ - Slot 0 (Blumentopf): KEIN Icon gefunden in item_icons! Zeichne Text.
2025-04-14 12:57:43 - WARNING - __main__ - Slot 1 (Sack Erde): KEIN Icon gefunden in item_icons! Zeichne Text.
2025-04-14 12:57:43 - WARNING - __main__ - Slot 2 (Weed Seeds): KEIN Icon gefunden in item_icons! Zeichne Text.
2025-04-14 12:57:43 - WARNING - __main__ - Slot 0 (Blumentopf): KEIN Icon gefunden in item_icons! Zeichne Text.
2025-04-14 12:57:43 - WARNING - __main__ - Slot 1 (Sack Erde): KEIN Icon gefunden in item_icons! Zeichne Text.
2025-04-14 12:57:43 - WARNING - __main__ - Slot 2 (Weed Seeds): KEIN Icon gefunden in item_icons! Zeichne Text.
2025-04-14 12:57:43 - WARNING - __main__ - Slot 0 (Blumentopf): KEIN Icon gefunden in item_icons! Zeichne Text.
2025-04-14 12:57:43 - WARNING - __main__ - Slot 1 (Sack Erde): KEIN Icon gefunden in item_icons! Zeichne Text.
2025-04-14 12:57:43 - WARNING - __main__ - Slot 2 (Weed Seeds): KEIN Icon gefunden in item_icons! Zeichne Text.
2025-04-14 12:57:43 - WARNING - __main__ - Slot 0 (Blumentopf): KEIN Icon gefunden in item_icons! Zeichne Text.
2025-04-14 12:57:43 - WARNING - __main__ - Slot 1 (Sack Erde): KEIN Icon gefunden in item_icons! Zeichne Text.
2025-04-14 12:57:43 - WARNING - __main__ - Slot 2 (Weed Seeds): KEIN Icon gefunden in item_icons! Zeichne Text.
2025-04-14 12:57:43 - WARNING - __main__ - Slot 0 (Blumentopf): KEIN Icon gefunden in item_icons! Zeichne Text.
2025-04-14 12:57:43 - WARNING - __main__ - Slot 1 (Sack Erde): KEIN Icon gefunden in item_icons! Zeichne Text.
2025-04-14 12:57:43 - WARNING - __main__ - Slot 2 (Weed Seeds): KEIN Icon gefunden in item_icons! Zeichne Text.
2025-04-14 12:57:43 - WARNING - __main__ - Slot 0 (Blumentopf): KEIN Icon gefunden in item_icons! Zeichne Text.
2025-04-14 12:57:43 - WARNING - __main__ - Slot 1 (Sack Erde): KEIN Icon gefunden in item_icons! Zeichne Text.
2025-04-14 12:57:43 - WARNING - __main__ - Slot 2 (Weed Seeds): KEIN Icon gefunden in item_icons! Zeichne Text.
2025-04-14 12:57:43 - WARNING - __main__ - Slot 0 (Blumentopf): KEIN Icon gefunden in item_icons! Zeichne Text.
2025-04-14 12:57:43 - WARNING - __main__ - Slot 1 (Sack Erde): KEIN Icon gefunden in item_icons! Zeichne Text.
2025-04-14 12:57:43 - WARNING - __main__ - Slot 2 (Weed Seeds): KEIN Icon gefunden in item_icons! Zeichne Text.
2025-04-14 12:57:43 - WARNING - __main__ - Slot 0 (Blumentopf): KEIN Icon gefunden in item_icons! Zeichne Text.
2025-04-14 12:57:43 - WARNING - __main__ - Slot 1 (Sack Erde): KEIN Icon gefunden in item_icons! Zeichne Text.
2025-04-14 12:57:43 - WARNING - __main__ - Slot 2 (Weed Seeds): KEIN Icon gefunden in item_icons! Zeichne Text.
2025-04-14 12:57:43 - WARNING - __main__ - Slot 0 (Blumentopf): KEIN Icon gefunden in item_icons! Zeichne Text.
2025-04-14 12:57:43 - WARNING - __main__ - Slot 1 (Sack Erde): KEIN Icon gefunden in item_icons! Zeichne Text.
2025-04-14 12:57:43 - WARNING - __main__ - Slot 2 (Weed Seeds): KEIN Icon gefunden in item_icons! Zeichne Text.
2025-04-14 12:57:43 - WARNING - __main__ - Slot 0 (Blumentopf): KEIN Icon gefunden in item_icons! Zeichne Text.
2025-04-14 12:57:43 - WARNING - __main__ - Slot 1 (Sack Erde): KEIN Icon gefunden in item_icons! Zeichne Text.
2025-04-14 12:57:43 - WARNING - __main__ - Slot 2 (Weed Seeds): KEIN Icon gefunden in item_icons! Zeichne Text.
2025-04-14 12:57:43 - WARNING - __main__ - Slot 0 (Blumentopf): KEIN Icon gefunden in item_icons! Zeichne Text.
2025-04-14 12:57:43 - WARNING - __main__ - Slot 1 (Sack Erde): KEIN Icon gefunden in item_icons! Zeichne Text.
2025-04-14 12:57:43 - WARNING - __main__ - Slot 2 (Weed Seeds): KEIN Icon gefunden in item_icons! Zeichne Text.
2025-04-14 12:57:43 - WARNING - __main__ - Slot 0 (Blumentopf): KEIN Icon gefunden in item_icons! Zeichne Text.
2025-04-14 12:57:43 - WARNING - __main__ - Slot 1 (Sack Erde): KEIN Icon gefunden in item_icons! Zeichne Text.
2025-04-14 12:57:43 - WARNING - __main__ - Slot 2 (Weed Seeds): KEIN Icon gefunden in item_icons! Zeichne Text.
2025-04-14 12:57:43 - WARNING - __main__ - Slot 0 (Blumentopf): KEIN Icon gefunden in item_icons! Zeichne Text.
2025-04-14 12:57:43 - WARNING - __main__ - Slot 1 (Sack Erde): KEIN Icon gefunden in item_icons! Zeichne Text.
2025-04-14 12:57:43 - WARNING - __main__ - Slot 2 (Weed Seeds): KEIN Icon gefunden in item_icons! Zeichne Text.
2025-04-14 12:57:43 - WARNING - __main__ - Slot 0 (Blumentopf): KEIN Icon gefunden in item_icons! Zeichne Text.
2025-04-14 12:57:43 - WARNING - __main__ - Slot 1 (Sack Erde): KEIN Icon gefunden in item_icons! Zeichne Text.
2025-04-14 12:57:43 - WARNING - __main__ - Slot 2 (Weed Seeds): KEIN Icon gefunden in item_icons! Zeichne Text.
2025-04-14 12:57:43 - WARNING - __main__ - Slot 0 (Blumentopf): KEIN Icon gefunden in item_icons! Zeichne Text.
2025-04-14 12:57:43 - WARNING - __main__ - Slot 1 (Sack Erde): KEIN Icon gefunden in item_icons! Zeichne Text.
2025-04-14 12:57:43 - WARNING - __main__ - Slot 2 (Weed Seeds): KEIN Icon gefunden in item_icons! Zeichne Text.
2025-04-14 12:57:43 - WARNING - __main__ - Slot 0 (Blumentopf): KEIN Icon gefunden in item_icons! Zeichne Text.
2025-04-14 12:57:43 - WARNING - __main__ - Slot 1 (Sack Erde): KEIN Icon gefunden in item_icons! Zeichne Text.
2025-04-14 12:57:43 - WARNING - __main__ - Slot 2 (Weed Seeds): KEIN Icon gefunden in item_icons! Zeichne Text.
2025-04-14 12:57:43 - WARNING - __main__ - Slot 0 (Blumentopf): KEIN Icon gefunden in item_icons! Zeichne Text.
2025-04-14 12:57:43 - WARNING - __main__ - Slot 1 (Sack Erde): KEIN Icon gefunden in item_icons! Zeichne Text.
2025-04-14 12:57:43 - WARNING - __main__ - Slot 2 (Weed Seeds): KEIN Icon gefunden in item_icons! Zeichne Text.
2025-04-14 12:57:43 - WARNING - __main__ - Slot 0 (Blumentopf): KEIN Icon gefunden in item_icons! Zeichne Text.
2025-04-14 12:57:43 - WARNING - __main__ - Slot 1 (Sack Erde): KEIN Icon gefunden in item_icons! Zeichne Text.
2025-04-14 12:57:43 - WARNING - __main__ - Slot 2 (Weed Seeds): KEIN Icon gefunden in item_icons! Zeichne Text.
2025-04-14 12:57:43 - WARNING - __main__ - Slot 0 (Blumentopf): KEIN Icon gefunden in item_icons! Zeichne Text.
2025-04-14 12:57:43 - WARNING - __main__ - Slot 1 (Sack Erde): KEIN Icon gefunden in item_icons! Zeichne Text.
2025-04-14 12:57:43 - WARNING - __main__ - Slot 2 (Weed Seeds): KEIN Icon gefunden in item_icons! Zeichne Text.
2025-04-14 12:57:43 - WARNING - __main__ - Slot 0 (Blumentopf): KEIN Icon gefunden in item_icons! Zeichne Text.
2025-04-14 12:57:43 - WARNING - __main__ - Slot 1 (Sack Erde): KEIN Icon gefunden in item_icons! Zeichne Text.
2025-04-14 12:57:43 - WARNING - __main__ - Slot 2 (Weed Seeds): KEIN Icon gefunden in item_icons! Zeichne Text.
2025-04-14 12:57:43 - WARNING - __main__ - Slot 0 (Blumentopf): KEIN Icon gefunden in item_icons! Zeichne Text.
2025-04-14 12:57:43 - WARNING - __main__ - Slot 1 (Sack Erde): KEIN Icon gefunden in item_icons! Zeichne Text.
2025-04-14 12:57:43 - WARNING - __main__ - Slot 2 (Weed Seeds): KEIN Icon gefunden in item_icons! Zeichne Text.
2025-04-14 12:57:43 - WARNING - __main__ - Slot 0 (Blumentopf): KEIN Icon gefunden in item_icons! Zeichne Text.
2025-04-14 12:57:43 - WARNING - __main__ - Slot 1 (Sack Erde): KEIN Icon gefunden in item_icons! Zeichne Text.
2025-04-14 12:57:43 - WARNING - __main__ - Slot 2 (Weed Seeds): KEIN Icon gefunden in item_icons! Zeichne Text.
2025-04-14 12:57:43 - WARNING - __main__ - Slot 0 (Blumentopf): KEIN Icon gefunden in item_icons! Zeichne Text.
2025-04-14 12:57:43 - WARNING - __main__ - Slot 1 (Sack Erde): KEIN Icon gefunden in item_icons! Zeichne Text.
2025-04-14 12:57:43 - WARNING - __main__ - Slot 2 (Weed Seeds): KEIN Icon gefunden in item_icons! Zeichne Text.
2025-04-14 12:57:43 - WARNING - __main__ - Slot 0 (Blumentopf): KEIN Icon gefunden in item_icons! Zeichne Text.
2025-04-14 12:57:43 - WARNING - __main__ - Slot 1 (Sack Erde): KEIN Icon gefunden in item_icons! Zeichne Text.
2025-04-14 12:57:43 - WARNING - __main__ - Slot 2 (Weed Seeds): KEIN Icon gefunden in item_icons! Zeichne Text.
2025-04-14 12:57:43 - WARNING - __main__ - Slot 0 (Blumentopf): KEIN Icon gefunden in item_icons! Zeichne Text.
2025-04-14 12:57:43 - WARNING - __main__ - Slot 1 (Sack Erde): KEIN Icon gefunden in item_icons! Zeichne Text.
2025-04-14 12:57:43 - WARNING - __main__ - Slot 2 (Weed Seeds): KEIN Icon gefunden in item_icons! Zeichne Text.
2025-04-14 12:57:43 - WARNING - __main__ - Slot 0 (Blumentopf): KEIN Icon gefunden in item_icons! Zeichne Text.
2025-04-14 12:57:43 - WARNING - __main__ - Slot 1 (Sack Erde): KEIN Icon gefunden in item_icons! Zeichne Text.
2025-04-14 12:57:43 - WARNING - __main__ - Slot 2 (Weed Seeds): KEIN Icon gefunden in item_icons! Zeichne Text.
2025-04-14 12:57:43 - WARNING - __main__ - Slot 0 (Blumentopf): KEIN Icon gefunden in item_icons! Zeichne Text.
2025-04-14 12:57:43 - WARNING - __main__ - Slot 1 (Sack Erde): KEIN Icon gefunden in item_icons! Zeichne Text.
2025-04-14 12:57:43 - WARNING - __main__ - Slot 2 (Weed Seeds): KEIN Icon gefunden in item_icons! Zeichne Text.
2025-04-14 12:57:43 - WARNING - __main__ - Slot 0 (Blumentopf): KEIN Icon gefunden in item_icons! Zeichne Text.
2025-04-14 12:57:43 - WARNING - __main__ - Slot 1 (Sack Erde): KEIN Icon gefunden in item_icons! Zeichne Text.
2025-04-14 12:57:43 - WARNING - __main__ - Slot 2 (Weed Seeds): KEIN Icon gefunden in item_icons! Zeichne Text.
2025-04-14 12:57:43 - WARNING - __main__ - Slot 0 (Blumentopf): KEIN Icon gefunden in item_icons! Zeichne Text.
2025-04-14 12:57:43 - WARNING - __main__ - Slot 1 (Sack Erde): KEIN Icon gefunden in item_icons! Zeichne Text.
2025-04-14 12:57:43 - WARNING - __main__ - Slot 2 (Weed Seeds): KEIN Icon gefunden in item_icons! Zeichne Text.
2025-04-14 12:57:43 - WARNING - __main__ - Slot 0 (Blumentopf): KEIN Icon gefunden in item_icons! Zeichne Text.
2025-04-14 12:57:43 - WARNING - __main__ - Slot 1 (Sack Erde): KEIN Icon gefunden in item_icons! Zeichne Text.
2025-04-14 12:57:43 - WARNING - __main__ - Slot 2 (Weed Seeds): KEIN Icon gefunden in item_icons! Zeichne Text.
2025-04-14 12:57:43 - WARNING - __main__ - Slot 0 (Blumentopf): KEIN Icon gefunden in item_icons! Zeichne Text.
2025-04-14 12:57:43 - WARNING - __main__ - Slot 1 (Sack Erde): KEIN Icon gefunden in item_icons! Zeichne Text.
2025-04-14 12:57:43 - WARNING - __main__ - Slot 2 (Weed Seeds): KEIN Icon gefunden in item_icons! Zeichne Text.
2025-04-14 12:57:43 - WARNING - __main__ - Slot 0 (Blumentopf): KEIN Icon gefunden in item_icons! Zeichne Text.
2025-04-14 12:57:43 - WARNING - __main__ - Slot 1 (Sack Erde): KEIN Icon gefunden in item_icons! Zeichne Text.
2025-04-14 12:57:43 - WARNING - __main__ - Slot 2 (Weed Seeds): KEIN Icon gefunden in item_icons! Zeichne Text.
2025-04-14 12:57:43 - WARNING - __main__ - Slot 0 (Blumentopf): KEIN Icon gefunden in item_icons! Zeichne Text.
2025-04-14 12:57:43 - WARNING - __main__ - Slot 1 (Sack Erde): KEIN Icon gefunden in item_icons! Zeichne Text.
2025-04-14 12:57:43 - WARNING - __main__ - Slot 2 (Weed Seeds): KEIN Icon gefunden in item_icons! Zeichne Text.
2025-04-14 12:57:43 - WARNING - __main__ - Slot 0 (Blumentopf): KEIN Icon gefunden in item_icons! Zeichne Text.
2025-04-14 12:57:43 - WARNING - __main__ - Slot 1 (Sack Erde): KEIN Icon gefunden in item_icons! Zeichne Text.
2025-04-14 12:57:43 - WARNING - __main__ - Slot 2 (Weed Seeds): KEIN Icon gefunden in item_icons! Zeichne Text.
2025-04-14 12:57:43 - WARNING - __main__ - Slot 0 (Blumentopf): KEIN Icon gefunden in item_icons! Zeichne Text.
2025-04-14 12:57:43 - WARNING - __main__ - Slot 1 (Sack Erde): KEIN Icon gefunden in item_icons! Zeichne Text.
2025-04-14 12:57:43 - WARNING - __main__ - Slot 2 (Weed Seeds): KEIN Icon gefunden in item_icons! Zeichne Text.
2025-04-14 12:57:43 - WARNING - __main__ - Slot 0 (Blumentopf): KEIN Icon gefunden in item_icons! Zeichne Text.
2025-04-14 12:57:43 - WARNING - __main__ - Slot 1 (Sack Erde): KEIN Icon gefunden in item_icons! Zeichne Text.
2025-04-14 12:57:43 - WARNING - __main__ - Slot 2 (Weed Seeds): KEIN Icon gefunden in item_icons! Zeichne Text.
2025-04-14 12:57:43 - WARNING - __main__ - Slot 0 (Blumentopf): KEIN Icon gefunden in item_icons! Zeichne Text.
2025-04-14 12:57:43 - WARNING - __main__ - Slot 1 (Sack Erde): KEIN Icon gefunden in item_icons! Zeichne Text.
2025-04-14 12:57:43 - WARNING - __main__ - Slot 2 (Weed Seeds): KEIN Icon gefunden in item_icons! Zeichne Text.
2025-04-14 12:57:43 - WARNING - __main__ - Slot 0 (Blumentopf): KEIN Icon gefunden in item_icons! Zeichne Text.
2025-04-14 12:57:43 - WARNING - __main__ - Slot 1 (Sack Erde): KEIN Icon gefunden in item_icons! Zeichne Text.
2025-04-14 12:57:43 - WARNING - __main__ - Slot 2 (Weed Seeds): KEIN Icon gefunden in item_icons! Zeichne Text.
2025-04-14 12:57:43 - WARNING - __main__ - Slot 0 (Blumentopf): KEIN Icon gefunden in item_icons! Zeichne Text.
2025-04-14 12:57:43 - WARNING - __main__ - Slot 1 (Sack Erde): KEIN Icon gefunden in item_icons! Zeichne Text.
2025-04-14 12:57:43 - WARNING - __main__ - Slot 2 (Weed Seeds): KEIN Icon gefunden in item_icons! Zeichne Text.
2025-04-14 12:57:43 - WARNING - __main__ - Slot 0 (Blumentopf): KEIN Icon gefunden in item_icons! Zeichne Text.
2025-04-14 12:57:43 - WARNING - __main__ - Slot 1 (Sack Erde): KEIN Icon gefunden in item_icons! Zeichne Text.
2025-04-14 12:57:43 - WARNING - __main__ - Slot 2 (Weed Seeds): KEIN Icon gefunden in item_icons! Zeichne Text.
2025-04-14 12:57:43 - WARNING - __main__ - Slot 0 (Blumentopf): KEIN Icon gefunden in item_icons! Zeichne Text.
2025-04-14 12:57:43 - WARNING - __main__ - Slot 1 (Sack Erde): KEIN Icon gefunden in item_icons! Zeichne Text.
2025-04-14 12:57:43 - WARNING - __main__ - Slot 2 (Weed Seeds): KEIN Icon gefunden in item_icons! Zeichne Text.
2025-04-14 12:57:43 - WARNING - __main__ - Slot 0 (Blumentopf): KEIN Icon gefunden in item_icons! Zeichne Text.
2025-04-14 12:57:43 - WARNING - __main__ - Slot 1 (Sack Erde): KEIN Icon gefunden in item_icons! Zeichne Text.
2025-04-14 12:57:43 - WARNING - __main__ - Slot 2 (Weed Seeds): KEIN Icon gefunden in item_icons! Zeichne Text.
2025-04-14 12:57:43 - WARNING - __main__ - Slot 0 (Blumentopf): KEIN Icon gefunden in item_icons! Zeichne Text.
2025-04-14 12:57:43 - WARNING - __main__ - Slot 1 (Sack Erde): KEIN Icon gefunden in item_icons! Zeichne Text.
2025-04-14 12:57:43 - WARNING - __main__ - Slot 2 (Weed Seeds): KEIN Icon gefunden in item_icons! Zeichne Text.
2025-04-14 12:57:43 - WARNING - __main__ - Slot 0 (Blumentopf): KEIN Icon gefunden in item_icons! Zeichne Text.
2025-04-14 12:57:43 - WARNING - __main__ - Slot 1 (Sack Erde): KEIN Icon gefunden in item_icons! Zeichne Text.
2025-04-14 12:57:43 - WARNING - __main__ - Slot 2 (Weed Seeds): KEIN Icon gefunden in item_icons! Zeichne Text.
2025-04-14 12:57:43 - WARNING - __main__ - Slot 0 (Blumentopf): KEIN Icon gefunden in item_icons! Zeichne Text.
2025-04-14 12:57:43 - WARNING - __main__ - Slot 1 (Sack Erde): KEIN Icon gefunden in item_icons! Zeichne Text.
2025-04-14 12:57:43 - WARNING - __main__ - Slot 2 (Weed Seeds): KEIN Icon gefunden in item_icons! Zeichne Text.
2025-04-14 12:57:43 - WARNING - __main__ - Slot 0 (Blumentopf): KEIN Icon gefunden in item_icons! Zeichne Text.
2025-04-14 12:57:43 - WARNING - __main__ - Slot 1 (Sack Erde): KEIN Icon gefunden in item_icons! Zeichne Text.
2025-04-14 12:57:43 - WARNING - __main__ - Slot 2 (Weed Seeds): KEIN Icon gefunden in item_icons! Zeichne Text.
2025-04-14 12:57:43 - WARNING - __main__ - Slot 0 (Blumentopf): KEIN Icon gefunden in item_icons! Zeichne Text.
2025-04-14 12:57:43 - WARNING - __main__ - Slot 1 (Sack Erde): KEIN Icon gefunden in item_icons! Zeichne Text.
2025-04-14 12:57:43 - WARNING - __main__ - Slot 2 (Weed Seeds): KEIN Icon gefunden in item_icons! Zeichne Text.
2025-04-14 12:57:43 - WARNING - __main__ - Slot 0 (Blumentopf): KEIN Icon gefunden in item_icons! Zeichne Text.
2025-04-14 12:57:43 - WARNING - __main__ - Slot 1 (Sack Erde): KEIN Icon gefunden in item_icons! Zeichne Text.
2025-04-14 12:57:43 - WARNING - __main__ - Slot 2 (Weed Seeds): KEIN Icon gefunden in item_icons! Zeichne Text.
2025-04-14 12:57:43 - WARNING - __main__ - Slot 0 (Blumentopf): KEIN Icon gefunden in item_icons! Zeichne Text.
2025-04-14 12:57:43 - WARNING - __main__ - Slot 1 (Sack Erde): KEIN Icon gefunden in item_icons! Zeichne Text.
2025-04-14 12:57:43 - WARNING - __main__ - Slot 2 (Weed Seeds): KEIN Icon gefunden in item_icons! Zeichne Text.
2025-04-14 12:57:43 - WARNING - __main__ - Slot 0 (Blumentopf): KEIN Icon gefunden in item_icons! Zeichne Text.
2025-04-14 12:57:43 - WARNING - __main__ - Slot 1 (Sack Erde): KEIN Icon gefunden in item_icons! Zeichne Text.
2025-04-14 12:57:43 - WARNING - __main__ - Slot 2 (Weed Seeds): KEIN Icon gefunden in item_icons! Zeichne Text.
2025-04-14 12:57:43 - WARNING - __main__ - Slot 0 (Blumentopf): KEIN Icon gefunden in item_icons! Zeichne Text.
2025-04-14 12:57:43 - WARNING - __main__ - Slot 1 (Sack Erde): KEIN Icon gefunden in item_icons! Zeichne Text.
2025-04-14 12:57:43 - WARNING - __main__ - Slot 2 (Weed Seeds): KEIN Icon gefunden in item_icons! Zeichne Text.
2025-04-14 12:57:43 - WARNING - __main__ - Slot 0 (Blumentopf): KEIN Icon gefunden in item_icons! Zeichne Text.
2025-04-14 12:57:43 - WARNING - __main__ - Slot 1 (Sack Erde): KEIN Icon gefunden in item_icons! Zeichne Text.
2025-04-14 12:57:43 - WARNING - __main__ - Slot 2 (Weed Seeds): KEIN Icon gefunden in item_icons! Zeichne Text.
2025-04-14 12:57:43 - WARNING - __main__ - Slot 0 (Blumentopf): KEIN Icon gefunden in item_icons! Zeichne Text.
2025-04-14 12:57:43 - WARNING - __main__ - Slot 1 (Sack Erde): KEIN Icon gefunden in item_icons! Zeichne Text.
2025-04-14 12:57:43 - WARNING - __main__ - Slot 2 (Weed Seeds): KEIN Icon gefunden in item_icons! Zeichne Text.
2025-04-14 12:57:43 - WARNING - __main__ - Slot 0 (Blumentopf): KEIN Icon gefunden in item_icons! Zeichne Text.
2025-04-14 12:57:43 - WARNING - __main__ - Slot 1 (Sack Erde): KEIN Icon gefunden in item_icons! Zeichne Text.
2025-04-14 12:57:43 - WARNING - __main__ - Slot 2 (Weed Seeds): KEIN Icon gefunden in item_icons! Zeichne Text.
2025-04-14 12:57:44 - WARNING - __main__ - Slot 0 (Blumentopf): KEIN Icon gefunden in item_icons! Zeichne Text.
2025-04-14 12:57:44 - WARNING - __main__ - Slot 1 (Sack Erde): KEIN Icon gefunden in item_icons! Zeichne Text.
2025-04-14 12:57:44 - WARNING - __main__ - Slot 2 (Weed Seeds): KEIN Icon gefunden in item_icons! Zeichne Text.
2025-04-14 12:57:44 - WARNING - __main__ - Slot 0 (Blumentopf): KEIN Icon gefunden in item_icons! Zeichne Text.
2025-04-14 12:57:44 - WARNING - __main__ - Slot 1 (Sack Erde): KEIN Icon gefunden in item_icons! Zeichne Text.
2025-04-14 12:57:44 - WARNING - __main__ - Slot 2 (Weed Seeds): KEIN Icon gefunden in item_icons! Zeichne Text.
2025-04-14 12:57:44 - WARNING - __main__ - Slot 0 (Blumentopf): KEIN Icon gefunden in item_icons! Zeichne Text.
2025-04-14 12:57:44 - WARNING - __main__ - Slot 1 (Sack Erde): KEIN Icon gefunden in item_icons! Zeichne Text.
2025-04-14 12:57:44 - WARNING - __main__ - Slot 2 (Weed Seeds): KEIN Icon gefunden in item_icons! Zeichne Text.
2025-04-14 12:57:44 - WARNING - __main__ - Slot 0 (Blumentopf): KEIN Icon gefunden in item_icons! Zeichne Text.
2025-04-14 12:57:44 - WARNING - __main__ - Slot 1 (Sack Erde): KEIN Icon gefunden in item_icons! Zeichne Text.
2025-04-14 12:57:44 - WARNING - __main__ - Slot 2 (Weed Seeds): KEIN Icon gefunden in item_icons! Zeichne Text.
2025-04-14 12:57:44 - WARNING - __main__ - Slot 0 (Blumentopf): KEIN Icon gefunden in item_icons! Zeichne Text.
2025-04-14 12:57:44 - WARNING - __main__ - Slot 1 (Sack Erde): KEIN Icon gefunden in item_icons! Zeichne Text.
2025-04-14 12:57:44 - WARNING - __main__ - Slot 2 (Weed Seeds): KEIN Icon gefunden in item_icons! Zeichne Text.
2025-04-14 12:57:44 - WARNING - __main__ - Slot 0 (Blumentopf): KEIN Icon gefunden in item_icons! Zeichne Text.
2025-04-14 12:57:44 - WARNING - __main__ - Slot 1 (Sack Erde): KEIN Icon gefunden in item_icons! Zeichne Text.
2025-04-14 12:57:44 - WARNING - __main__ - Slot 2 (Weed Seeds): KEIN Icon gefunden in item_icons! Zeichne Text.
2025-04-14 12:57:44 - WARNING - __main__ - Slot 0 (Blumentopf): KEIN Icon gefunden in item_icons! Zeichne Text.
2025-04-14 12:57:44 - WARNING - __main__ - Slot 1 (Sack Erde): KEIN Icon gefunden in item_icons! Zeichne Text.
2025-04-14 12:57:44 - WARNING - __main__ - Slot 2 (Weed Seeds): KEIN Icon gefunden in item_icons! Zeichne Text.
2025-04-14 12:57:44 - WARNING - __main__ - Slot 0 (Blumentopf): KEIN Icon gefunden in item_icons! Zeichne Text.
2025-04-14 12:57:44 - WARNING - __main__ - Slot 1 (Sack Erde): KEIN Icon gefunden in item_icons! Zeichne Text.
2025-04-14 12:57:44 - WARNING - __main__ - Slot 2 (Weed Seeds): KEIN Icon gefunden in item_icons! Zeichne Text.
2025-04-14 12:57:44 - WARNING - __main__ - Slot 0 (Blumentopf): KEIN Icon gefunden in item_icons! Zeichne Text.
2025-04-14 12:57:44 - WARNING - __main__ - Slot 1 (Sack Erde): KEIN Icon gefunden in item_icons! Zeichne Text.
2025-04-14 12:57:44 - WARNING - __main__ - Slot 2 (Weed Seeds): KEIN Icon gefunden in item_icons! Zeichne Text.
2025-04-14 12:57:44 - WARNING - __main__ - Slot 0 (Blumentopf): KEIN Icon gefunden in item_icons! Zeichne Text.
2025-04-14 12:57:44 - WARNING - __main__ - Slot 1 (Sack Erde): KEIN Icon gefunden in item_icons! Zeichne Text.
2025-04-14 12:57:44 - WARNING - __main__ - Slot 2 (Weed Seeds): KEIN Icon gefunden in item_icons! Zeichne Text.
2025-04-14 12:57:44 - WARNING - __main__ - Slot 0 (Blumentopf): KEIN Icon gefunden in item_icons! Zeichne Text.
2025-04-14 12:57:44 - WARNING - __main__ - Slot 1 (Sack Erde): KEIN Icon gefunden in item_icons! Zeichne Text.
2025-04-14 12:57:44 - WARNING - __main__ - Slot 2 (Weed Seeds): KEIN Icon gefunden in item_icons! Zeichne Text.
2025-04-14 12:57:44 - WARNING - __main__ - Slot 0 (Blumentopf): KEIN Icon gefunden in item_icons! Zeichne Text.
2025-04-14 12:57:44 - WARNING - __main__ - Slot 1 (Sack Erde): KEIN Icon gefunden in item_icons! Zeichne Text.
2025-04-14 12:57:44 - WARNING - __main__ - Slot 2 (Weed Seeds): KEIN Icon gefunden in item_icons! Zeichne Text.
2025-04-14 12:57:44 - WARNING - __main__ - Slot 0 (Blumentopf): KEIN Icon gefunden in item_icons! Zeichne Text.
2025-04-14 12:57:44 - WARNING - __main__ - Slot 1 (Sack Erde): KEIN Icon gefunden in item_icons! Zeichne Text.
2025-04-14 12:57:44 - WARNING - __main__ - Slot 2 (Weed Seeds): KEIN Icon gefunden in item_icons! Zeichne Text.
2025-04-14 12:57:44 - WARNING - __main__ - Slot 0 (Blumentopf): KEIN Icon gefunden in item_icons! Zeichne Text.
2025-04-14 12:57:44 - WARNING - __main__ - Slot 1 (Sack Erde): KEIN Icon gefunden in item_icons! Zeichne Text.
2025-04-14 12:57:44 - WARNING - __main__ - Slot 2 (Weed Seeds): KEIN Icon gefunden in item_icons! Zeichne Text.
2025-04-14 12:57:44 - WARNING - __main__ - Slot 0 (Blumentopf): KEIN Icon gefunden in item_icons! Zeichne Text.
2025-04-14 12:57:44 - WARNING - __main__ - Slot 1 (Sack Erde): KEIN Icon gefunden in item_icons! Zeichne Text.
2025-04-14 12:57:44 - WARNING - __main__ - Slot 2 (Weed Seeds): KEIN Icon gefunden in item_icons! Zeichne Text.
2025-04-14 12:57:44 - WARNING - __main__ - Slot 0 (Blumentopf): KEIN Icon gefunden in item_icons! Zeichne Text.
2025-04-14 12:57:44 - WARNING - __main__ - Slot 1 (Sack Erde): KEIN Icon gefunden in item_icons! Zeichne Text.
2025-04-14 12:57:44 - WARNING - __main__ - Slot 2 (Weed Seeds): KEIN Icon gefunden in item_icons! Zeichne Text.
2025-04-14 12:57:44 - WARNING - __main__ - Slot 0 (Blumentopf): KEIN Icon gefunden in item_icons! Zeichne Text.
2025-04-14 12:57:44 - WARNING - __main__ - Slot 1 (Sack Erde): KEIN Icon gefunden in item_icons! Zeichne Text.
2025-04-14 12:57:44 - WARNING - __main__ - Slot 2 (Weed Seeds): KEIN Icon gefunden in item_icons! Zeichne Text.
2025-04-14 12:57:44 - WARNING - __main__ - Slot 0 (Blumentopf): KEIN Icon gefunden in item_icons! Zeichne Text.
2025-04-14 12:57:44 - WARNING - __main__ - Slot 1 (Sack Erde): KEIN Icon gefunden in item_icons! Zeichne Text.
2025-04-14 12:57:44 - WARNING - __main__ - Slot 2 (Weed Seeds): KEIN Icon gefunden in item_icons! Zeichne Text.
2025-04-14 12:57:44 - WARNING - __main__ - Slot 0 (Blumentopf): KEIN Icon gefunden in item_icons! Zeichne Text.
2025-04-14 12:57:44 - WARNING - __main__ - Slot 1 (Sack Erde): KEIN Icon gefunden in item_icons! Zeichne Text.
2025-04-14 12:57:44 - WARNING - __main__ - Slot 2 (Weed Seeds): KEIN Icon gefunden in item_icons! Zeichne Text.
2025-04-14 12:57:44 - WARNING - __main__ - Slot 0 (Blumentopf): KEIN Icon gefunden in item_icons! Zeichne Text.
2025-04-14 12:57:44 - WARNING - __main__ - Slot 1 (Sack Erde): KEIN Icon gefunden in item_icons! Zeichne Text.
2025-04-14 12:57:44 - WARNING - __main__ - Slot 2 (Weed Seeds): KEIN Icon gefunden in item_icons! Zeichne Text.
2025-04-14 12:57:44 - WARNING - __main__ - Slot 0 (Blumentopf): KEIN Icon gefunden in item_icons! Zeichne Text.
2025-04-14 12:57:44 - WARNING - __main__ - Slot 1 (Sack Erde): KEIN Icon gefunden in item_icons! Zeichne Text.
2025-04-14 12:57:44 - WARNING - __main__ - Slot 2 (Weed Seeds): KEIN Icon gefunden in item_icons! Zeichne Text.
2025-04-14 12:57:44 - INFO - inventory - Inv 1349998752832: 1x 'Blumentopf' entfernt. Verbleibend: 2
2025-04-14 12:57:44 - INFO - __main__ - 'Blumentopf' platziert.
2025-04-14 12:57:44 - WARNING - __main__ - Slot 0 (Blumentopf): KEIN Icon gefunden in item_icons! Zeichne Text.
2025-04-14 12:57:44 - WARNING - __main__ - Slot 1 (Sack Erde): KEIN Icon gefunden in item_icons! Zeichne Text.
2025-04-14 12:57:44 - WARNING - __main__ - Slot 2 (Weed Seeds): KEIN Icon gefunden in item_icons! Zeichne Text.
2025-04-14 12:57:44 - WARNING - __main__ - Slot 0 (Blumentopf): KEIN Icon gefunden in item_icons! Zeichne Text.
2025-04-14 12:57:44 - WARNING - __main__ - Slot 1 (Sack Erde): KEIN Icon gefunden in item_icons! Zeichne Text.
2025-04-14 12:57:44 - WARNING - __main__ - Slot 2 (Weed Seeds): KEIN Icon gefunden in item_icons! Zeichne Text.
2025-04-14 12:57:44 - WARNING - __main__ - Slot 0 (Blumentopf): KEIN Icon gefunden in item_icons! Zeichne Text.
2025-04-14 12:57:44 - WARNING - __main__ - Slot 1 (Sack Erde): KEIN Icon gefunden in item_icons! Zeichne Text.
2025-04-14 12:57:44 - WARNING - __main__ - Slot 2 (Weed Seeds): KEIN Icon gefunden in item_icons! Zeichne Text.
2025-04-14 12:57:44 - WARNING - __main__ - Slot 0 (Blumentopf): KEIN Icon gefunden in item_icons! Zeichne Text.
2025-04-14 12:57:44 - WARNING - __main__ - Slot 1 (Sack Erde): KEIN Icon gefunden in item_icons! Zeichne Text.
2025-04-14 12:57:44 - WARNING - __main__ - Slot 2 (Weed Seeds): KEIN Icon gefunden in item_icons! Zeichne Text.
2025-04-14 12:57:44 - WARNING - __main__ - Slot 0 (Blumentopf): KEIN Icon gefunden in item_icons! Zeichne Text.
2025-04-14 12:57:44 - WARNING - __main__ - Slot 1 (Sack Erde): KEIN Icon gefunden in item_icons! Zeichne Text.
2025-04-14 12:57:44 - WARNING - __main__ - Slot 2 (Weed Seeds): KEIN Icon gefunden in item_icons! Zeichne Text.
2025-04-14 12:57:44 - WARNING - __main__ - Slot 0 (Blumentopf): KEIN Icon gefunden in item_icons! Zeichne Text.
2025-04-14 12:57:44 - WARNING - __main__ - Slot 1 (Sack Erde): KEIN Icon gefunden in item_icons! Zeichne Text.
2025-04-14 12:57:44 - WARNING - __main__ - Slot 2 (Weed Seeds): KEIN Icon gefunden in item_icons! Zeichne Text.
2025-04-14 12:57:44 - WARNING - __main__ - Slot 0 (Blumentopf): KEIN Icon gefunden in item_icons! Zeichne Text.
2025-04-14 12:57:44 - WARNING - __main__ - Slot 1 (Sack Erde): KEIN Icon gefunden in item_icons! Zeichne Text.
2025-04-14 12:57:44 - WARNING - __main__ - Slot 2 (Weed Seeds): KEIN Icon gefunden in item_icons! Zeichne Text.
2025-04-14 12:57:44 - WARNING - __main__ - Slot 0 (Blumentopf): KEIN Icon gefunden in item_icons! Zeichne Text.
2025-04-14 12:57:44 - WARNING - __main__ - Slot 1 (Sack Erde): KEIN Icon gefunden in item_icons! Zeichne Text.
2025-04-14 12:57:44 - WARNING - __main__ - Slot 2 (Weed Seeds): KEIN Icon gefunden in item_icons! Zeichne Text.
2025-04-14 12:57:44 - WARNING - __main__ - Slot 0 (Blumentopf): KEIN Icon gefunden in item_icons! Zeichne Text.
2025-04-14 12:57:44 - WARNING - __main__ - Slot 1 (Sack Erde): KEIN Icon gefunden in item_icons! Zeichne Text.
2025-04-14 12:57:44 - WARNING - __main__ - Slot 2 (Weed Seeds): KEIN Icon gefunden in item_icons! Zeichne Text.
2025-04-14 12:57:44 - WARNING - __main__ - Slot 0 (Blumentopf): KEIN Icon gefunden in item_icons! Zeichne Text.
2025-04-14 12:57:44 - WARNING - __main__ - Slot 1 (Sack Erde): KEIN Icon gefunden in item_icons! Zeichne Text.
2025-04-14 12:57:44 - WARNING - __main__ - Slot 2 (Weed Seeds): KEIN Icon gefunden in item_icons! Zeichne Text.
2025-04-14 12:57:44 - WARNING - __main__ - Slot 0 (Blumentopf): KEIN Icon gefunden in item_icons! Zeichne Text.
2025-04-14 12:57:44 - WARNING - __main__ - Slot 1 (Sack Erde): KEIN Icon gefunden in item_icons! Zeichne Text.
2025-04-14 12:57:44 - WARNING - __main__ - Slot 2 (Weed Seeds): KEIN Icon gefunden in item_icons! Zeichne Text.
2025-04-14 12:57:44 - WARNING - __main__ - Slot 0 (Blumentopf): KEIN Icon gefunden in item_icons! Zeichne Text.
2025-04-14 12:57:44 - WARNING - __main__ - Slot 1 (Sack Erde): KEIN Icon gefunden in item_icons! Zeichne Text.
2025-04-14 12:57:44 - WARNING - __main__ - Slot 2 (Weed Seeds): KEIN Icon gefunden in item_icons! Zeichne Text.
2025-04-14 12:57:44 - WARNING - __main__ - Slot 0 (Blumentopf): KEIN Icon gefunden in item_icons! Zeichne Text.
2025-04-14 12:57:44 - WARNING - __main__ - Slot 1 (Sack Erde): KEIN Icon gefunden in item_icons! Zeichne Text.
2025-04-14 12:57:44 - WARNING - __main__ - Slot 2 (Weed Seeds): KEIN Icon gefunden in item_icons! Zeichne Text.
2025-04-14 12:57:44 - WARNING - __main__ - Slot 0 (Blumentopf): KEIN Icon gefunden in item_icons! Zeichne Text.
2025-04-14 12:57:44 - WARNING - __main__ - Slot 1 (Sack Erde): KEIN Icon gefunden in item_icons! Zeichne Text.
2025-04-14 12:57:44 - WARNING - __main__ - Slot 2 (Weed Seeds): KEIN Icon gefunden in item_icons! Zeichne Text.
2025-04-14 12:57:44 - WARNING - __main__ - Slot 0 (Blumentopf): KEIN Icon gefunden in item_icons! Zeichne Text.
2025-04-14 12:57:44 - WARNING - __main__ - Slot 1 (Sack Erde): KEIN Icon gefunden in item_icons! Zeichne Text.
2025-04-14 12:57:44 - WARNING - __main__ - Slot 2 (Weed Seeds): KEIN Icon gefunden in item_icons! Zeichne Text.
2025-04-14 12:57:44 - WARNING - __main__ - Slot 0 (Blumentopf): KEIN Icon gefunden in item_icons! Zeichne Text.
2025-04-14 12:57:44 - WARNING - __main__ - Slot 1 (Sack Erde): KEIN Icon gefunden in item_icons! Zeichne Text.
2025-04-14 12:57:44 - WARNING - __main__ - Slot 2 (Weed Seeds): KEIN Icon gefunden in item_icons! Zeichne Text.
2025-04-14 12:57:44 - WARNING - __main__ - Slot 0 (Blumentopf): KEIN Icon gefunden in item_icons! Zeichne Text.
2025-04-14 12:57:44 - WARNING - __main__ - Slot 1 (Sack Erde): KEIN Icon gefunden in item_icons! Zeichne Text.
2025-04-14 12:57:44 - WARNING - __main__ - Slot 2 (Weed Seeds): KEIN Icon gefunden in item_icons! Zeichne Text.
2025-04-14 12:57:44 - WARNING - __main__ - Slot 0 (Blumentopf): KEIN Icon gefunden in item_icons! Zeichne Text.
2025-04-14 12:57:44 - WARNING - __main__ - Slot 1 (Sack Erde): KEIN Icon gefunden in item_icons! Zeichne Text.
2025-04-14 12:57:44 - WARNING - __main__ - Slot 2 (Weed Seeds): KEIN Icon gefunden in item_icons! Zeichne Text.
2025-04-14 12:57:44 - WARNING - __main__ - Slot 0 (Blumentopf): KEIN Icon gefunden in item_icons! Zeichne Text.
2025-04-14 12:57:44 - WARNING - __main__ - Slot 1 (Sack Erde): KEIN Icon gefunden in item_icons! Zeichne Text.
2025-04-14 12:57:44 - WARNING - __main__ - Slot 2 (Weed Seeds): KEIN Icon gefunden in item_icons! Zeichne Text.
2025-04-14 12:57:44 - WARNING - __main__ - Slot 0 (Blumentopf): KEIN Icon gefunden in item_icons! Zeichne Text.
2025-04-14 12:57:44 - WARNING - __main__ - Slot 1 (Sack Erde): KEIN Icon gefunden in item_icons! Zeichne Text.
2025-04-14 12:57:44 - WARNING - __main__ - Slot 2 (Weed Seeds): KEIN Icon gefunden in item_icons! Zeichne Text.
2025-04-14 12:57:44 - WARNING - __main__ - Slot 0 (Blumentopf): KEIN Icon gefunden in item_icons! Zeichne Text.
2025-04-14 12:57:44 - WARNING - __main__ - Slot 1 (Sack Erde): KEIN Icon gefunden in item_icons! Zeichne Text.
2025-04-14 12:57:44 - WARNING - __main__ - Slot 2 (Weed Seeds): KEIN Icon gefunden in item_icons! Zeichne Text.
2025-04-14 12:57:44 - WARNING - __main__ - Slot 0 (Blumentopf): KEIN Icon gefunden in item_icons! Zeichne Text.
2025-04-14 12:57:44 - WARNING - __main__ - Slot 1 (Sack Erde): KEIN Icon gefunden in item_icons! Zeichne Text.
2025-04-14 12:57:44 - WARNING - __main__ - Slot 2 (Weed Seeds): KEIN Icon gefunden in item_icons! Zeichne Text.
2025-04-14 12:57:44 - WARNING - __main__ - Slot 0 (Blumentopf): KEIN Icon gefunden in item_icons! Zeichne Text.
2025-04-14 12:57:44 - WARNING - __main__ - Slot 1 (Sack Erde): KEIN Icon gefunden in item_icons! Zeichne Text.
2025-04-14 12:57:44 - WARNING - __main__ - Slot 2 (Weed Seeds): KEIN Icon gefunden in item_icons! Zeichne Text.
2025-04-14 12:57:44 - WARNING - __main__ - Slot 0 (Blumentopf): KEIN Icon gefunden in item_icons! Zeichne Text.
2025-04-14 12:57:44 - WARNING - __main__ - Slot 1 (Sack Erde): KEIN Icon gefunden in item_icons! Zeichne Text.
2025-04-14 12:57:44 - WARNING - __main__ - Slot 2 (Weed Seeds): KEIN Icon gefunden in item_icons! Zeichne Text.
2025-04-14 12:57:44 - WARNING - __main__ - Slot 0 (Blumentopf): KEIN Icon gefunden in item_icons! Zeichne Text.
2025-04-14 12:57:44 - WARNING - __main__ - Slot 1 (Sack Erde): KEIN Icon gefunden in item_icons! Zeichne Text.
2025-04-14 12:57:44 - WARNING - __main__ - Slot 2 (Weed Seeds): KEIN Icon gefunden in item_icons! Zeichne Text.
2025-04-14 12:57:44 - WARNING - __main__ - Slot 0 (Blumentopf): KEIN Icon gefunden in item_icons! Zeichne Text.
2025-04-14 12:57:44 - WARNING - __main__ - Slot 1 (Sack Erde): KEIN Icon gefunden in item_icons! Zeichne Text.
2025-04-14 12:57:44 - WARNING - __main__ - Slot 2 (Weed Seeds): KEIN Icon gefunden in item_icons! Zeichne Text.
2025-04-14 12:57:44 - WARNING - __main__ - Slot 0 (Blumentopf): KEIN Icon gefunden in item_icons! Zeichne Text.
2025-04-14 12:57:44 - WARNING - __main__ - Slot 1 (Sack Erde): KEIN Icon gefunden in item_icons! Zeichne Text.
2025-04-14 12:57:44 - WARNING - __main__ - Slot 2 (Weed Seeds): KEIN Icon gefunden in item_icons! Zeichne Text.
2025-04-14 12:57:44 - WARNING - __main__ - Slot 0 (Blumentopf): KEIN Icon gefunden in item_icons! Zeichne Text.
2025-04-14 12:57:44 - WARNING - __main__ - Slot 1 (Sack Erde): KEIN Icon gefunden in item_icons! Zeichne Text.
2025-04-14 12:57:44 - WARNING - __main__ - Slot 2 (Weed Seeds): KEIN Icon gefunden in item_icons! Zeichne Text.
2025-04-14 12:57:44 - WARNING - __main__ - Slot 0 (Blumentopf): KEIN Icon gefunden in item_icons! Zeichne Text.
2025-04-14 12:57:44 - WARNING - __main__ - Slot 1 (Sack Erde): KEIN Icon gefunden in item_icons! Zeichne Text.
2025-04-14 12:57:44 - WARNING - __main__ - Slot 2 (Weed Seeds): KEIN Icon gefunden in item_icons! Zeichne Text.
2025-04-14 12:57:44 - WARNING - __main__ - Slot 0 (Blumentopf): KEIN Icon gefunden in item_icons! Zeichne Text.
2025-04-14 12:57:44 - WARNING - __main__ - Slot 1 (Sack Erde): KEIN Icon gefunden in item_icons! Zeichne Text.
2025-04-14 12:57:44 - WARNING - __main__ - Slot 2 (Weed Seeds): KEIN Icon gefunden in item_icons! Zeichne Text.
2025-04-14 12:57:44 - WARNING - __main__ - Slot 0 (Blumentopf): KEIN Icon gefunden in item_icons! Zeichne Text.
2025-04-14 12:57:44 - WARNING - __main__ - Slot 1 (Sack Erde): KEIN Icon gefunden in item_icons! Zeichne Text.
2025-04-14 12:57:44 - WARNING - __main__ - Slot 2 (Weed Seeds): KEIN Icon gefunden in item_icons! Zeichne Text.
2025-04-14 12:57:44 - WARNING - __main__ - Slot 0 (Blumentopf): KEIN Icon gefunden in item_icons! Zeichne Text.
2025-04-14 12:57:44 - WARNING - __main__ - Slot 1 (Sack Erde): KEIN Icon gefunden in item_icons! Zeichne Text.
2025-04-14 12:57:44 - WARNING - __main__ - Slot 2 (Weed Seeds): KEIN Icon gefunden in item_icons! Zeichne Text.
2025-04-14 12:57:44 - WARNING - __main__ - Slot 0 (Blumentopf): KEIN Icon gefunden in item_icons! Zeichne Text.
2025-04-14 12:57:44 - WARNING - __main__ - Slot 1 (Sack Erde): KEIN Icon gefunden in item_icons! Zeichne Text.
2025-04-14 12:57:44 - WARNING - __main__ - Slot 2 (Weed Seeds): KEIN Icon gefunden in item_icons! Zeichne Text.
2025-04-14 12:57:44 - WARNING - __main__ - Slot 0 (Blumentopf): KEIN Icon gefunden in item_icons! Zeichne Text.
2025-04-14 12:57:44 - WARNING - __main__ - Slot 1 (Sack Erde): KEIN Icon gefunden in item_icons! Zeichne Text.
2025-04-14 12:57:44 - WARNING - __main__ - Slot 2 (Weed Seeds): KEIN Icon gefunden in item_icons! Zeichne Text.
2025-04-14 12:57:44 - WARNING - __main__ - Slot 0 (Blumentopf): KEIN Icon gefunden in item_icons! Zeichne Text.
2025-04-14 12:57:44 - WARNING - __main__ - Slot 1 (Sack Erde): KEIN Icon gefunden in item_icons! Zeichne Text.
2025-04-14 12:57:44 - WARNING - __main__ - Slot 2 (Weed Seeds): KEIN Icon gefunden in item_icons! Zeichne Text.
2025-04-14 12:57:44 - WARNING - __main__ - Slot 0 (Blumentopf): KEIN Icon gefunden in item_icons! Zeichne Text.
2025-04-14 12:57:44 - WARNING - __main__ - Slot 1 (Sack Erde): KEIN Icon gefunden in item_icons! Zeichne Text.
2025-04-14 12:57:44 - WARNING - __main__ - Slot 2 (Weed Seeds): KEIN Icon gefunden in item_icons! Zeichne Text.
2025-04-14 12:57:44 - WARNING - __main__ - Slot 0 (Blumentopf): KEIN Icon gefunden in item_icons! Zeichne Text.
2025-04-14 12:57:44 - WARNING - __main__ - Slot 1 (Sack Erde): KEIN Icon gefunden in item_icons! Zeichne Text.
2025-04-14 12:57:44 - WARNING - __main__ - Slot 2 (Weed Seeds): KEIN Icon gefunden in item_icons! Zeichne Text.
2025-04-14 12:57:44 - WARNING - __main__ - Slot 0 (Blumentopf): KEIN Icon gefunden in item_icons! Zeichne Text.
2025-04-14 12:57:44 - WARNING - __main__ - Slot 1 (Sack Erde): KEIN Icon gefunden in item_icons! Zeichne Text.
2025-04-14 12:57:44 - WARNING - __main__ - Slot 2 (Weed Seeds): KEIN Icon gefunden in item_icons! Zeichne Text.
2025-04-14 12:57:44 - WARNING - __main__ - Slot 0 (Blumentopf): KEIN Icon gefunden in item_icons! Zeichne Text.
2025-04-14 12:57:44 - WARNING - __main__ - Slot 1 (Sack Erde): KEIN Icon gefunden in item_icons! Zeichne Text.
2025-04-14 12:57:44 - WARNING - __main__ - Slot 2 (Weed Seeds): KEIN Icon gefunden in item_icons! Zeichne Text.
2025-04-14 12:57:44 - WARNING - __main__ - Slot 0 (Blumentopf): KEIN Icon gefunden in item_icons! Zeichne Text.
2025-04-14 12:57:44 - WARNING - __main__ - Slot 1 (Sack Erde): KEIN Icon gefunden in item_icons! Zeichne Text.
2025-04-14 12:57:44 - WARNING - __main__ - Slot 2 (Weed Seeds): KEIN Icon gefunden in item_icons! Zeichne Text.
2025-04-14 12:57:45 - WARNING - __main__ - Slot 0 (Blumentopf): KEIN Icon gefunden in item_icons! Zeichne Text.
2025-04-14 12:57:45 - WARNING - __main__ - Slot 1 (Sack Erde): KEIN Icon gefunden in item_icons! Zeichne Text.
2025-04-14 12:57:45 - WARNING - __main__ - Slot 2 (Weed Seeds): KEIN Icon gefunden in item_icons! Zeichne Text.
2025-04-14 12:57:45 - WARNING - __main__ - Slot 0 (Blumentopf): KEIN Icon gefunden in item_icons! Zeichne Text.
2025-04-14 12:57:45 - WARNING - __main__ - Slot 1 (Sack Erde): KEIN Icon gefunden in item_icons! Zeichne Text.
2025-04-14 12:57:45 - WARNING - __main__ - Slot 2 (Weed Seeds): KEIN Icon gefunden in item_icons! Zeichne Text.
2025-04-14 12:57:45 - WARNING - __main__ - Slot 0 (Blumentopf): KEIN Icon gefunden in item_icons! Zeichne Text.
2025-04-14 12:57:45 - WARNING - __main__ - Slot 1 (Sack Erde): KEIN Icon gefunden in item_icons! Zeichne Text.
2025-04-14 12:57:45 - WARNING - __main__ - Slot 2 (Weed Seeds): KEIN Icon gefunden in item_icons! Zeichne Text.
2025-04-14 12:57:45 - WARNING - __main__ - Slot 0 (Blumentopf): KEIN Icon gefunden in item_icons! Zeichne Text.
2025-04-14 12:57:45 - WARNING - __main__ - Slot 1 (Sack Erde): KEIN Icon gefunden in item_icons! Zeichne Text.
2025-04-14 12:57:45 - WARNING - __main__ - Slot 2 (Weed Seeds): KEIN Icon gefunden in item_icons! Zeichne Text.
2025-04-14 12:57:45 - WARNING - __main__ - Slot 0 (Blumentopf): KEIN Icon gefunden in item_icons! Zeichne Text.
2025-04-14 12:57:45 - WARNING - __main__ - Slot 1 (Sack Erde): KEIN Icon gefunden in item_icons! Zeichne Text.
2025-04-14 12:57:45 - WARNING - __main__ - Slot 2 (Weed Seeds): KEIN Icon gefunden in item_icons! Zeichne Text.
2025-04-14 12:57:45 - WARNING - __main__ - Slot 0 (Blumentopf): KEIN Icon gefunden in item_icons! Zeichne Text.
2025-04-14 12:57:45 - WARNING - __main__ - Slot 1 (Sack Erde): KEIN Icon gefunden in item_icons! Zeichne Text.
2025-04-14 12:57:45 - WARNING - __main__ - Slot 2 (Weed Seeds): KEIN Icon gefunden in item_icons! Zeichne Text.
2025-04-14 12:57:45 - WARNING - __main__ - Slot 0 (Blumentopf): KEIN Icon gefunden in item_icons! Zeichne Text.
2025-04-14 12:57:45 - WARNING - __main__ - Slot 1 (Sack Erde): KEIN Icon gefunden in item_icons! Zeichne Text.
2025-04-14 12:57:45 - WARNING - __main__ - Slot 2 (Weed Seeds): KEIN Icon gefunden in item_icons! Zeichne Text.
2025-04-14 12:57:45 - WARNING - __main__ - Slot 0 (Blumentopf): KEIN Icon gefunden in item_icons! Zeichne Text.
2025-04-14 12:57:45 - WARNING - __main__ - Slot 1 (Sack Erde): KEIN Icon gefunden in item_icons! Zeichne Text.
2025-04-14 12:57:45 - WARNING - __main__ - Slot 2 (Weed Seeds): KEIN Icon gefunden in item_icons! Zeichne Text.
2025-04-14 12:57:45 - WARNING - __main__ - Slot 0 (Blumentopf): KEIN Icon gefunden in item_icons! Zeichne Text.
2025-04-14 12:57:45 - WARNING - __main__ - Slot 1 (Sack Erde): KEIN Icon gefunden in item_icons! Zeichne Text.
2025-04-14 12:57:45 - WARNING - __main__ - Slot 2 (Weed Seeds): KEIN Icon gefunden in item_icons! Zeichne Text.
2025-04-14 12:57:45 - WARNING - __main__ - Slot 0 (Blumentopf): KEIN Icon gefunden in item_icons! Zeichne Text.
2025-04-14 12:57:45 - WARNING - __main__ - Slot 1 (Sack Erde): KEIN Icon gefunden in item_icons! Zeichne Text.
2025-04-14 12:57:45 - WARNING - __main__ - Slot 2 (Weed Seeds): KEIN Icon gefunden in item_icons! Zeichne Text.
2025-04-14 12:57:45 - WARNING - __main__ - Slot 0 (Blumentopf): KEIN Icon gefunden in item_icons! Zeichne Text.
2025-04-14 12:57:45 - WARNING - __main__ - Slot 1 (Sack Erde): KEIN Icon gefunden in item_icons! Zeichne Text.
2025-04-14 12:57:45 - WARNING - __main__ - Slot 2 (Weed Seeds): KEIN Icon gefunden in item_icons! Zeichne Text.
2025-04-14 12:57:45 - WARNING - __main__ - Slot 0 (Blumentopf): KEIN Icon gefunden in item_icons! Zeichne Text.
2025-04-14 12:57:45 - WARNING - __main__ - Slot 1 (Sack Erde): KEIN Icon gefunden in item_icons! Zeichne Text.
2025-04-14 12:57:45 - WARNING - __main__ - Slot 2 (Weed Seeds): KEIN Icon gefunden in item_icons! Zeichne Text.
2025-04-14 12:57:45 - WARNING - __main__ - Slot 0 (Blumentopf): KEIN Icon gefunden in item_icons! Zeichne Text.
2025-04-14 12:57:45 - WARNING - __main__ - Slot 1 (Sack Erde): KEIN Icon gefunden in item_icons! Zeichne Text.
2025-04-14 12:57:45 - WARNING - __main__ - Slot 2 (Weed Seeds): KEIN Icon gefunden in item_icons! Zeichne Text.
2025-04-14 12:57:45 - WARNING - __main__ - Slot 0 (Blumentopf): KEIN Icon gefunden in item_icons! Zeichne Text.
2025-04-14 12:57:45 - WARNING - __main__ - Slot 1 (Sack Erde): KEIN Icon gefunden in item_icons! Zeichne Text.
2025-04-14 12:57:45 - WARNING - __main__ - Slot 2 (Weed Seeds): KEIN Icon gefunden in item_icons! Zeichne Text.
2025-04-14 12:57:45 - WARNING - __main__ - Slot 0 (Blumentopf): KEIN Icon gefunden in item_icons! Zeichne Text.
2025-04-14 12:57:45 - WARNING - __main__ - Slot 1 (Sack Erde): KEIN Icon gefunden in item_icons! Zeichne Text.
2025-04-14 12:57:45 - WARNING - __main__ - Slot 2 (Weed Seeds): KEIN Icon gefunden in item_icons! Zeichne Text.
2025-04-14 12:57:45 - WARNING - __main__ - Slot 0 (Blumentopf): KEIN Icon gefunden in item_icons! Zeichne Text.
2025-04-14 12:57:45 - WARNING - __main__ - Slot 1 (Sack Erde): KEIN Icon gefunden in item_icons! Zeichne Text.
2025-04-14 12:57:45 - WARNING - __main__ - Slot 2 (Weed Seeds): KEIN Icon gefunden in item_icons! Zeichne Text.
2025-04-14 12:57:45 - WARNING - __main__ - Slot 0 (Blumentopf): KEIN Icon gefunden in item_icons! Zeichne Text.
2025-04-14 12:57:45 - WARNING - __main__ - Slot 1 (Sack Erde): KEIN Icon gefunden in item_icons! Zeichne Text.
2025-04-14 12:57:45 - WARNING - __main__ - Slot 2 (Weed Seeds): KEIN Icon gefunden in item_icons! Zeichne Text.
2025-04-14 12:57:45 - WARNING - __main__ - Slot 0 (Blumentopf): KEIN Icon gefunden in item_icons! Zeichne Text.
2025-04-14 12:57:45 - WARNING - __main__ - Slot 1 (Sack Erde): KEIN Icon gefunden in item_icons! Zeichne Text.
2025-04-14 12:57:45 - WARNING - __main__ - Slot 2 (Weed Seeds): KEIN Icon gefunden in item_icons! Zeichne Text.
2025-04-14 12:57:45 - WARNING - __main__ - Slot 0 (Blumentopf): KEIN Icon gefunden in item_icons! Zeichne Text.
2025-04-14 12:57:45 - WARNING - __main__ - Slot 1 (Sack Erde): KEIN Icon gefunden in item_icons! Zeichne Text.
2025-04-14 12:57:45 - WARNING - __main__ - Slot 2 (Weed Seeds): KEIN Icon gefunden in item_icons! Zeichne Text.
2025-04-14 12:57:45 - WARNING - __main__ - Slot 0 (Blumentopf): KEIN Icon gefunden in item_icons! Zeichne Text.
2025-04-14 12:57:45 - WARNING - __main__ - Slot 1 (Sack Erde): KEIN Icon gefunden in item_icons! Zeichne Text.
2025-04-14 12:57:45 - WARNING - __main__ - Slot 2 (Weed Seeds): KEIN Icon gefunden in item_icons! Zeichne Text.
2025-04-14 12:57:45 - WARNING - __main__ - Slot 0 (Blumentopf): KEIN Icon gefunden in item_icons! Zeichne Text.
2025-04-14 12:57:45 - WARNING - __main__ - Slot 1 (Sack Erde): KEIN Icon gefunden in item_icons! Zeichne Text.
2025-04-14 12:57:45 - WARNING - __main__ - Slot 2 (Weed Seeds): KEIN Icon gefunden in item_icons! Zeichne Text.
2025-04-14 12:57:45 - WARNING - __main__ - Slot 0 (Blumentopf): KEIN Icon gefunden in item_icons! Zeichne Text.
2025-04-14 12:57:45 - WARNING - __main__ - Slot 1 (Sack Erde): KEIN Icon gefunden in item_icons! Zeichne Text.
2025-04-14 12:57:45 - WARNING - __main__ - Slot 2 (Weed Seeds): KEIN Icon gefunden in item_icons! Zeichne Text.
2025-04-14 12:57:45 - WARNING - __main__ - Slot 0 (Blumentopf): KEIN Icon gefunden in item_icons! Zeichne Text.
2025-04-14 12:57:45 - WARNING - __main__ - Slot 1 (Sack Erde): KEIN Icon gefunden in item_icons! Zeichne Text.
2025-04-14 12:57:45 - WARNING - __main__ - Slot 2 (Weed Seeds): KEIN Icon gefunden in item_icons! Zeichne Text.
2025-04-14 12:57:45 - WARNING - __main__ - Slot 0 (Blumentopf): KEIN Icon gefunden in item_icons! Zeichne Text.
2025-04-14 12:57:45 - WARNING - __main__ - Slot 1 (Sack Erde): KEIN Icon gefunden in item_icons! Zeichne Text.
2025-04-14 12:57:45 - WARNING - __main__ - Slot 2 (Weed Seeds): KEIN Icon gefunden in item_icons! Zeichne Text.
2025-04-14 12:57:45 - INFO - __main__ - Starte Drag: Blumentopf
2025-04-14 12:57:45 - WARNING - __main__ - Slot 0 (Blumentopf): KEIN Icon gefunden in item_icons! Zeichne Text.
2025-04-14 12:57:45 - WARNING - __main__ - Slot 1 (Sack Erde): KEIN Icon gefunden in item_icons! Zeichne Text.
2025-04-14 12:57:45 - WARNING - __main__ - Slot 2 (Weed Seeds): KEIN Icon gefunden in item_icons! Zeichne Text.
2025-04-14 12:57:45 - WARNING - __main__ - Slot 0 (Blumentopf): KEIN Icon gefunden in item_icons! Zeichne Text.
2025-04-14 12:57:45 - WARNING - __main__ - Slot 1 (Sack Erde): KEIN Icon gefunden in item_icons! Zeichne Text.
2025-04-14 12:57:45 - WARNING - __main__ - Slot 2 (Weed Seeds): KEIN Icon gefunden in item_icons! Zeichne Text.
2025-04-14 12:57:45 - WARNING - __main__ - Slot 0 (Blumentopf): KEIN Icon gefunden in item_icons! Zeichne Text.
2025-04-14 12:57:45 - WARNING - __main__ - Slot 1 (Sack Erde): KEIN Icon gefunden in item_icons! Zeichne Text.
2025-04-14 12:57:45 - WARNING - __main__ - Slot 2 (Weed Seeds): KEIN Icon gefunden in item_icons! Zeichne Text.
2025-04-14 12:57:45 - WARNING - __main__ - Slot 0 (Blumentopf): KEIN Icon gefunden in item_icons! Zeichne Text.
2025-04-14 12:57:45 - WARNING - __main__ - Slot 1 (Sack Erde): KEIN Icon gefunden in item_icons! Zeichne Text.
2025-04-14 12:57:45 - WARNING - __main__ - Slot 2 (Weed Seeds): KEIN Icon gefunden in item_icons! Zeichne Text.
2025-04-14 12:57:45 - WARNING - __main__ - Slot 0 (Blumentopf): KEIN Icon gefunden in item_icons! Zeichne Text.
2025-04-14 12:57:45 - WARNING - __main__ - Slot 1 (Sack Erde): KEIN Icon gefunden in item_icons! Zeichne Text.
2025-04-14 12:57:45 - WARNING - __main__ - Slot 2 (Weed Seeds): KEIN Icon gefunden in item_icons! Zeichne Text.
2025-04-14 12:57:45 - WARNING - __main__ - Slot 0 (Blumentopf): KEIN Icon gefunden in item_icons! Zeichne Text.
2025-04-14 12:57:45 - WARNING - __main__ - Slot 1 (Sack Erde): KEIN Icon gefunden in item_icons! Zeichne Text.
2025-04-14 12:57:45 - WARNING - __main__ - Slot 2 (Weed Seeds): KEIN Icon gefunden in item_icons! Zeichne Text.
2025-04-14 12:57:45 - WARNING - __main__ - Slot 0 (Blumentopf): KEIN Icon gefunden in item_icons! Zeichne Text.
2025-04-14 12:57:45 - WARNING - __main__ - Slot 1 (Sack Erde): KEIN Icon gefunden in item_icons! Zeichne Text.
2025-04-14 12:57:45 - WARNING - __main__ - Slot 2 (Weed Seeds): KEIN Icon gefunden in item_icons! Zeichne Text.
2025-04-14 12:57:45 - WARNING - __main__ - Slot 0 (Blumentopf): KEIN Icon gefunden in item_icons! Zeichne Text.
2025-04-14 12:57:45 - WARNING - __main__ - Slot 1 (Sack Erde): KEIN Icon gefunden in item_icons! Zeichne Text.
2025-04-14 12:57:45 - WARNING - __main__ - Slot 2 (Weed Seeds): KEIN Icon gefunden in item_icons! Zeichne Text.
2025-04-14 12:57:45 - WARNING - __main__ - Slot 0 (Blumentopf): KEIN Icon gefunden in item_icons! Zeichne Text.
2025-04-14 12:57:45 - WARNING - __main__ - Slot 1 (Sack Erde): KEIN Icon gefunden in item_icons! Zeichne Text.
2025-04-14 12:57:45 - WARNING - __main__ - Slot 2 (Weed Seeds): KEIN Icon gefunden in item_icons! Zeichne Text.
2025-04-14 12:57:45 - WARNING - __main__ - Slot 0 (Blumentopf): KEIN Icon gefunden in item_icons! Zeichne Text.
2025-04-14 12:57:45 - WARNING - __main__ - Slot 1 (Sack Erde): KEIN Icon gefunden in item_icons! Zeichne Text.
2025-04-14 12:57:45 - WARNING - __main__ - Slot 2 (Weed Seeds): KEIN Icon gefunden in item_icons! Zeichne Text.
2025-04-14 12:57:45 - WARNING - __main__ - Slot 0 (Blumentopf): KEIN Icon gefunden in item_icons! Zeichne Text.
2025-04-14 12:57:45 - WARNING - __main__ - Slot 1 (Sack Erde): KEIN Icon gefunden in item_icons! Zeichne Text.
2025-04-14 12:57:45 - WARNING - __main__ - Slot 2 (Weed Seeds): KEIN Icon gefunden in item_icons! Zeichne Text.
2025-04-14 12:57:45 - WARNING - __main__ - Slot 0 (Blumentopf): KEIN Icon gefunden in item_icons! Zeichne Text.
2025-04-14 12:57:45 - WARNING - __main__ - Slot 1 (Sack Erde): KEIN Icon gefunden in item_icons! Zeichne Text.
2025-04-14 12:57:45 - WARNING - __main__ - Slot 2 (Weed Seeds): KEIN Icon gefunden in item_icons! Zeichne Text.
2025-04-14 12:57:45 - WARNING - __main__ - Slot 0 (Blumentopf): KEIN Icon gefunden in item_icons! Zeichne Text.
2025-04-14 12:57:45 - WARNING - __main__ - Slot 1 (Sack Erde): KEIN Icon gefunden in item_icons! Zeichne Text.
2025-04-14 12:57:45 - WARNING - __main__ - Slot 2 (Weed Seeds): KEIN Icon gefunden in item_icons! Zeichne Text.
2025-04-14 12:57:45 - WARNING - __main__ - Slot 0 (Blumentopf): KEIN Icon gefunden in item_icons! Zeichne Text.
2025-04-14 12:57:45 - WARNING - __main__ - Slot 1 (Sack Erde): KEIN Icon gefunden in item_icons! Zeichne Text.
2025-04-14 12:57:45 - WARNING - __main__ - Slot 2 (Weed Seeds): KEIN Icon gefunden in item_icons! Zeichne Text.
2025-04-14 12:57:45 - WARNING - __main__ - Slot 0 (Blumentopf): KEIN Icon gefunden in item_icons! Zeichne Text.
2025-04-14 12:57:45 - WARNING - __main__ - Slot 1 (Sack Erde): KEIN Icon gefunden in item_icons! Zeichne Text.
2025-04-14 12:57:45 - WARNING - __main__ - Slot 2 (Weed Seeds): KEIN Icon gefunden in item_icons! Zeichne Text.
2025-04-14 12:57:45 - WARNING - __main__ - Slot 0 (Blumentopf): KEIN Icon gefunden in item_icons! Zeichne Text.
2025-04-14 12:57:45 - WARNING - __main__ - Slot 1 (Sack Erde): KEIN Icon gefunden in item_icons! Zeichne Text.
2025-04-14 12:57:45 - WARNING - __main__ - Slot 2 (Weed Seeds): KEIN Icon gefunden in item_icons! Zeichne Text.
2025-04-14 12:57:45 - WARNING - __main__ - Slot 0 (Blumentopf): KEIN Icon gefunden in item_icons! Zeichne Text.
2025-04-14 12:57:45 - WARNING - __main__ - Slot 1 (Sack Erde): KEIN Icon gefunden in item_icons! Zeichne Text.
2025-04-14 12:57:45 - WARNING - __main__ - Slot 2 (Weed Seeds): KEIN Icon gefunden in item_icons! Zeichne Text.
2025-04-14 12:57:45 - WARNING - __main__ - Slot 0 (Blumentopf): KEIN Icon gefunden in item_icons! Zeichne Text.
2025-04-14 12:57:45 - WARNING - __main__ - Slot 1 (Sack Erde): KEIN Icon gefunden in item_icons! Zeichne Text.
2025-04-14 12:57:45 - WARNING - __main__ - Slot 2 (Weed Seeds): KEIN Icon gefunden in item_icons! Zeichne Text.
2025-04-14 12:57:45 - WARNING - __main__ - Slot 0 (Blumentopf): KEIN Icon gefunden in item_icons! Zeichne Text.
2025-04-14 12:57:45 - WARNING - __main__ - Slot 1 (Sack Erde): KEIN Icon gefunden in item_icons! Zeichne Text.
2025-04-14 12:57:45 - WARNING - __main__ - Slot 2 (Weed Seeds): KEIN Icon gefunden in item_icons! Zeichne Text.
2025-04-14 12:57:45 - WARNING - __main__ - Slot 0 (Blumentopf): KEIN Icon gefunden in item_icons! Zeichne Text.
2025-04-14 12:57:45 - WARNING - __main__ - Slot 1 (Sack Erde): KEIN Icon gefunden in item_icons! Zeichne Text.
2025-04-14 12:57:45 - WARNING - __main__ - Slot 2 (Weed Seeds): KEIN Icon gefunden in item_icons! Zeichne Text.
2025-04-14 12:57:45 - WARNING - __main__ - Slot 0 (Blumentopf): KEIN Icon gefunden in item_icons! Zeichne Text.
2025-04-14 12:57:45 - WARNING - __main__ - Slot 1 (Sack Erde): KEIN Icon gefunden in item_icons! Zeichne Text.
2025-04-14 12:57:45 - WARNING - __main__ - Slot 2 (Weed Seeds): KEIN Icon gefunden in item_icons! Zeichne Text.
2025-04-14 12:57:45 - WARNING - __main__ - Slot 0 (Blumentopf): KEIN Icon gefunden in item_icons! Zeichne Text.
2025-04-14 12:57:45 - WARNING - __main__ - Slot 1 (Sack Erde): KEIN Icon gefunden in item_icons! Zeichne Text.
2025-04-14 12:57:45 - WARNING - __main__ - Slot 2 (Weed Seeds): KEIN Icon gefunden in item_icons! Zeichne Text.
2025-04-14 12:57:45 - WARNING - __main__ - Slot 0 (Blumentopf): KEIN Icon gefunden in item_icons! Zeichne Text.
2025-04-14 12:57:45 - WARNING - __main__ - Slot 1 (Sack Erde): KEIN Icon gefunden in item_icons! Zeichne Text.
2025-04-14 12:57:45 - WARNING - __main__ - Slot 2 (Weed Seeds): KEIN Icon gefunden in item_icons! Zeichne Text.
2025-04-14 12:57:45 - WARNING - __main__ - Slot 0 (Blumentopf): KEIN Icon gefunden in item_icons! Zeichne Text.
2025-04-14 12:57:45 - WARNING - __main__ - Slot 1 (Sack Erde): KEIN Icon gefunden in item_icons! Zeichne Text.
2025-04-14 12:57:45 - WARNING - __main__ - Slot 2 (Weed Seeds): KEIN Icon gefunden in item_icons! Zeichne Text.
2025-04-14 12:57:45 - WARNING - __main__ - Slot 0 (Blumentopf): KEIN Icon gefunden in item_icons! Zeichne Text.
2025-04-14 12:57:45 - WARNING - __main__ - Slot 1 (Sack Erde): KEIN Icon gefunden in item_icons! Zeichne Text.
2025-04-14 12:57:45 - WARNING - __main__ - Slot 2 (Weed Seeds): KEIN Icon gefunden in item_icons! Zeichne Text.
2025-04-14 12:57:45 - WARNING - __main__ - Slot 0 (Blumentopf): KEIN Icon gefunden in item_icons! Zeichne Text.
2025-04-14 12:57:45 - WARNING - __main__ - Slot 1 (Sack Erde): KEIN Icon gefunden in item_icons! Zeichne Text.
2025-04-14 12:57:45 - WARNING - __main__ - Slot 2 (Weed Seeds): KEIN Icon gefunden in item_icons! Zeichne Text.
2025-04-14 12:57:45 - WARNING - __main__ - Slot 0 (Blumentopf): KEIN Icon gefunden in item_icons! Zeichne Text.
2025-04-14 12:57:45 - WARNING - __main__ - Slot 1 (Sack Erde): KEIN Icon gefunden in item_icons! Zeichne Text.
2025-04-14 12:57:45 - WARNING - __main__ - Slot 2 (Weed Seeds): KEIN Icon gefunden in item_icons! Zeichne Text.
2025-04-14 12:57:45 - WARNING - __main__ - Slot 0 (Blumentopf): KEIN Icon gefunden in item_icons! Zeichne Text.
2025-04-14 12:57:45 - WARNING - __main__ - Slot 1 (Sack Erde): KEIN Icon gefunden in item_icons! Zeichne Text.
2025-04-14 12:57:45 - WARNING - __main__ - Slot 2 (Weed Seeds): KEIN Icon gefunden in item_icons! Zeichne Text.
2025-04-14 12:57:45 - WARNING - __main__ - Slot 0 (Blumentopf): KEIN Icon gefunden in item_icons! Zeichne Text.
2025-04-14 12:57:45 - WARNING - __main__ - Slot 1 (Sack Erde): KEIN Icon gefunden in item_icons! Zeichne Text.
2025-04-14 12:57:45 - WARNING - __main__ - Slot 2 (Weed Seeds): KEIN Icon gefunden in item_icons! Zeichne Text.
2025-04-14 12:57:45 - WARNING - __main__ - Slot 0 (Blumentopf): KEIN Icon gefunden in item_icons! Zeichne Text.
2025-04-14 12:57:45 - WARNING - __main__ - Slot 1 (Sack Erde): KEIN Icon gefunden in item_icons! Zeichne Text.
2025-04-14 12:57:45 - WARNING - __main__ - Slot 2 (Weed Seeds): KEIN Icon gefunden in item_icons! Zeichne Text.
2025-04-14 12:57:45 - WARNING - __main__ - Slot 0 (Blumentopf): KEIN Icon gefunden in item_icons! Zeichne Text.
2025-04-14 12:57:45 - WARNING - __main__ - Slot 1 (Sack Erde): KEIN Icon gefunden in item_icons! Zeichne Text.
2025-04-14 12:57:45 - WARNING - __main__ - Slot 2 (Weed Seeds): KEIN Icon gefunden in item_icons! Zeichne Text.
2025-04-14 12:57:45 - WARNING - __main__ - Slot 0 (Blumentopf): KEIN Icon gefunden in item_icons! Zeichne Text.
2025-04-14 12:57:45 - WARNING - __main__ - Slot 1 (Sack Erde): KEIN Icon gefunden in item_icons! Zeichne Text.
2025-04-14 12:57:45 - WARNING - __main__ - Slot 2 (Weed Seeds): KEIN Icon gefunden in item_icons! Zeichne Text.
2025-04-14 12:57:45 - WARNING - __main__ - Slot 0 (Blumentopf): KEIN Icon gefunden in item_icons! Zeichne Text.
2025-04-14 12:57:45 - WARNING - __main__ - Slot 1 (Sack Erde): KEIN Icon gefunden in item_icons! Zeichne Text.
2025-04-14 12:57:45 - WARNING - __main__ - Slot 2 (Weed Seeds): KEIN Icon gefunden in item_icons! Zeichne Text.
2025-04-14 12:57:45 - WARNING - __main__ - Slot 0 (Blumentopf): KEIN Icon gefunden in item_icons! Zeichne Text.
2025-04-14 12:57:45 - WARNING - __main__ - Slot 1 (Sack Erde): KEIN Icon gefunden in item_icons! Zeichne Text.
2025-04-14 12:57:45 - WARNING - __main__ - Slot 2 (Weed Seeds): KEIN Icon gefunden in item_icons! Zeichne Text.
2025-04-14 12:57:45 - WARNING - __main__ - Slot 0 (Blumentopf): KEIN Icon gefunden in item_icons! Zeichne Text.
2025-04-14 12:57:45 - WARNING - __main__ - Slot 1 (Sack Erde): KEIN Icon gefunden in item_icons! Zeichne Text.
2025-04-14 12:57:45 - WARNING - __main__ - Slot 2 (Weed Seeds): KEIN Icon gefunden in item_icons! Zeichne Text.
2025-04-14 12:57:45 - WARNING - __main__ - Slot 0 (Blumentopf): KEIN Icon gefunden in item_icons! Zeichne Text.
2025-04-14 12:57:45 - WARNING - __main__ - Slot 1 (Sack Erde): KEIN Icon gefunden in item_icons! Zeichne Text.
2025-04-14 12:57:45 - WARNING - __main__ - Slot 2 (Weed Seeds): KEIN Icon gefunden in item_icons! Zeichne Text.
2025-04-14 12:57:45 - WARNING - __main__ - Slot 0 (Blumentopf): KEIN Icon gefunden in item_icons! Zeichne Text.
2025-04-14 12:57:45 - WARNING - __main__ - Slot 1 (Sack Erde): KEIN Icon gefunden in item_icons! Zeichne Text.
2025-04-14 12:57:45 - WARNING - __main__ - Slot 2 (Weed Seeds): KEIN Icon gefunden in item_icons! Zeichne Text.
2025-04-14 12:57:46 - WARNING - __main__ - Slot 0 (Blumentopf): KEIN Icon gefunden in item_icons! Zeichne Text.
2025-04-14 12:57:46 - WARNING - __main__ - Slot 1 (Sack Erde): KEIN Icon gefunden in item_icons! Zeichne Text.
2025-04-14 12:57:46 - WARNING - __main__ - Slot 2 (Weed Seeds): KEIN Icon gefunden in item_icons! Zeichne Text.
2025-04-14 12:57:46 - WARNING - __main__ - Slot 0 (Blumentopf): KEIN Icon gefunden in item_icons! Zeichne Text.
2025-04-14 12:57:46 - WARNING - __main__ - Slot 1 (Sack Erde): KEIN Icon gefunden in item_icons! Zeichne Text.
2025-04-14 12:57:46 - WARNING - __main__ - Slot 2 (Weed Seeds): KEIN Icon gefunden in item_icons! Zeichne Text.
2025-04-14 12:57:46 - WARNING - __main__ - Slot 0 (Blumentopf): KEIN Icon gefunden in item_icons! Zeichne Text.
2025-04-14 12:57:46 - WARNING - __main__ - Slot 1 (Sack Erde): KEIN Icon gefunden in item_icons! Zeichne Text.
2025-04-14 12:57:46 - WARNING - __main__ - Slot 2 (Weed Seeds): KEIN Icon gefunden in item_icons! Zeichne Text.
2025-04-14 12:57:46 - WARNING - __main__ - Slot 0 (Blumentopf): KEIN Icon gefunden in item_icons! Zeichne Text.
2025-04-14 12:57:46 - WARNING - __main__ - Slot 1 (Sack Erde): KEIN Icon gefunden in item_icons! Zeichne Text.
2025-04-14 12:57:46 - WARNING - __main__ - Slot 2 (Weed Seeds): KEIN Icon gefunden in item_icons! Zeichne Text.
2025-04-14 12:57:46 - WARNING - __main__ - Slot 0 (Blumentopf): KEIN Icon gefunden in item_icons! Zeichne Text.
2025-04-14 12:57:46 - WARNING - __main__ - Slot 1 (Sack Erde): KEIN Icon gefunden in item_icons! Zeichne Text.
2025-04-14 12:57:46 - WARNING - __main__ - Slot 2 (Weed Seeds): KEIN Icon gefunden in item_icons! Zeichne Text.
2025-04-14 12:57:46 - WARNING - __main__ - Slot 0 (Blumentopf): KEIN Icon gefunden in item_icons! Zeichne Text.
2025-04-14 12:57:46 - WARNING - __main__ - Slot 1 (Sack Erde): KEIN Icon gefunden in item_icons! Zeichne Text.
2025-04-14 12:57:46 - WARNING - __main__ - Slot 2 (Weed Seeds): KEIN Icon gefunden in item_icons! Zeichne Text.
2025-04-14 12:57:46 - WARNING - __main__ - Slot 0 (Blumentopf): KEIN Icon gefunden in item_icons! Zeichne Text.
2025-04-14 12:57:46 - WARNING - __main__ - Slot 1 (Sack Erde): KEIN Icon gefunden in item_icons! Zeichne Text.
2025-04-14 12:57:46 - WARNING - __main__ - Slot 2 (Weed Seeds): KEIN Icon gefunden in item_icons! Zeichne Text.
2025-04-14 12:57:46 - WARNING - __main__ - Slot 0 (Blumentopf): KEIN Icon gefunden in item_icons! Zeichne Text.
2025-04-14 12:57:46 - WARNING - __main__ - Slot 1 (Sack Erde): KEIN Icon gefunden in item_icons! Zeichne Text.
2025-04-14 12:57:46 - WARNING - __main__ - Slot 2 (Weed Seeds): KEIN Icon gefunden in item_icons! Zeichne Text.
2025-04-14 12:57:46 - WARNING - __main__ - Slot 0 (Blumentopf): KEIN Icon gefunden in item_icons! Zeichne Text.
2025-04-14 12:57:46 - WARNING - __main__ - Slot 1 (Sack Erde): KEIN Icon gefunden in item_icons! Zeichne Text.
2025-04-14 12:57:46 - WARNING - __main__ - Slot 2 (Weed Seeds): KEIN Icon gefunden in item_icons! Zeichne Text.
2025-04-14 12:57:46 - WARNING - __main__ - Slot 0 (Blumentopf): KEIN Icon gefunden in item_icons! Zeichne Text.
2025-04-14 12:57:46 - WARNING - __main__ - Slot 1 (Sack Erde): KEIN Icon gefunden in item_icons! Zeichne Text.
2025-04-14 12:57:46 - WARNING - __main__ - Slot 2 (Weed Seeds): KEIN Icon gefunden in item_icons! Zeichne Text.
2025-04-14 12:57:46 - WARNING - __main__ - Slot 0 (Blumentopf): KEIN Icon gefunden in item_icons! Zeichne Text.
2025-04-14 12:57:46 - WARNING - __main__ - Slot 1 (Sack Erde): KEIN Icon gefunden in item_icons! Zeichne Text.
2025-04-14 12:57:46 - WARNING - __main__ - Slot 2 (Weed Seeds): KEIN Icon gefunden in item_icons! Zeichne Text.
2025-04-14 12:57:46 - WARNING - __main__ - Slot 0 (Blumentopf): KEIN Icon gefunden in item_icons! Zeichne Text.
2025-04-14 12:57:46 - WARNING - __main__ - Slot 1 (Sack Erde): KEIN Icon gefunden in item_icons! Zeichne Text.
2025-04-14 12:57:46 - WARNING - __main__ - Slot 2 (Weed Seeds): KEIN Icon gefunden in item_icons! Zeichne Text.
2025-04-14 12:57:46 - WARNING - __main__ - Slot 0 (Blumentopf): KEIN Icon gefunden in item_icons! Zeichne Text.
2025-04-14 12:57:46 - WARNING - __main__ - Slot 1 (Sack Erde): KEIN Icon gefunden in item_icons! Zeichne Text.
2025-04-14 12:57:46 - WARNING - __main__ - Slot 2 (Weed Seeds): KEIN Icon gefunden in item_icons! Zeichne Text.
2025-04-14 12:57:46 - WARNING - __main__ - Slot 0 (Blumentopf): KEIN Icon gefunden in item_icons! Zeichne Text.
2025-04-14 12:57:46 - WARNING - __main__ - Slot 1 (Sack Erde): KEIN Icon gefunden in item_icons! Zeichne Text.
2025-04-14 12:57:46 - WARNING - __main__ - Slot 2 (Weed Seeds): KEIN Icon gefunden in item_icons! Zeichne Text.
2025-04-14 12:57:46 - WARNING - __main__ - Slot 0 (Blumentopf): KEIN Icon gefunden in item_icons! Zeichne Text.
2025-04-14 12:57:46 - WARNING - __main__ - Slot 1 (Sack Erde): KEIN Icon gefunden in item_icons! Zeichne Text.
2025-04-14 12:57:46 - WARNING - __main__ - Slot 2 (Weed Seeds): KEIN Icon gefunden in item_icons! Zeichne Text.
2025-04-14 12:57:46 - WARNING - __main__ - Slot 0 (Blumentopf): KEIN Icon gefunden in item_icons! Zeichne Text.
2025-04-14 12:57:46 - WARNING - __main__ - Slot 1 (Sack Erde): KEIN Icon gefunden in item_icons! Zeichne Text.
2025-04-14 12:57:46 - WARNING - __main__ - Slot 2 (Weed Seeds): KEIN Icon gefunden in item_icons! Zeichne Text.
2025-04-14 12:57:46 - WARNING - __main__ - Slot 0 (Blumentopf): KEIN Icon gefunden in item_icons! Zeichne Text.
2025-04-14 12:57:46 - WARNING - __main__ - Slot 1 (Sack Erde): KEIN Icon gefunden in item_icons! Zeichne Text.
2025-04-14 12:57:46 - WARNING - __main__ - Slot 2 (Weed Seeds): KEIN Icon gefunden in item_icons! Zeichne Text.
2025-04-14 12:57:46 - WARNING - __main__ - Slot 0 (Blumentopf): KEIN Icon gefunden in item_icons! Zeichne Text.
2025-04-14 12:57:46 - WARNING - __main__ - Slot 1 (Sack Erde): KEIN Icon gefunden in item_icons! Zeichne Text.
2025-04-14 12:57:46 - WARNING - __main__ - Slot 2 (Weed Seeds): KEIN Icon gefunden in item_icons! Zeichne Text.
2025-04-14 12:57:46 - WARNING - __main__ - Slot 0 (Blumentopf): KEIN Icon gefunden in item_icons! Zeichne Text.
2025-04-14 12:57:46 - WARNING - __main__ - Slot 1 (Sack Erde): KEIN Icon gefunden in item_icons! Zeichne Text.
2025-04-14 12:57:46 - WARNING - __main__ - Slot 2 (Weed Seeds): KEIN Icon gefunden in item_icons! Zeichne Text.
2025-04-14 12:57:46 - WARNING - __main__ - Slot 0 (Blumentopf): KEIN Icon gefunden in item_icons! Zeichne Text.
2025-04-14 12:57:46 - WARNING - __main__ - Slot 1 (Sack Erde): KEIN Icon gefunden in item_icons! Zeichne Text.
2025-04-14 12:57:46 - WARNING - __main__ - Slot 2 (Weed Seeds): KEIN Icon gefunden in item_icons! Zeichne Text.
2025-04-14 12:57:46 - WARNING - __main__ - Slot 0 (Blumentopf): KEIN Icon gefunden in item_icons! Zeichne Text.
2025-04-14 12:57:46 - WARNING - __main__ - Slot 1 (Sack Erde): KEIN Icon gefunden in item_icons! Zeichne Text.
2025-04-14 12:57:46 - WARNING - __main__ - Slot 2 (Weed Seeds): KEIN Icon gefunden in item_icons! Zeichne Text.
2025-04-14 12:57:46 - WARNING - __main__ - Slot 0 (Blumentopf): KEIN Icon gefunden in item_icons! Zeichne Text.
2025-04-14 12:57:46 - WARNING - __main__ - Slot 1 (Sack Erde): KEIN Icon gefunden in item_icons! Zeichne Text.
2025-04-14 12:57:46 - WARNING - __main__ - Slot 2 (Weed Seeds): KEIN Icon gefunden in item_icons! Zeichne Text.
2025-04-14 12:57:46 - WARNING - __main__ - Slot 0 (Blumentopf): KEIN Icon gefunden in item_icons! Zeichne Text.
2025-04-14 12:57:46 - WARNING - __main__ - Slot 1 (Sack Erde): KEIN Icon gefunden in item_icons! Zeichne Text.
2025-04-14 12:57:46 - WARNING - __main__ - Slot 2 (Weed Seeds): KEIN Icon gefunden in item_icons! Zeichne Text.
2025-04-14 12:57:46 - WARNING - __main__ - Slot 0 (Blumentopf): KEIN Icon gefunden in item_icons! Zeichne Text.
2025-04-14 12:57:46 - WARNING - __main__ - Slot 1 (Sack Erde): KEIN Icon gefunden in item_icons! Zeichne Text.
2025-04-14 12:57:46 - WARNING - __main__ - Slot 2 (Weed Seeds): KEIN Icon gefunden in item_icons! Zeichne Text.
2025-04-14 12:57:46 - WARNING - __main__ - Slot 0 (Blumentopf): KEIN Icon gefunden in item_icons! Zeichne Text.
2025-04-14 12:57:46 - WARNING - __main__ - Slot 1 (Sack Erde): KEIN Icon gefunden in item_icons! Zeichne Text.
2025-04-14 12:57:46 - WARNING - __main__ - Slot 2 (Weed Seeds): KEIN Icon gefunden in item_icons! Zeichne Text.
2025-04-14 12:57:46 - WARNING - __main__ - Slot 0 (Blumentopf): KEIN Icon gefunden in item_icons! Zeichne Text.
2025-04-14 12:57:46 - WARNING - __main__ - Slot 1 (Sack Erde): KEIN Icon gefunden in item_icons! Zeichne Text.
2025-04-14 12:57:46 - WARNING - __main__ - Slot 2 (Weed Seeds): KEIN Icon gefunden in item_icons! Zeichne Text.
2025-04-14 12:57:46 - WARNING - __main__ - Slot 0 (Blumentopf): KEIN Icon gefunden in item_icons! Zeichne Text.
2025-04-14 12:57:46 - WARNING - __main__ - Slot 1 (Sack Erde): KEIN Icon gefunden in item_icons! Zeichne Text.
2025-04-14 12:57:46 - WARNING - __main__ - Slot 2 (Weed Seeds): KEIN Icon gefunden in item_icons! Zeichne Text.
2025-04-14 12:57:46 - WARNING - __main__ - Slot 0 (Blumentopf): KEIN Icon gefunden in item_icons! Zeichne Text.
2025-04-14 12:57:46 - WARNING - __main__ - Slot 1 (Sack Erde): KEIN Icon gefunden in item_icons! Zeichne Text.
2025-04-14 12:57:46 - WARNING - __main__ - Slot 2 (Weed Seeds): KEIN Icon gefunden in item_icons! Zeichne Text.
2025-04-14 12:57:46 - WARNING - __main__ - Slot 0 (Blumentopf): KEIN Icon gefunden in item_icons! Zeichne Text.
2025-04-14 12:57:46 - WARNING - __main__ - Slot 1 (Sack Erde): KEIN Icon gefunden in item_icons! Zeichne Text.
2025-04-14 12:57:46 - WARNING - __main__ - Slot 2 (Weed Seeds): KEIN Icon gefunden in item_icons! Zeichne Text.
2025-04-14 12:57:46 - WARNING - __main__ - Slot 0 (Blumentopf): KEIN Icon gefunden in item_icons! Zeichne Text.
2025-04-14 12:57:46 - WARNING - __main__ - Slot 1 (Sack Erde): KEIN Icon gefunden in item_icons! Zeichne Text.
2025-04-14 12:57:46 - WARNING - __main__ - Slot 2 (Weed Seeds): KEIN Icon gefunden in item_icons! Zeichne Text.
2025-04-14 12:57:46 - WARNING - __main__ - Slot 0 (Blumentopf): KEIN Icon gefunden in item_icons! Zeichne Text.
2025-04-14 12:57:46 - WARNING - __main__ - Slot 1 (Sack Erde): KEIN Icon gefunden in item_icons! Zeichne Text.
2025-04-14 12:57:46 - WARNING - __main__ - Slot 2 (Weed Seeds): KEIN Icon gefunden in item_icons! Zeichne Text.
2025-04-14 12:57:46 - WARNING - __main__ - Slot 0 (Blumentopf): KEIN Icon gefunden in item_icons! Zeichne Text.
2025-04-14 12:57:46 - WARNING - __main__ - Slot 1 (Sack Erde): KEIN Icon gefunden in item_icons! Zeichne Text.
2025-04-14 12:57:46 - WARNING - __main__ - Slot 2 (Weed Seeds): KEIN Icon gefunden in item_icons! Zeichne Text.
2025-04-14 12:57:46 - WARNING - __main__ - Slot 0 (Blumentopf): KEIN Icon gefunden in item_icons! Zeichne Text.
2025-04-14 12:57:46 - WARNING - __main__ - Slot 1 (Sack Erde): KEIN Icon gefunden in item_icons! Zeichne Text.
2025-04-14 12:57:46 - WARNING - __main__ - Slot 2 (Weed Seeds): KEIN Icon gefunden in item_icons! Zeichne Text.
2025-04-14 12:57:46 - WARNING - __main__ - Slot 0 (Blumentopf): KEIN Icon gefunden in item_icons! Zeichne Text.
2025-04-14 12:57:46 - WARNING - __main__ - Slot 1 (Sack Erde): KEIN Icon gefunden in item_icons! Zeichne Text.
2025-04-14 12:57:46 - WARNING - __main__ - Slot 2 (Weed Seeds): KEIN Icon gefunden in item_icons! Zeichne Text.
2025-04-14 12:57:46 - WARNING - __main__ - Slot 0 (Blumentopf): KEIN Icon gefunden in item_icons! Zeichne Text.
2025-04-14 12:57:46 - WARNING - __main__ - Slot 1 (Sack Erde): KEIN Icon gefunden in item_icons! Zeichne Text.
2025-04-14 12:57:46 - WARNING - __main__ - Slot 2 (Weed Seeds): KEIN Icon gefunden in item_icons! Zeichne Text.
2025-04-14 12:57:46 - WARNING - __main__ - Slot 0 (Blumentopf): KEIN Icon gefunden in item_icons! Zeichne Text.
2025-04-14 12:57:46 - WARNING - __main__ - Slot 1 (Sack Erde): KEIN Icon gefunden in item_icons! Zeichne Text.
2025-04-14 12:57:46 - WARNING - __main__ - Slot 2 (Weed Seeds): KEIN Icon gefunden in item_icons! Zeichne Text.
2025-04-14 12:57:46 - WARNING - __main__ - Slot 0 (Blumentopf): KEIN Icon gefunden in item_icons! Zeichne Text.
2025-04-14 12:57:46 - WARNING - __main__ - Slot 1 (Sack Erde): KEIN Icon gefunden in item_icons! Zeichne Text.
2025-04-14 12:57:46 - WARNING - __main__ - Slot 2 (Weed Seeds): KEIN Icon gefunden in item_icons! Zeichne Text.
2025-04-14 12:57:46 - WARNING - __main__ - Slot 0 (Blumentopf): KEIN Icon gefunden in item_icons! Zeichne Text.
2025-04-14 12:57:46 - WARNING - __main__ - Slot 1 (Sack Erde): KEIN Icon gefunden in item_icons! Zeichne Text.
2025-04-14 12:57:46 - WARNING - __main__ - Slot 2 (Weed Seeds): KEIN Icon gefunden in item_icons! Zeichne Text.
2025-04-14 12:57:46 - WARNING - __main__ - Slot 0 (Blumentopf): KEIN Icon gefunden in item_icons! Zeichne Text.
2025-04-14 12:57:46 - WARNING - __main__ - Slot 1 (Sack Erde): KEIN Icon gefunden in item_icons! Zeichne Text.
2025-04-14 12:57:46 - WARNING - __main__ - Slot 2 (Weed Seeds): KEIN Icon gefunden in item_icons! Zeichne Text.
2025-04-14 12:57:46 - WARNING - __main__ - Slot 0 (Blumentopf): KEIN Icon gefunden in item_icons! Zeichne Text.
2025-04-14 12:57:46 - WARNING - __main__ - Slot 1 (Sack Erde): KEIN Icon gefunden in item_icons! Zeichne Text.
2025-04-14 12:57:46 - WARNING - __main__ - Slot 2 (Weed Seeds): KEIN Icon gefunden in item_icons! Zeichne Text.
2025-04-14 12:57:46 - WARNING - __main__ - Slot 0 (Blumentopf): KEIN Icon gefunden in item_icons! Zeichne Text.
2025-04-14 12:57:46 - WARNING - __main__ - Slot 1 (Sack Erde): KEIN Icon gefunden in item_icons! Zeichne Text.
2025-04-14 12:57:46 - WARNING - __main__ - Slot 2 (Weed Seeds): KEIN Icon gefunden in item_icons! Zeichne Text.
2025-04-14 12:57:46 - WARNING - __main__ - Slot 0 (Blumentopf): KEIN Icon gefunden in item_icons! Zeichne Text.
2025-04-14 12:57:46 - WARNING - __main__ - Slot 1 (Sack Erde): KEIN Icon gefunden in item_icons! Zeichne Text.
2025-04-14 12:57:46 - WARNING - __main__ - Slot 2 (Weed Seeds): KEIN Icon gefunden in item_icons! Zeichne Text.
2025-04-14 12:57:46 - WARNING - __main__ - Slot 0 (Blumentopf): KEIN Icon gefunden in item_icons! Zeichne Text.
2025-04-14 12:57:46 - WARNING - __main__ - Slot 1 (Sack Erde): KEIN Icon gefunden in item_icons! Zeichne Text.
2025-04-14 12:57:46 - WARNING - __main__ - Slot 2 (Weed Seeds): KEIN Icon gefunden in item_icons! Zeichne Text.
2025-04-14 12:57:46 - WARNING - __main__ - Slot 0 (Blumentopf): KEIN Icon gefunden in item_icons! Zeichne Text.
2025-04-14 12:57:46 - WARNING - __main__ - Slot 1 (Sack Erde): KEIN Icon gefunden in item_icons! Zeichne Text.
2025-04-14 12:57:46 - WARNING - __main__ - Slot 2 (Weed Seeds): KEIN Icon gefunden in item_icons! Zeichne Text.
2025-04-14 12:57:46 - WARNING - __main__ - Slot 0 (Blumentopf): KEIN Icon gefunden in item_icons! Zeichne Text.
2025-04-14 12:57:46 - WARNING - __main__ - Slot 1 (Sack Erde): KEIN Icon gefunden in item_icons! Zeichne Text.
2025-04-14 12:57:46 - WARNING - __main__ - Slot 2 (Weed Seeds): KEIN Icon gefunden in item_icons! Zeichne Text.
2025-04-14 12:57:46 - WARNING - __main__ - Slot 0 (Blumentopf): KEIN Icon gefunden in item_icons! Zeichne Text.
2025-04-14 12:57:46 - WARNING - __main__ - Slot 1 (Sack Erde): KEIN Icon gefunden in item_icons! Zeichne Text.
2025-04-14 12:57:46 - WARNING - __main__ - Slot 2 (Weed Seeds): KEIN Icon gefunden in item_icons! Zeichne Text.
2025-04-14 12:57:46 - WARNING - __main__ - Slot 0 (Blumentopf): KEIN Icon gefunden in item_icons! Zeichne Text.
2025-04-14 12:57:46 - WARNING - __main__ - Slot 1 (Sack Erde): KEIN Icon gefunden in item_icons! Zeichne Text.
2025-04-14 12:57:46 - WARNING - __main__ - Slot 2 (Weed Seeds): KEIN Icon gefunden in item_icons! Zeichne Text.
2025-04-14 12:57:46 - WARNING - __main__ - Slot 0 (Blumentopf): KEIN Icon gefunden in item_icons! Zeichne Text.
2025-04-14 12:57:46 - WARNING - __main__ - Slot 1 (Sack Erde): KEIN Icon gefunden in item_icons! Zeichne Text.
2025-04-14 12:57:46 - WARNING - __main__ - Slot 2 (Weed Seeds): KEIN Icon gefunden in item_icons! Zeichne Text.
2025-04-14 12:57:46 - WARNING - __main__ - Slot 0 (Blumentopf): KEIN Icon gefunden in item_icons! Zeichne Text.
2025-04-14 12:57:46 - WARNING - __main__ - Slot 1 (Sack Erde): KEIN Icon gefunden in item_icons! Zeichne Text.
2025-04-14 12:57:46 - WARNING - __main__ - Slot 2 (Weed Seeds): KEIN Icon gefunden in item_icons! Zeichne Text.
2025-04-14 12:57:46 - WARNING - __main__ - Slot 0 (Blumentopf): KEIN Icon gefunden in item_icons! Zeichne Text.
2025-04-14 12:57:46 - WARNING - __main__ - Slot 1 (Sack Erde): KEIN Icon gefunden in item_icons! Zeichne Text.
2025-04-14 12:57:46 - WARNING - __main__ - Slot 2 (Weed Seeds): KEIN Icon gefunden in item_icons! Zeichne Text.
2025-04-14 12:57:46 - WARNING - __main__ - Slot 0 (Blumentopf): KEIN Icon gefunden in item_icons! Zeichne Text.
2025-04-14 12:57:46 - WARNING - __main__ - Slot 1 (Sack Erde): KEIN Icon gefunden in item_icons! Zeichne Text.
2025-04-14 12:57:46 - WARNING - __main__ - Slot 2 (Weed Seeds): KEIN Icon gefunden in item_icons! Zeichne Text.
2025-04-14 12:57:46 - WARNING - __main__ - Slot 0 (Blumentopf): KEIN Icon gefunden in item_icons! Zeichne Text.
2025-04-14 12:57:46 - WARNING - __main__ - Slot 1 (Sack Erde): KEIN Icon gefunden in item_icons! Zeichne Text.
2025-04-14 12:57:46 - WARNING - __main__ - Slot 2 (Weed Seeds): KEIN Icon gefunden in item_icons! Zeichne Text.
2025-04-14 12:57:46 - WARNING - __main__ - Slot 0 (Blumentopf): KEIN Icon gefunden in item_icons! Zeichne Text.
2025-04-14 12:57:46 - WARNING - __main__ - Slot 1 (Sack Erde): KEIN Icon gefunden in item_icons! Zeichne Text.
2025-04-14 12:57:46 - WARNING - __main__ - Slot 2 (Weed Seeds): KEIN Icon gefunden in item_icons! Zeichne Text.
2025-04-14 12:57:46 - WARNING - __main__ - Slot 0 (Blumentopf): KEIN Icon gefunden in item_icons! Zeichne Text.
2025-04-14 12:57:46 - WARNING - __main__ - Slot 1 (Sack Erde): KEIN Icon gefunden in item_icons! Zeichne Text.
2025-04-14 12:57:46 - WARNING - __main__ - Slot 2 (Weed Seeds): KEIN Icon gefunden in item_icons! Zeichne Text.
2025-04-14 12:57:46 - WARNING - __main__ - Slot 0 (Blumentopf): KEIN Icon gefunden in item_icons! Zeichne Text.
2025-04-14 12:57:46 - WARNING - __main__ - Slot 1 (Sack Erde): KEIN Icon gefunden in item_icons! Zeichne Text.
2025-04-14 12:57:46 - WARNING - __main__ - Slot 2 (Weed Seeds): KEIN Icon gefunden in item_icons! Zeichne Text.
2025-04-14 12:57:46 - WARNING - __main__ - Slot 0 (Blumentopf): KEIN Icon gefunden in item_icons! Zeichne Text.
2025-04-14 12:57:46 - WARNING - __main__ - Slot 1 (Sack Erde): KEIN Icon gefunden in item_icons! Zeichne Text.
2025-04-14 12:57:46 - WARNING - __main__ - Slot 2 (Weed Seeds): KEIN Icon gefunden in item_icons! Zeichne Text.
2025-04-14 12:57:46 - WARNING - __main__ - Slot 0 (Blumentopf): KEIN Icon gefunden in item_icons! Zeichne Text.
2025-04-14 12:57:46 - WARNING - __main__ - Slot 1 (Sack Erde): KEIN Icon gefunden in item_icons! Zeichne Text.
2025-04-14 12:57:46 - WARNING - __main__ - Slot 2 (Weed Seeds): KEIN Icon gefunden in item_icons! Zeichne Text.
2025-04-14 12:57:46 - WARNING - __main__ - Slot 0 (Blumentopf): KEIN Icon gefunden in item_icons! Zeichne Text.
2025-04-14 12:57:46 - WARNING - __main__ - Slot 1 (Sack Erde): KEIN Icon gefunden in item_icons! Zeichne Text.
2025-04-14 12:57:46 - WARNING - __main__ - Slot 2 (Weed Seeds): KEIN Icon gefunden in item_icons! Zeichne Text.
2025-04-14 12:57:46 - WARNING - __main__ - Slot 0 (Blumentopf): KEIN Icon gefunden in item_icons! Zeichne Text.
2025-04-14 12:57:46 - WARNING - __main__ - Slot 1 (Sack Erde): KEIN Icon gefunden in item_icons! Zeichne Text.
2025-04-14 12:57:46 - WARNING - __main__ - Slot 2 (Weed Seeds): KEIN Icon gefunden in item_icons! Zeichne Text.
2025-04-14 12:57:46 - WARNING - __main__ - Slot 0 (Blumentopf): KEIN Icon gefunden in item_icons! Zeichne Text.
2025-04-14 12:57:46 - WARNING - __main__ - Slot 1 (Sack Erde): KEIN Icon gefunden in item_icons! Zeichne Text.
2025-04-14 12:57:46 - WARNING - __main__ - Slot 2 (Weed Seeds): KEIN Icon gefunden in item_icons! Zeichne Text.
2025-04-14 12:57:46 - WARNING - __main__ - Slot 0 (Blumentopf): KEIN Icon gefunden in item_icons! Zeichne Text.
2025-04-14 12:57:46 - WARNING - __main__ - Slot 1 (Sack Erde): KEIN Icon gefunden in item_icons! Zeichne Text.
2025-04-14 12:57:46 - WARNING - __main__ - Slot 2 (Weed Seeds): KEIN Icon gefunden in item_icons! Zeichne Text.
2025-04-14 12:57:46 - WARNING - __main__ - Slot 0 (Blumentopf): KEIN Icon gefunden in item_icons! Zeichne Text.
2025-04-14 12:57:46 - WARNING - __main__ - Slot 1 (Sack Erde): KEIN Icon gefunden in item_icons! Zeichne Text.
2025-04-14 12:57:46 - WARNING - __main__ - Slot 2 (Weed Seeds): KEIN Icon gefunden in item_icons! Zeichne Text.
2025-04-14 12:57:47 - WARNING - __main__ - Slot 0 (Blumentopf): KEIN Icon gefunden in item_icons! Zeichne Text.
2025-04-14 12:57:47 - WARNING - __main__ - Slot 1 (Sack Erde): KEIN Icon gefunden in item_icons! Zeichne Text.
2025-04-14 12:57:47 - WARNING - __main__ - Slot 2 (Weed Seeds): KEIN Icon gefunden in item_icons! Zeichne Text.
2025-04-14 12:57:47 - WARNING - __main__ - Slot 0 (Blumentopf): KEIN Icon gefunden in item_icons! Zeichne Text.
2025-04-14 12:57:47 - WARNING - __main__ - Slot 1 (Sack Erde): KEIN Icon gefunden in item_icons! Zeichne Text.
2025-04-14 12:57:47 - WARNING - __main__ - Slot 2 (Weed Seeds): KEIN Icon gefunden in item_icons! Zeichne Text.
2025-04-14 12:57:47 - WARNING - __main__ - Slot 0 (Blumentopf): KEIN Icon gefunden in item_icons! Zeichne Text.
2025-04-14 12:57:47 - WARNING - __main__ - Slot 1 (Sack Erde): KEIN Icon gefunden in item_icons! Zeichne Text.
2025-04-14 12:57:47 - WARNING - __main__ - Slot 2 (Weed Seeds): KEIN Icon gefunden in item_icons! Zeichne Text.
2025-04-14 12:57:47 - WARNING - __main__ - Slot 0 (Blumentopf): KEIN Icon gefunden in item_icons! Zeichne Text.
2025-04-14 12:57:47 - WARNING - __main__ - Slot 1 (Sack Erde): KEIN Icon gefunden in item_icons! Zeichne Text.
2025-04-14 12:57:47 - WARNING - __main__ - Slot 2 (Weed Seeds): KEIN Icon gefunden in item_icons! Zeichne Text.
2025-04-14 12:57:47 - WARNING - __main__ - Slot 0 (Blumentopf): KEIN Icon gefunden in item_icons! Zeichne Text.
2025-04-14 12:57:47 - WARNING - __main__ - Slot 1 (Sack Erde): KEIN Icon gefunden in item_icons! Zeichne Text.
2025-04-14 12:57:47 - WARNING - __main__ - Slot 2 (Weed Seeds): KEIN Icon gefunden in item_icons! Zeichne Text.
2025-04-14 12:57:47 - WARNING - __main__ - Slot 0 (Blumentopf): KEIN Icon gefunden in item_icons! Zeichne Text.
2025-04-14 12:57:47 - WARNING - __main__ - Slot 1 (Sack Erde): KEIN Icon gefunden in item_icons! Zeichne Text.
2025-04-14 12:57:47 - WARNING - __main__ - Slot 2 (Weed Seeds): KEIN Icon gefunden in item_icons! Zeichne Text.
2025-04-14 12:57:47 - WARNING - __main__ - Slot 0 (Blumentopf): KEIN Icon gefunden in item_icons! Zeichne Text.
2025-04-14 12:57:47 - WARNING - __main__ - Slot 1 (Sack Erde): KEIN Icon gefunden in item_icons! Zeichne Text.
2025-04-14 12:57:47 - WARNING - __main__ - Slot 2 (Weed Seeds): KEIN Icon gefunden in item_icons! Zeichne Text.
2025-04-14 12:57:47 - WARNING - __main__ - Slot 0 (Blumentopf): KEIN Icon gefunden in item_icons! Zeichne Text.
2025-04-14 12:57:47 - WARNING - __main__ - Slot 1 (Sack Erde): KEIN Icon gefunden in item_icons! Zeichne Text.
2025-04-14 12:57:47 - WARNING - __main__ - Slot 2 (Weed Seeds): KEIN Icon gefunden in item_icons! Zeichne Text.
2025-04-14 12:57:47 - WARNING - __main__ - Slot 0 (Blumentopf): KEIN Icon gefunden in item_icons! Zeichne Text.
2025-04-14 12:57:47 - WARNING - __main__ - Slot 1 (Sack Erde): KEIN Icon gefunden in item_icons! Zeichne Text.
2025-04-14 12:57:47 - WARNING - __main__ - Slot 2 (Weed Seeds): KEIN Icon gefunden in item_icons! Zeichne Text.
2025-04-14 12:57:47 - WARNING - __main__ - Slot 0 (Blumentopf): KEIN Icon gefunden in item_icons! Zeichne Text.
2025-04-14 12:57:47 - WARNING - __main__ - Slot 1 (Sack Erde): KEIN Icon gefunden in item_icons! Zeichne Text.
2025-04-14 12:57:47 - WARNING - __main__ - Slot 2 (Weed Seeds): KEIN Icon gefunden in item_icons! Zeichne Text.
2025-04-14 12:57:47 - WARNING - __main__ - Slot 0 (Blumentopf): KEIN Icon gefunden in item_icons! Zeichne Text.
2025-04-14 12:57:47 - WARNING - __main__ - Slot 1 (Sack Erde): KEIN Icon gefunden in item_icons! Zeichne Text.
2025-04-14 12:57:47 - WARNING - __main__ - Slot 2 (Weed Seeds): KEIN Icon gefunden in item_icons! Zeichne Text.
2025-04-14 12:57:47 - WARNING - __main__ - Slot 0 (Blumentopf): KEIN Icon gefunden in item_icons! Zeichne Text.
2025-04-14 12:57:47 - WARNING - __main__ - Slot 1 (Sack Erde): KEIN Icon gefunden in item_icons! Zeichne Text.
2025-04-14 12:57:47 - WARNING - __main__ - Slot 2 (Weed Seeds): KEIN Icon gefunden in item_icons! Zeichne Text.
2025-04-14 12:57:47 - INFO - inventory - Inv 1349998752832: 1x 'Blumentopf' entfernt. Verbleibend: 1
2025-04-14 12:57:47 - INFO - __main__ - 'Blumentopf' platziert.
2025-04-14 12:57:47 - WARNING - __main__ - Slot 0 (Blumentopf): KEIN Icon gefunden in item_icons! Zeichne Text.
2025-04-14 12:57:47 - WARNING - __main__ - Slot 1 (Sack Erde): KEIN Icon gefunden in item_icons! Zeichne Text.
2025-04-14 12:57:47 - WARNING - __main__ - Slot 2 (Weed Seeds): KEIN Icon gefunden in item_icons! Zeichne Text.
2025-04-14 12:57:47 - WARNING - __main__ - Slot 0 (Blumentopf): KEIN Icon gefunden in item_icons! Zeichne Text.
2025-04-14 12:57:47 - WARNING - __main__ - Slot 1 (Sack Erde): KEIN Icon gefunden in item_icons! Zeichne Text.
2025-04-14 12:57:47 - WARNING - __main__ - Slot 2 (Weed Seeds): KEIN Icon gefunden in item_icons! Zeichne Text.
2025-04-14 12:57:47 - WARNING - __main__ - Slot 0 (Blumentopf): KEIN Icon gefunden in item_icons! Zeichne Text.
2025-04-14 12:57:47 - WARNING - __main__ - Slot 1 (Sack Erde): KEIN Icon gefunden in item_icons! Zeichne Text.
2025-04-14 12:57:47 - WARNING - __main__ - Slot 2 (Weed Seeds): KEIN Icon gefunden in item_icons! Zeichne Text.
2025-04-14 12:57:47 - WARNING - __main__ - Slot 0 (Blumentopf): KEIN Icon gefunden in item_icons! Zeichne Text.
2025-04-14 12:57:47 - WARNING - __main__ - Slot 1 (Sack Erde): KEIN Icon gefunden in item_icons! Zeichne Text.
2025-04-14 12:57:47 - WARNING - __main__ - Slot 2 (Weed Seeds): KEIN Icon gefunden in item_icons! Zeichne Text.
2025-04-14 12:57:47 - WARNING - __main__ - Slot 0 (Blumentopf): KEIN Icon gefunden in item_icons! Zeichne Text.
2025-04-14 12:57:47 - WARNING - __main__ - Slot 1 (Sack Erde): KEIN Icon gefunden in item_icons! Zeichne Text.
2025-04-14 12:57:47 - WARNING - __main__ - Slot 2 (Weed Seeds): KEIN Icon gefunden in item_icons! Zeichne Text.
2025-04-14 12:57:47 - WARNING - __main__ - Slot 0 (Blumentopf): KEIN Icon gefunden in item_icons! Zeichne Text.
2025-04-14 12:57:47 - WARNING - __main__ - Slot 1 (Sack Erde): KEIN Icon gefunden in item_icons! Zeichne Text.
2025-04-14 12:57:47 - WARNING - __main__ - Slot 2 (Weed Seeds): KEIN Icon gefunden in item_icons! Zeichne Text.
2025-04-14 12:57:47 - WARNING - __main__ - Slot 0 (Blumentopf): KEIN Icon gefunden in item_icons! Zeichne Text.
2025-04-14 12:57:47 - WARNING - __main__ - Slot 1 (Sack Erde): KEIN Icon gefunden in item_icons! Zeichne Text.
2025-04-14 12:57:47 - WARNING - __main__ - Slot 2 (Weed Seeds): KEIN Icon gefunden in item_icons! Zeichne Text.
2025-04-14 12:57:47 - WARNING - __main__ - Slot 0 (Blumentopf): KEIN Icon gefunden in item_icons! Zeichne Text.
2025-04-14 12:57:47 - WARNING - __main__ - Slot 1 (Sack Erde): KEIN Icon gefunden in item_icons! Zeichne Text.
2025-04-14 12:57:47 - WARNING - __main__ - Slot 2 (Weed Seeds): KEIN Icon gefunden in item_icons! Zeichne Text.
2025-04-14 12:57:47 - WARNING - __main__ - Slot 0 (Blumentopf): KEIN Icon gefunden in item_icons! Zeichne Text.
2025-04-14 12:57:47 - WARNING - __main__ - Slot 1 (Sack Erde): KEIN Icon gefunden in item_icons! Zeichne Text.
2025-04-14 12:57:47 - WARNING - __main__ - Slot 2 (Weed Seeds): KEIN Icon gefunden in item_icons! Zeichne Text.
2025-04-14 12:57:47 - WARNING - __main__ - Slot 0 (Blumentopf): KEIN Icon gefunden in item_icons! Zeichne Text.
2025-04-14 12:57:47 - WARNING - __main__ - Slot 1 (Sack Erde): KEIN Icon gefunden in item_icons! Zeichne Text.
2025-04-14 12:57:47 - WARNING - __main__ - Slot 2 (Weed Seeds): KEIN Icon gefunden in item_icons! Zeichne Text.
2025-04-14 12:57:47 - WARNING - __main__ - Slot 0 (Blumentopf): KEIN Icon gefunden in item_icons! Zeichne Text.
2025-04-14 12:57:47 - WARNING - __main__ - Slot 1 (Sack Erde): KEIN Icon gefunden in item_icons! Zeichne Text.
2025-04-14 12:57:47 - WARNING - __main__ - Slot 2 (Weed Seeds): KEIN Icon gefunden in item_icons! Zeichne Text.
2025-04-14 12:57:47 - WARNING - __main__ - Slot 0 (Blumentopf): KEIN Icon gefunden in item_icons! Zeichne Text.
2025-04-14 12:57:47 - WARNING - __main__ - Slot 1 (Sack Erde): KEIN Icon gefunden in item_icons! Zeichne Text.
2025-04-14 12:57:47 - WARNING - __main__ - Slot 2 (Weed Seeds): KEIN Icon gefunden in item_icons! Zeichne Text.
2025-04-14 12:57:47 - WARNING - __main__ - Slot 0 (Blumentopf): KEIN Icon gefunden in item_icons! Zeichne Text.
2025-04-14 12:57:47 - WARNING - __main__ - Slot 1 (Sack Erde): KEIN Icon gefunden in item_icons! Zeichne Text.
2025-04-14 12:57:47 - WARNING - __main__ - Slot 2 (Weed Seeds): KEIN Icon gefunden in item_icons! Zeichne Text.
2025-04-14 12:57:47 - WARNING - __main__ - Slot 0 (Blumentopf): KEIN Icon gefunden in item_icons! Zeichne Text.
2025-04-14 12:57:47 - WARNING - __main__ - Slot 1 (Sack Erde): KEIN Icon gefunden in item_icons! Zeichne Text.
2025-04-14 12:57:47 - WARNING - __main__ - Slot 2 (Weed Seeds): KEIN Icon gefunden in item_icons! Zeichne Text.
2025-04-14 12:57:47 - WARNING - __main__ - Slot 0 (Blumentopf): KEIN Icon gefunden in item_icons! Zeichne Text.
2025-04-14 12:57:47 - WARNING - __main__ - Slot 1 (Sack Erde): KEIN Icon gefunden in item_icons! Zeichne Text.
2025-04-14 12:57:47 - WARNING - __main__ - Slot 2 (Weed Seeds): KEIN Icon gefunden in item_icons! Zeichne Text.
2025-04-14 12:57:47 - WARNING - __main__ - Slot 0 (Blumentopf): KEIN Icon gefunden in item_icons! Zeichne Text.
2025-04-14 12:57:47 - WARNING - __main__ - Slot 1 (Sack Erde): KEIN Icon gefunden in item_icons! Zeichne Text.
2025-04-14 12:57:47 - WARNING - __main__ - Slot 2 (Weed Seeds): KEIN Icon gefunden in item_icons! Zeichne Text.
2025-04-14 12:57:47 - WARNING - __main__ - Slot 0 (Blumentopf): KEIN Icon gefunden in item_icons! Zeichne Text.
2025-04-14 12:57:47 - WARNING - __main__ - Slot 1 (Sack Erde): KEIN Icon gefunden in item_icons! Zeichne Text.
2025-04-14 12:57:47 - WARNING - __main__ - Slot 2 (Weed Seeds): KEIN Icon gefunden in item_icons! Zeichne Text.
2025-04-14 12:57:47 - WARNING - __main__ - Slot 0 (Blumentopf): KEIN Icon gefunden in item_icons! Zeichne Text.
2025-04-14 12:57:47 - WARNING - __main__ - Slot 1 (Sack Erde): KEIN Icon gefunden in item_icons! Zeichne Text.
2025-04-14 12:57:47 - WARNING - __main__ - Slot 2 (Weed Seeds): KEIN Icon gefunden in item_icons! Zeichne Text.
2025-04-14 12:57:47 - WARNING - __main__ - Slot 0 (Blumentopf): KEIN Icon gefunden in item_icons! Zeichne Text.
2025-04-14 12:57:47 - WARNING - __main__ - Slot 1 (Sack Erde): KEIN Icon gefunden in item_icons! Zeichne Text.
2025-04-14 12:57:47 - WARNING - __main__ - Slot 2 (Weed Seeds): KEIN Icon gefunden in item_icons! Zeichne Text.
2025-04-14 12:57:47 - WARNING - __main__ - Slot 0 (Blumentopf): KEIN Icon gefunden in item_icons! Zeichne Text.
2025-04-14 12:57:47 - WARNING - __main__ - Slot 1 (Sack Erde): KEIN Icon gefunden in item_icons! Zeichne Text.
2025-04-14 12:57:47 - WARNING - __main__ - Slot 2 (Weed Seeds): KEIN Icon gefunden in item_icons! Zeichne Text.
2025-04-14 12:57:47 - WARNING - __main__ - Slot 0 (Blumentopf): KEIN Icon gefunden in item_icons! Zeichne Text.
2025-04-14 12:57:47 - WARNING - __main__ - Slot 1 (Sack Erde): KEIN Icon gefunden in item_icons! Zeichne Text.
2025-04-14 12:57:47 - WARNING - __main__ - Slot 2 (Weed Seeds): KEIN Icon gefunden in item_icons! Zeichne Text.
2025-04-14 12:57:47 - WARNING - __main__ - Slot 0 (Blumentopf): KEIN Icon gefunden in item_icons! Zeichne Text.
2025-04-14 12:57:47 - WARNING - __main__ - Slot 1 (Sack Erde): KEIN Icon gefunden in item_icons! Zeichne Text.
2025-04-14 12:57:47 - WARNING - __main__ - Slot 2 (Weed Seeds): KEIN Icon gefunden in item_icons! Zeichne Text.
2025-04-14 12:57:47 - WARNING - __main__ - Slot 0 (Blumentopf): KEIN Icon gefunden in item_icons! Zeichne Text.
2025-04-14 12:57:47 - WARNING - __main__ - Slot 1 (Sack Erde): KEIN Icon gefunden in item_icons! Zeichne Text.
2025-04-14 12:57:47 - WARNING - __main__ - Slot 2 (Weed Seeds): KEIN Icon gefunden in item_icons! Zeichne Text.
2025-04-14 12:57:47 - WARNING - __main__ - Slot 0 (Blumentopf): KEIN Icon gefunden in item_icons! Zeichne Text.
2025-04-14 12:57:47 - WARNING - __main__ - Slot 1 (Sack Erde): KEIN Icon gefunden in item_icons! Zeichne Text.
2025-04-14 12:57:47 - WARNING - __main__ - Slot 2 (Weed Seeds): KEIN Icon gefunden in item_icons! Zeichne Text.
2025-04-14 12:57:47 - WARNING - __main__ - Slot 0 (Blumentopf): KEIN Icon gefunden in item_icons! Zeichne Text.
2025-04-14 12:57:47 - WARNING - __main__ - Slot 1 (Sack Erde): KEIN Icon gefunden in item_icons! Zeichne Text.
2025-04-14 12:57:47 - WARNING - __main__ - Slot 2 (Weed Seeds): KEIN Icon gefunden in item_icons! Zeichne Text.
2025-04-14 12:57:47 - WARNING - __main__ - Slot 0 (Blumentopf): KEIN Icon gefunden in item_icons! Zeichne Text.
2025-04-14 12:57:47 - WARNING - __main__ - Slot 1 (Sack Erde): KEIN Icon gefunden in item_icons! Zeichne Text.
2025-04-14 12:57:47 - WARNING - __main__ - Slot 2 (Weed Seeds): KEIN Icon gefunden in item_icons! Zeichne Text.
2025-04-14 12:57:47 - WARNING - __main__ - Slot 0 (Blumentopf): KEIN Icon gefunden in item_icons! Zeichne Text.
2025-04-14 12:57:47 - WARNING - __main__ - Slot 1 (Sack Erde): KEIN Icon gefunden in item_icons! Zeichne Text.
2025-04-14 12:57:47 - WARNING - __main__ - Slot 2 (Weed Seeds): KEIN Icon gefunden in item_icons! Zeichne Text.
2025-04-14 12:57:47 - WARNING - __main__ - Slot 0 (Blumentopf): KEIN Icon gefunden in item_icons! Zeichne Text.
2025-04-14 12:57:47 - WARNING - __main__ - Slot 1 (Sack Erde): KEIN Icon gefunden in item_icons! Zeichne Text.
2025-04-14 12:57:47 - WARNING - __main__ - Slot 2 (Weed Seeds): KEIN Icon gefunden in item_icons! Zeichne Text.
2025-04-14 12:57:47 - WARNING - __main__ - Slot 0 (Blumentopf): KEIN Icon gefunden in item_icons! Zeichne Text.
2025-04-14 12:57:47 - WARNING - __main__ - Slot 1 (Sack Erde): KEIN Icon gefunden in item_icons! Zeichne Text.
2025-04-14 12:57:47 - WARNING - __main__ - Slot 2 (Weed Seeds): KEIN Icon gefunden in item_icons! Zeichne Text.
2025-04-14 12:57:47 - WARNING - __main__ - Slot 0 (Blumentopf): KEIN Icon gefunden in item_icons! Zeichne Text.
2025-04-14 12:57:47 - WARNING - __main__ - Slot 1 (Sack Erde): KEIN Icon gefunden in item_icons! Zeichne Text.
2025-04-14 12:57:47 - WARNING - __main__ - Slot 2 (Weed Seeds): KEIN Icon gefunden in item_icons! Zeichne Text.
2025-04-14 12:57:47 - WARNING - __main__ - Slot 0 (Blumentopf): KEIN Icon gefunden in item_icons! Zeichne Text.
2025-04-14 12:57:47 - WARNING - __main__ - Slot 1 (Sack Erde): KEIN Icon gefunden in item_icons! Zeichne Text.
2025-04-14 12:57:47 - WARNING - __main__ - Slot 2 (Weed Seeds): KEIN Icon gefunden in item_icons! Zeichne Text.
2025-04-14 12:57:47 - WARNING - __main__ - Slot 0 (Blumentopf): KEIN Icon gefunden in item_icons! Zeichne Text.
2025-04-14 12:57:47 - WARNING - __main__ - Slot 1 (Sack Erde): KEIN Icon gefunden in item_icons! Zeichne Text.
2025-04-14 12:57:47 - WARNING - __main__ - Slot 2 (Weed Seeds): KEIN Icon gefunden in item_icons! Zeichne Text.
2025-04-14 12:57:47 - WARNING - __main__ - Slot 0 (Blumentopf): KEIN Icon gefunden in item_icons! Zeichne Text.
2025-04-14 12:57:47 - WARNING - __main__ - Slot 1 (Sack Erde): KEIN Icon gefunden in item_icons! Zeichne Text.
2025-04-14 12:57:47 - WARNING - __main__ - Slot 2 (Weed Seeds): KEIN Icon gefunden in item_icons! Zeichne Text.
2025-04-14 12:57:47 - WARNING - __main__ - Slot 0 (Blumentopf): KEIN Icon gefunden in item_icons! Zeichne Text.
2025-04-14 12:57:47 - WARNING - __main__ - Slot 1 (Sack Erde): KEIN Icon gefunden in item_icons! Zeichne Text.
2025-04-14 12:57:47 - WARNING - __main__ - Slot 2 (Weed Seeds): KEIN Icon gefunden in item_icons! Zeichne Text.
2025-04-14 12:57:47 - WARNING - __main__ - Slot 0 (Blumentopf): KEIN Icon gefunden in item_icons! Zeichne Text.
2025-04-14 12:57:47 - WARNING - __main__ - Slot 1 (Sack Erde): KEIN Icon gefunden in item_icons! Zeichne Text.
2025-04-14 12:57:47 - WARNING - __main__ - Slot 2 (Weed Seeds): KEIN Icon gefunden in item_icons! Zeichne Text.
2025-04-14 12:57:47 - WARNING - __main__ - Slot 0 (Blumentopf): KEIN Icon gefunden in item_icons! Zeichne Text.
2025-04-14 12:57:47 - WARNING - __main__ - Slot 1 (Sack Erde): KEIN Icon gefunden in item_icons! Zeichne Text.
2025-04-14 12:57:47 - WARNING - __main__ - Slot 2 (Weed Seeds): KEIN Icon gefunden in item_icons! Zeichne Text.
2025-04-14 12:57:47 - WARNING - __main__ - Slot 0 (Blumentopf): KEIN Icon gefunden in item_icons! Zeichne Text.
2025-04-14 12:57:47 - WARNING - __main__ - Slot 1 (Sack Erde): KEIN Icon gefunden in item_icons! Zeichne Text.
2025-04-14 12:57:47 - WARNING - __main__ - Slot 2 (Weed Seeds): KEIN Icon gefunden in item_icons! Zeichne Text.
2025-04-14 12:57:47 - WARNING - __main__ - Slot 0 (Blumentopf): KEIN Icon gefunden in item_icons! Zeichne Text.
2025-04-14 12:57:47 - WARNING - __main__ - Slot 1 (Sack Erde): KEIN Icon gefunden in item_icons! Zeichne Text.
2025-04-14 12:57:47 - WARNING - __main__ - Slot 2 (Weed Seeds): KEIN Icon gefunden in item_icons! Zeichne Text.
2025-04-14 12:57:47 - WARNING - __main__ - Slot 0 (Blumentopf): KEIN Icon gefunden in item_icons! Zeichne Text.
2025-04-14 12:57:47 - WARNING - __main__ - Slot 1 (Sack Erde): KEIN Icon gefunden in item_icons! Zeichne Text.
2025-04-14 12:57:47 - WARNING - __main__ - Slot 2 (Weed Seeds): KEIN Icon gefunden in item_icons! Zeichne Text.
2025-04-14 12:57:47 - WARNING - __main__ - Slot 0 (Blumentopf): KEIN Icon gefunden in item_icons! Zeichne Text.
2025-04-14 12:57:47 - WARNING - __main__ - Slot 1 (Sack Erde): KEIN Icon gefunden in item_icons! Zeichne Text.
2025-04-14 12:57:47 - WARNING - __main__ - Slot 2 (Weed Seeds): KEIN Icon gefunden in item_icons! Zeichne Text.
2025-04-14 12:57:47 - WARNING - __main__ - Slot 0 (Blumentopf): KEIN Icon gefunden in item_icons! Zeichne Text.
2025-04-14 12:57:47 - WARNING - __main__ - Slot 1 (Sack Erde): KEIN Icon gefunden in item_icons! Zeichne Text.
2025-04-14 12:57:47 - WARNING - __main__ - Slot 2 (Weed Seeds): KEIN Icon gefunden in item_icons! Zeichne Text.
2025-04-14 12:57:47 - WARNING - __main__ - Slot 0 (Blumentopf): KEIN Icon gefunden in item_icons! Zeichne Text.
2025-04-14 12:57:47 - WARNING - __main__ - Slot 1 (Sack Erde): KEIN Icon gefunden in item_icons! Zeichne Text.
2025-04-14 12:57:47 - WARNING - __main__ - Slot 2 (Weed Seeds): KEIN Icon gefunden in item_icons! Zeichne Text.
2025-04-14 12:57:47 - WARNING - __main__ - Slot 0 (Blumentopf): KEIN Icon gefunden in item_icons! Zeichne Text.
2025-04-14 12:57:47 - WARNING - __main__ - Slot 1 (Sack Erde): KEIN Icon gefunden in item_icons! Zeichne Text.
2025-04-14 12:57:47 - WARNING - __main__ - Slot 2 (Weed Seeds): KEIN Icon gefunden in item_icons! Zeichne Text.
2025-04-14 12:57:47 - WARNING - __main__ - Slot 0 (Blumentopf): KEIN Icon gefunden in item_icons! Zeichne Text.
2025-04-14 12:57:47 - WARNING - __main__ - Slot 1 (Sack Erde): KEIN Icon gefunden in item_icons! Zeichne Text.
2025-04-14 12:57:47 - WARNING - __main__ - Slot 2 (Weed Seeds): KEIN Icon gefunden in item_icons! Zeichne Text.
2025-04-14 12:57:47 - WARNING - __main__ - Slot 0 (Blumentopf): KEIN Icon gefunden in item_icons! Zeichne Text.
2025-04-14 12:57:47 - WARNING - __main__ - Slot 1 (Sack Erde): KEIN Icon gefunden in item_icons! Zeichne Text.
2025-04-14 12:57:47 - WARNING - __main__ - Slot 2 (Weed Seeds): KEIN Icon gefunden in item_icons! Zeichne Text.
2025-04-14 12:57:47 - WARNING - __main__ - Slot 0 (Blumentopf): KEIN Icon gefunden in item_icons! Zeichne Text.
2025-04-14 12:57:47 - WARNING - __main__ - Slot 1 (Sack Erde): KEIN Icon gefunden in item_icons! Zeichne Text.
2025-04-14 12:57:47 - WARNING - __main__ - Slot 2 (Weed Seeds): KEIN Icon gefunden in item_icons! Zeichne Text.
2025-04-14 12:57:47 - WARNING - __main__ - Slot 0 (Blumentopf): KEIN Icon gefunden in item_icons! Zeichne Text.
2025-04-14 12:57:47 - WARNING - __main__ - Slot 1 (Sack Erde): KEIN Icon gefunden in item_icons! Zeichne Text.
2025-04-14 12:57:47 - WARNING - __main__ - Slot 2 (Weed Seeds): KEIN Icon gefunden in item_icons! Zeichne Text.
2025-04-14 12:57:47 - WARNING - __main__ - Slot 0 (Blumentopf): KEIN Icon gefunden in item_icons! Zeichne Text.
2025-04-14 12:57:47 - WARNING - __main__ - Slot 1 (Sack Erde): KEIN Icon gefunden in item_icons! Zeichne Text.
2025-04-14 12:57:47 - WARNING - __main__ - Slot 2 (Weed Seeds): KEIN Icon gefunden in item_icons! Zeichne Text.
2025-04-14 12:57:47 - WARNING - __main__ - Slot 0 (Blumentopf): KEIN Icon gefunden in item_icons! Zeichne Text.
2025-04-14 12:57:47 - WARNING - __main__ - Slot 1 (Sack Erde): KEIN Icon gefunden in item_icons! Zeichne Text.
2025-04-14 12:57:47 - WARNING - __main__ - Slot 2 (Weed Seeds): KEIN Icon gefunden in item_icons! Zeichne Text.
2025-04-14 12:57:48 - WARNING - __main__ - Slot 0 (Blumentopf): KEIN Icon gefunden in item_icons! Zeichne Text.
2025-04-14 12:57:48 - WARNING - __main__ - Slot 1 (Sack Erde): KEIN Icon gefunden in item_icons! Zeichne Text.
2025-04-14 12:57:48 - WARNING - __main__ - Slot 2 (Weed Seeds): KEIN Icon gefunden in item_icons! Zeichne Text.
2025-04-14 12:57:48 - WARNING - __main__ - Slot 0 (Blumentopf): KEIN Icon gefunden in item_icons! Zeichne Text.
2025-04-14 12:57:48 - WARNING - __main__ - Slot 1 (Sack Erde): KEIN Icon gefunden in item_icons! Zeichne Text.
2025-04-14 12:57:48 - WARNING - __main__ - Slot 2 (Weed Seeds): KEIN Icon gefunden in item_icons! Zeichne Text.
2025-04-14 12:57:48 - WARNING - __main__ - Slot 0 (Blumentopf): KEIN Icon gefunden in item_icons! Zeichne Text.
2025-04-14 12:57:48 - WARNING - __main__ - Slot 1 (Sack Erde): KEIN Icon gefunden in item_icons! Zeichne Text.
2025-04-14 12:57:48 - WARNING - __main__ - Slot 2 (Weed Seeds): KEIN Icon gefunden in item_icons! Zeichne Text.
2025-04-14 12:57:48 - WARNING - __main__ - Slot 0 (Blumentopf): KEIN Icon gefunden in item_icons! Zeichne Text.
2025-04-14 12:57:48 - WARNING - __main__ - Slot 1 (Sack Erde): KEIN Icon gefunden in item_icons! Zeichne Text.
2025-04-14 12:57:48 - WARNING - __main__ - Slot 2 (Weed Seeds): KEIN Icon gefunden in item_icons! Zeichne Text.
2025-04-14 12:57:48 - WARNING - __main__ - Slot 0 (Blumentopf): KEIN Icon gefunden in item_icons! Zeichne Text.
2025-04-14 12:57:48 - WARNING - __main__ - Slot 1 (Sack Erde): KEIN Icon gefunden in item_icons! Zeichne Text.
2025-04-14 12:57:48 - WARNING - __main__ - Slot 2 (Weed Seeds): KEIN Icon gefunden in item_icons! Zeichne Text.
2025-04-14 12:57:48 - WARNING - __main__ - Slot 0 (Blumentopf): KEIN Icon gefunden in item_icons! Zeichne Text.
2025-04-14 12:57:48 - WARNING - __main__ - Slot 1 (Sack Erde): KEIN Icon gefunden in item_icons! Zeichne Text.
2025-04-14 12:57:48 - WARNING - __main__ - Slot 2 (Weed Seeds): KEIN Icon gefunden in item_icons! Zeichne Text.
2025-04-14 12:57:48 - WARNING - __main__ - Slot 0 (Blumentopf): KEIN Icon gefunden in item_icons! Zeichne Text.
2025-04-14 12:57:48 - WARNING - __main__ - Slot 1 (Sack Erde): KEIN Icon gefunden in item_icons! Zeichne Text.
2025-04-14 12:57:48 - WARNING - __main__ - Slot 2 (Weed Seeds): KEIN Icon gefunden in item_icons! Zeichne Text.
2025-04-14 12:57:48 - WARNING - __main__ - Slot 0 (Blumentopf): KEIN Icon gefunden in item_icons! Zeichne Text.
2025-04-14 12:57:48 - WARNING - __main__ - Slot 1 (Sack Erde): KEIN Icon gefunden in item_icons! Zeichne Text.
2025-04-14 12:57:48 - WARNING - __main__ - Slot 2 (Weed Seeds): KEIN Icon gefunden in item_icons! Zeichne Text.
2025-04-14 12:57:48 - WARNING - __main__ - Slot 0 (Blumentopf): KEIN Icon gefunden in item_icons! Zeichne Text.
2025-04-14 12:57:48 - WARNING - __main__ - Slot 1 (Sack Erde): KEIN Icon gefunden in item_icons! Zeichne Text.
2025-04-14 12:57:48 - WARNING - __main__ - Slot 2 (Weed Seeds): KEIN Icon gefunden in item_icons! Zeichne Text.
2025-04-14 12:57:48 - WARNING - __main__ - Slot 0 (Blumentopf): KEIN Icon gefunden in item_icons! Zeichne Text.
2025-04-14 12:57:48 - WARNING - __main__ - Slot 1 (Sack Erde): KEIN Icon gefunden in item_icons! Zeichne Text.
2025-04-14 12:57:48 - WARNING - __main__ - Slot 2 (Weed Seeds): KEIN Icon gefunden in item_icons! Zeichne Text.
2025-04-14 12:57:48 - WARNING - __main__ - Slot 0 (Blumentopf): KEIN Icon gefunden in item_icons! Zeichne Text.
2025-04-14 12:57:48 - WARNING - __main__ - Slot 1 (Sack Erde): KEIN Icon gefunden in item_icons! Zeichne Text.
2025-04-14 12:57:48 - WARNING - __main__ - Slot 2 (Weed Seeds): KEIN Icon gefunden in item_icons! Zeichne Text.
2025-04-14 12:57:48 - WARNING - __main__ - Slot 0 (Blumentopf): KEIN Icon gefunden in item_icons! Zeichne Text.
2025-04-14 12:57:48 - WARNING - __main__ - Slot 1 (Sack Erde): KEIN Icon gefunden in item_icons! Zeichne Text.
2025-04-14 12:57:48 - WARNING - __main__ - Slot 2 (Weed Seeds): KEIN Icon gefunden in item_icons! Zeichne Text.
2025-04-14 12:57:48 - WARNING - __main__ - Slot 0 (Blumentopf): KEIN Icon gefunden in item_icons! Zeichne Text.
2025-04-14 12:57:48 - WARNING - __main__ - Slot 1 (Sack Erde): KEIN Icon gefunden in item_icons! Zeichne Text.
2025-04-14 12:57:48 - WARNING - __main__ - Slot 2 (Weed Seeds): KEIN Icon gefunden in item_icons! Zeichne Text.
2025-04-14 12:57:48 - WARNING - __main__ - Slot 0 (Blumentopf): KEIN Icon gefunden in item_icons! Zeichne Text.
2025-04-14 12:57:48 - WARNING - __main__ - Slot 1 (Sack Erde): KEIN Icon gefunden in item_icons! Zeichne Text.
2025-04-14 12:57:48 - WARNING - __main__ - Slot 2 (Weed Seeds): KEIN Icon gefunden in item_icons! Zeichne Text.
2025-04-14 12:57:48 - WARNING - __main__ - Slot 0 (Blumentopf): KEIN Icon gefunden in item_icons! Zeichne Text.
2025-04-14 12:57:48 - WARNING - __main__ - Slot 1 (Sack Erde): KEIN Icon gefunden in item_icons! Zeichne Text.
2025-04-14 12:57:48 - WARNING - __main__ - Slot 2 (Weed Seeds): KEIN Icon gefunden in item_icons! Zeichne Text.
2025-04-14 12:57:48 - WARNING - __main__ - Slot 0 (Blumentopf): KEIN Icon gefunden in item_icons! Zeichne Text.
2025-04-14 12:57:48 - WARNING - __main__ - Slot 1 (Sack Erde): KEIN Icon gefunden in item_icons! Zeichne Text.
2025-04-14 12:57:48 - WARNING - __main__ - Slot 2 (Weed Seeds): KEIN Icon gefunden in item_icons! Zeichne Text.
2025-04-14 12:57:48 - WARNING - __main__ - Slot 0 (Blumentopf): KEIN Icon gefunden in item_icons! Zeichne Text.
2025-04-14 12:57:48 - WARNING - __main__ - Slot 1 (Sack Erde): KEIN Icon gefunden in item_icons! Zeichne Text.
2025-04-14 12:57:48 - WARNING - __main__ - Slot 2 (Weed Seeds): KEIN Icon gefunden in item_icons! Zeichne Text.
2025-04-14 12:57:48 - WARNING - __main__ - Slot 0 (Blumentopf): KEIN Icon gefunden in item_icons! Zeichne Text.
2025-04-14 12:57:48 - WARNING - __main__ - Slot 1 (Sack Erde): KEIN Icon gefunden in item_icons! Zeichne Text.
2025-04-14 12:57:48 - WARNING - __main__ - Slot 2 (Weed Seeds): KEIN Icon gefunden in item_icons! Zeichne Text.
2025-04-14 12:57:48 - WARNING - __main__ - Slot 0 (Blumentopf): KEIN Icon gefunden in item_icons! Zeichne Text.
2025-04-14 12:57:48 - WARNING - __main__ - Slot 1 (Sack Erde): KEIN Icon gefunden in item_icons! Zeichne Text.
2025-04-14 12:57:48 - WARNING - __main__ - Slot 2 (Weed Seeds): KEIN Icon gefunden in item_icons! Zeichne Text.
2025-04-14 12:57:48 - WARNING - __main__ - Slot 0 (Blumentopf): KEIN Icon gefunden in item_icons! Zeichne Text.
2025-04-14 12:57:48 - WARNING - __main__ - Slot 1 (Sack Erde): KEIN Icon gefunden in item_icons! Zeichne Text.
2025-04-14 12:57:48 - WARNING - __main__ - Slot 2 (Weed Seeds): KEIN Icon gefunden in item_icons! Zeichne Text.
2025-04-14 12:57:48 - WARNING - __main__ - Slot 0 (Blumentopf): KEIN Icon gefunden in item_icons! Zeichne Text.
2025-04-14 12:57:48 - WARNING - __main__ - Slot 1 (Sack Erde): KEIN Icon gefunden in item_icons! Zeichne Text.
2025-04-14 12:57:48 - WARNING - __main__ - Slot 2 (Weed Seeds): KEIN Icon gefunden in item_icons! Zeichne Text.
2025-04-14 12:57:48 - WARNING - __main__ - Slot 0 (Blumentopf): KEIN Icon gefunden in item_icons! Zeichne Text.
2025-04-14 12:57:48 - WARNING - __main__ - Slot 1 (Sack Erde): KEIN Icon gefunden in item_icons! Zeichne Text.
2025-04-14 12:57:48 - WARNING - __main__ - Slot 2 (Weed Seeds): KEIN Icon gefunden in item_icons! Zeichne Text.
2025-04-14 12:57:48 - WARNING - __main__ - Slot 0 (Blumentopf): KEIN Icon gefunden in item_icons! Zeichne Text.
2025-04-14 12:57:48 - WARNING - __main__ - Slot 1 (Sack Erde): KEIN Icon gefunden in item_icons! Zeichne Text.
2025-04-14 12:57:48 - WARNING - __main__ - Slot 2 (Weed Seeds): KEIN Icon gefunden in item_icons! Zeichne Text.
2025-04-14 12:57:48 - WARNING - __main__ - Slot 0 (Blumentopf): KEIN Icon gefunden in item_icons! Zeichne Text.
2025-04-14 12:57:48 - WARNING - __main__ - Slot 1 (Sack Erde): KEIN Icon gefunden in item_icons! Zeichne Text.
2025-04-14 12:57:48 - WARNING - __main__ - Slot 2 (Weed Seeds): KEIN Icon gefunden in item_icons! Zeichne Text.
2025-04-14 12:57:48 - WARNING - __main__ - Slot 0 (Blumentopf): KEIN Icon gefunden in item_icons! Zeichne Text.
2025-04-14 12:57:48 - WARNING - __main__ - Slot 1 (Sack Erde): KEIN Icon gefunden in item_icons! Zeichne Text.
2025-04-14 12:57:48 - WARNING - __main__ - Slot 2 (Weed Seeds): KEIN Icon gefunden in item_icons! Zeichne Text.
2025-04-14 12:57:48 - WARNING - __main__ - Slot 0 (Blumentopf): KEIN Icon gefunden in item_icons! Zeichne Text.
2025-04-14 12:57:48 - WARNING - __main__ - Slot 1 (Sack Erde): KEIN Icon gefunden in item_icons! Zeichne Text.
2025-04-14 12:57:48 - WARNING - __main__ - Slot 2 (Weed Seeds): KEIN Icon gefunden in item_icons! Zeichne Text.
2025-04-14 12:57:48 - WARNING - __main__ - Slot 0 (Blumentopf): KEIN Icon gefunden in item_icons! Zeichne Text.
2025-04-14 12:57:48 - WARNING - __main__ - Slot 1 (Sack Erde): KEIN Icon gefunden in item_icons! Zeichne Text.
2025-04-14 12:57:48 - WARNING - __main__ - Slot 2 (Weed Seeds): KEIN Icon gefunden in item_icons! Zeichne Text.
2025-04-14 12:57:48 - WARNING - __main__ - Slot 0 (Blumentopf): KEIN Icon gefunden in item_icons! Zeichne Text.
2025-04-14 12:57:48 - WARNING - __main__ - Slot 1 (Sack Erde): KEIN Icon gefunden in item_icons! Zeichne Text.
2025-04-14 12:57:48 - WARNING - __main__ - Slot 2 (Weed Seeds): KEIN Icon gefunden in item_icons! Zeichne Text.
2025-04-14 12:57:48 - WARNING - __main__ - Slot 0 (Blumentopf): KEIN Icon gefunden in item_icons! Zeichne Text.
2025-04-14 12:57:48 - WARNING - __main__ - Slot 1 (Sack Erde): KEIN Icon gefunden in item_icons! Zeichne Text.
2025-04-14 12:57:48 - WARNING - __main__ - Slot 2 (Weed Seeds): KEIN Icon gefunden in item_icons! Zeichne Text.
2025-04-14 12:57:48 - WARNING - __main__ - Slot 0 (Blumentopf): KEIN Icon gefunden in item_icons! Zeichne Text.
2025-04-14 12:57:48 - WARNING - __main__ - Slot 1 (Sack Erde): KEIN Icon gefunden in item_icons! Zeichne Text.
2025-04-14 12:57:48 - WARNING - __main__ - Slot 2 (Weed Seeds): KEIN Icon gefunden in item_icons! Zeichne Text.
2025-04-14 12:57:48 - WARNING - __main__ - Slot 0 (Blumentopf): KEIN Icon gefunden in item_icons! Zeichne Text.
2025-04-14 12:57:48 - WARNING - __main__ - Slot 1 (Sack Erde): KEIN Icon gefunden in item_icons! Zeichne Text.
2025-04-14 12:57:48 - WARNING - __main__ - Slot 2 (Weed Seeds): KEIN Icon gefunden in item_icons! Zeichne Text.
2025-04-14 12:57:48 - WARNING - __main__ - Slot 0 (Blumentopf): KEIN Icon gefunden in item_icons! Zeichne Text.
2025-04-14 12:57:48 - WARNING - __main__ - Slot 1 (Sack Erde): KEIN Icon gefunden in item_icons! Zeichne Text.
2025-04-14 12:57:48 - WARNING - __main__ - Slot 2 (Weed Seeds): KEIN Icon gefunden in item_icons! Zeichne Text.
2025-04-14 12:57:48 - WARNING - __main__ - Slot 0 (Blumentopf): KEIN Icon gefunden in item_icons! Zeichne Text.
2025-04-14 12:57:48 - WARNING - __main__ - Slot 1 (Sack Erde): KEIN Icon gefunden in item_icons! Zeichne Text.
2025-04-14 12:57:48 - WARNING - __main__ - Slot 2 (Weed Seeds): KEIN Icon gefunden in item_icons! Zeichne Text.
2025-04-14 12:57:48 - WARNING - __main__ - Slot 0 (Blumentopf): KEIN Icon gefunden in item_icons! Zeichne Text.
2025-04-14 12:57:48 - WARNING - __main__ - Slot 1 (Sack Erde): KEIN Icon gefunden in item_icons! Zeichne Text.
2025-04-14 12:57:48 - WARNING - __main__ - Slot 2 (Weed Seeds): KEIN Icon gefunden in item_icons! Zeichne Text.
2025-04-14 12:57:48 - WARNING - __main__ - Slot 0 (Blumentopf): KEIN Icon gefunden in item_icons! Zeichne Text.
2025-04-14 12:57:48 - WARNING - __main__ - Slot 1 (Sack Erde): KEIN Icon gefunden in item_icons! Zeichne Text.
2025-04-14 12:57:48 - WARNING - __main__ - Slot 2 (Weed Seeds): KEIN Icon gefunden in item_icons! Zeichne Text.
2025-04-14 12:57:48 - WARNING - __main__ - Slot 0 (Blumentopf): KEIN Icon gefunden in item_icons! Zeichne Text.
2025-04-14 12:57:48 - WARNING - __main__ - Slot 1 (Sack Erde): KEIN Icon gefunden in item_icons! Zeichne Text.
2025-04-14 12:57:48 - WARNING - __main__ - Slot 2 (Weed Seeds): KEIN Icon gefunden in item_icons! Zeichne Text.
2025-04-14 12:57:48 - WARNING - __main__ - Slot 0 (Blumentopf): KEIN Icon gefunden in item_icons! Zeichne Text.
2025-04-14 12:57:48 - WARNING - __main__ - Slot 1 (Sack Erde): KEIN Icon gefunden in item_icons! Zeichne Text.
2025-04-14 12:57:48 - WARNING - __main__ - Slot 2 (Weed Seeds): KEIN Icon gefunden in item_icons! Zeichne Text.
2025-04-14 12:57:48 - WARNING - __main__ - Slot 0 (Blumentopf): KEIN Icon gefunden in item_icons! Zeichne Text.
2025-04-14 12:57:48 - WARNING - __main__ - Slot 1 (Sack Erde): KEIN Icon gefunden in item_icons! Zeichne Text.
2025-04-14 12:57:48 - WARNING - __main__ - Slot 2 (Weed Seeds): KEIN Icon gefunden in item_icons! Zeichne Text.
2025-04-14 12:57:48 - WARNING - __main__ - Slot 0 (Blumentopf): KEIN Icon gefunden in item_icons! Zeichne Text.
2025-04-14 12:57:48 - WARNING - __main__ - Slot 1 (Sack Erde): KEIN Icon gefunden in item_icons! Zeichne Text.
2025-04-14 12:57:48 - WARNING - __main__ - Slot 2 (Weed Seeds): KEIN Icon gefunden in item_icons! Zeichne Text.
2025-04-14 12:57:48 - WARNING - __main__ - Slot 0 (Blumentopf): KEIN Icon gefunden in item_icons! Zeichne Text.
2025-04-14 12:57:48 - WARNING - __main__ - Slot 1 (Sack Erde): KEIN Icon gefunden in item_icons! Zeichne Text.
2025-04-14 12:57:48 - WARNING - __main__ - Slot 2 (Weed Seeds): KEIN Icon gefunden in item_icons! Zeichne Text.
2025-04-14 12:57:48 - WARNING - __main__ - Slot 0 (Blumentopf): KEIN Icon gefunden in item_icons! Zeichne Text.
2025-04-14 12:57:48 - WARNING - __main__ - Slot 1 (Sack Erde): KEIN Icon gefunden in item_icons! Zeichne Text.
2025-04-14 12:57:48 - WARNING - __main__ - Slot 2 (Weed Seeds): KEIN Icon gefunden in item_icons! Zeichne Text.
2025-04-14 12:57:48 - WARNING - __main__ - Slot 0 (Blumentopf): KEIN Icon gefunden in item_icons! Zeichne Text.
2025-04-14 12:57:48 - WARNING - __main__ - Slot 1 (Sack Erde): KEIN Icon gefunden in item_icons! Zeichne Text.
2025-04-14 12:57:48 - WARNING - __main__ - Slot 2 (Weed Seeds): KEIN Icon gefunden in item_icons! Zeichne Text.
2025-04-14 12:57:48 - WARNING - __main__ - Slot 0 (Blumentopf): KEIN Icon gefunden in item_icons! Zeichne Text.
2025-04-14 12:57:48 - WARNING - __main__ - Slot 1 (Sack Erde): KEIN Icon gefunden in item_icons! Zeichne Text.
2025-04-14 12:57:48 - WARNING - __main__ - Slot 2 (Weed Seeds): KEIN Icon gefunden in item_icons! Zeichne Text.
2025-04-14 12:57:48 - WARNING - __main__ - Slot 0 (Blumentopf): KEIN Icon gefunden in item_icons! Zeichne Text.
2025-04-14 12:57:48 - WARNING - __main__ - Slot 1 (Sack Erde): KEIN Icon gefunden in item_icons! Zeichne Text.
2025-04-14 12:57:48 - WARNING - __main__ - Slot 2 (Weed Seeds): KEIN Icon gefunden in item_icons! Zeichne Text.
2025-04-14 12:57:48 - WARNING - __main__ - Slot 0 (Blumentopf): KEIN Icon gefunden in item_icons! Zeichne Text.
2025-04-14 12:57:48 - WARNING - __main__ - Slot 1 (Sack Erde): KEIN Icon gefunden in item_icons! Zeichne Text.
2025-04-14 12:57:48 - WARNING - __main__ - Slot 2 (Weed Seeds): KEIN Icon gefunden in item_icons! Zeichne Text.
2025-04-14 12:57:48 - WARNING - __main__ - Slot 0 (Blumentopf): KEIN Icon gefunden in item_icons! Zeichne Text.
2025-04-14 12:57:48 - WARNING - __main__ - Slot 1 (Sack Erde): KEIN Icon gefunden in item_icons! Zeichne Text.
2025-04-14 12:57:48 - WARNING - __main__ - Slot 2 (Weed Seeds): KEIN Icon gefunden in item_icons! Zeichne Text.
2025-04-14 12:57:48 - WARNING - __main__ - Slot 0 (Blumentopf): KEIN Icon gefunden in item_icons! Zeichne Text.
2025-04-14 12:57:48 - WARNING - __main__ - Slot 1 (Sack Erde): KEIN Icon gefunden in item_icons! Zeichne Text.
2025-04-14 12:57:48 - WARNING - __main__ - Slot 2 (Weed Seeds): KEIN Icon gefunden in item_icons! Zeichne Text.
2025-04-14 12:57:48 - WARNING - __main__ - Slot 0 (Blumentopf): KEIN Icon gefunden in item_icons! Zeichne Text.
2025-04-14 12:57:48 - WARNING - __main__ - Slot 1 (Sack Erde): KEIN Icon gefunden in item_icons! Zeichne Text.
2025-04-14 12:57:48 - WARNING - __main__ - Slot 2 (Weed Seeds): KEIN Icon gefunden in item_icons! Zeichne Text.
2025-04-14 12:57:48 - WARNING - __main__ - Slot 0 (Blumentopf): KEIN Icon gefunden in item_icons! Zeichne Text.
2025-04-14 12:57:48 - WARNING - __main__ - Slot 1 (Sack Erde): KEIN Icon gefunden in item_icons! Zeichne Text.
2025-04-14 12:57:48 - WARNING - __main__ - Slot 2 (Weed Seeds): KEIN Icon gefunden in item_icons! Zeichne Text.
2025-04-14 12:57:48 - WARNING - __main__ - Slot 0 (Blumentopf): KEIN Icon gefunden in item_icons! Zeichne Text.
2025-04-14 12:57:48 - WARNING - __main__ - Slot 1 (Sack Erde): KEIN Icon gefunden in item_icons! Zeichne Text.
2025-04-14 12:57:48 - WARNING - __main__ - Slot 2 (Weed Seeds): KEIN Icon gefunden in item_icons! Zeichne Text.
2025-04-14 12:57:48 - WARNING - __main__ - Slot 0 (Blumentopf): KEIN Icon gefunden in item_icons! Zeichne Text.
2025-04-14 12:57:48 - WARNING - __main__ - Slot 1 (Sack Erde): KEIN Icon gefunden in item_icons! Zeichne Text.
2025-04-14 12:57:48 - WARNING - __main__ - Slot 2 (Weed Seeds): KEIN Icon gefunden in item_icons! Zeichne Text.
2025-04-14 12:57:48 - WARNING - __main__ - Slot 0 (Blumentopf): KEIN Icon gefunden in item_icons! Zeichne Text.
2025-04-14 12:57:48 - WARNING - __main__ - Slot 1 (Sack Erde): KEIN Icon gefunden in item_icons! Zeichne Text.
2025-04-14 12:57:48 - WARNING - __main__ - Slot 2 (Weed Seeds): KEIN Icon gefunden in item_icons! Zeichne Text.
2025-04-14 12:57:48 - WARNING - __main__ - Slot 0 (Blumentopf): KEIN Icon gefunden in item_icons! Zeichne Text.
2025-04-14 12:57:48 - WARNING - __main__ - Slot 1 (Sack Erde): KEIN Icon gefunden in item_icons! Zeichne Text.
2025-04-14 12:57:48 - WARNING - __main__ - Slot 2 (Weed Seeds): KEIN Icon gefunden in item_icons! Zeichne Text.
2025-04-14 12:57:48 - WARNING - __main__ - Slot 0 (Blumentopf): KEIN Icon gefunden in item_icons! Zeichne Text.
2025-04-14 12:57:48 - WARNING - __main__ - Slot 1 (Sack Erde): KEIN Icon gefunden in item_icons! Zeichne Text.
2025-04-14 12:57:48 - WARNING - __main__ - Slot 2 (Weed Seeds): KEIN Icon gefunden in item_icons! Zeichne Text.
2025-04-14 12:57:48 - WARNING - __main__ - Slot 0 (Blumentopf): KEIN Icon gefunden in item_icons! Zeichne Text.
2025-04-14 12:57:48 - WARNING - __main__ - Slot 1 (Sack Erde): KEIN Icon gefunden in item_icons! Zeichne Text.
2025-04-14 12:57:48 - WARNING - __main__ - Slot 2 (Weed Seeds): KEIN Icon gefunden in item_icons! Zeichne Text.
2025-04-14 12:57:48 - WARNING - __main__ - Slot 0 (Blumentopf): KEIN Icon gefunden in item_icons! Zeichne Text.
2025-04-14 12:57:48 - WARNING - __main__ - Slot 1 (Sack Erde): KEIN Icon gefunden in item_icons! Zeichne Text.
2025-04-14 12:57:48 - WARNING - __main__ - Slot 2 (Weed Seeds): KEIN Icon gefunden in item_icons! Zeichne Text.
2025-04-14 12:57:48 - WARNING - __main__ - Slot 0 (Blumentopf): KEIN Icon gefunden in item_icons! Zeichne Text.
2025-04-14 12:57:48 - WARNING - __main__ - Slot 1 (Sack Erde): KEIN Icon gefunden in item_icons! Zeichne Text.
2025-04-14 12:57:48 - WARNING - __main__ - Slot 2 (Weed Seeds): KEIN Icon gefunden in item_icons! Zeichne Text.
2025-04-14 12:57:48 - WARNING - __main__ - Slot 0 (Blumentopf): KEIN Icon gefunden in item_icons! Zeichne Text.
2025-04-14 12:57:48 - WARNING - __main__ - Slot 1 (Sack Erde): KEIN Icon gefunden in item_icons! Zeichne Text.
2025-04-14 12:57:48 - WARNING - __main__ - Slot 2 (Weed Seeds): KEIN Icon gefunden in item_icons! Zeichne Text.
2025-04-14 12:57:48 - WARNING - __main__ - Slot 0 (Blumentopf): KEIN Icon gefunden in item_icons! Zeichne Text.
2025-04-14 12:57:48 - WARNING - __main__ - Slot 1 (Sack Erde): KEIN Icon gefunden in item_icons! Zeichne Text.
2025-04-14 12:57:48 - WARNING - __main__ - Slot 2 (Weed Seeds): KEIN Icon gefunden in item_icons! Zeichne Text.
2025-04-14 12:57:48 - WARNING - __main__ - Slot 0 (Blumentopf): KEIN Icon gefunden in item_icons! Zeichne Text.
2025-04-14 12:57:48 - WARNING - __main__ - Slot 1 (Sack Erde): KEIN Icon gefunden in item_icons! Zeichne Text.
2025-04-14 12:57:48 - WARNING - __main__ - Slot 2 (Weed Seeds): KEIN Icon gefunden in item_icons! Zeichne Text.
2025-04-14 12:57:48 - WARNING - __main__ - Slot 0 (Blumentopf): KEIN Icon gefunden in item_icons! Zeichne Text.
2025-04-14 12:57:48 - WARNING - __main__ - Slot 1 (Sack Erde): KEIN Icon gefunden in item_icons! Zeichne Text.
2025-04-14 12:57:48 - WARNING - __main__ - Slot 2 (Weed Seeds): KEIN Icon gefunden in item_icons! Zeichne Text.
2025-04-14 12:57:49 - WARNING - __main__ - Slot 0 (Blumentopf): KEIN Icon gefunden in item_icons! Zeichne Text.
2025-04-14 12:57:49 - WARNING - __main__ - Slot 1 (Sack Erde): KEIN Icon gefunden in item_icons! Zeichne Text.
2025-04-14 12:57:49 - WARNING - __main__ - Slot 2 (Weed Seeds): KEIN Icon gefunden in item_icons! Zeichne Text.
2025-04-14 12:57:49 - WARNING - __main__ - Slot 0 (Blumentopf): KEIN Icon gefunden in item_icons! Zeichne Text.
2025-04-14 12:57:49 - WARNING - __main__ - Slot 1 (Sack Erde): KEIN Icon gefunden in item_icons! Zeichne Text.
2025-04-14 12:57:49 - WARNING - __main__ - Slot 2 (Weed Seeds): KEIN Icon gefunden in item_icons! Zeichne Text.
2025-04-14 12:57:49 - WARNING - __main__ - Slot 0 (Blumentopf): KEIN Icon gefunden in item_icons! Zeichne Text.
2025-04-14 12:57:49 - WARNING - __main__ - Slot 1 (Sack Erde): KEIN Icon gefunden in item_icons! Zeichne Text.
2025-04-14 12:57:49 - WARNING - __main__ - Slot 2 (Weed Seeds): KEIN Icon gefunden in item_icons! Zeichne Text.
2025-04-14 12:57:49 - WARNING - __main__ - Slot 0 (Blumentopf): KEIN Icon gefunden in item_icons! Zeichne Text.
2025-04-14 12:57:49 - WARNING - __main__ - Slot 1 (Sack Erde): KEIN Icon gefunden in item_icons! Zeichne Text.
2025-04-14 12:57:49 - WARNING - __main__ - Slot 2 (Weed Seeds): KEIN Icon gefunden in item_icons! Zeichne Text.
2025-04-14 12:57:49 - WARNING - __main__ - Slot 0 (Blumentopf): KEIN Icon gefunden in item_icons! Zeichne Text.
2025-04-14 12:57:49 - WARNING - __main__ - Slot 1 (Sack Erde): KEIN Icon gefunden in item_icons! Zeichne Text.
2025-04-14 12:57:49 - WARNING - __main__ - Slot 2 (Weed Seeds): KEIN Icon gefunden in item_icons! Zeichne Text.
2025-04-14 12:57:49 - WARNING - __main__ - Slot 0 (Blumentopf): KEIN Icon gefunden in item_icons! Zeichne Text.
2025-04-14 12:57:49 - WARNING - __main__ - Slot 1 (Sack Erde): KEIN Icon gefunden in item_icons! Zeichne Text.
2025-04-14 12:57:49 - WARNING - __main__ - Slot 2 (Weed Seeds): KEIN Icon gefunden in item_icons! Zeichne Text.
2025-04-14 12:57:49 - WARNING - __main__ - Slot 0 (Blumentopf): KEIN Icon gefunden in item_icons! Zeichne Text.
2025-04-14 12:57:49 - WARNING - __main__ - Slot 1 (Sack Erde): KEIN Icon gefunden in item_icons! Zeichne Text.
2025-04-14 12:57:49 - WARNING - __main__ - Slot 2 (Weed Seeds): KEIN Icon gefunden in item_icons! Zeichne Text.
2025-04-14 12:57:49 - WARNING - __main__ - Slot 0 (Blumentopf): KEIN Icon gefunden in item_icons! Zeichne Text.
2025-04-14 12:57:49 - WARNING - __main__ - Slot 1 (Sack Erde): KEIN Icon gefunden in item_icons! Zeichne Text.
2025-04-14 12:57:49 - WARNING - __main__ - Slot 2 (Weed Seeds): KEIN Icon gefunden in item_icons! Zeichne Text.
2025-04-14 12:57:49 - WARNING - __main__ - Slot 0 (Blumentopf): KEIN Icon gefunden in item_icons! Zeichne Text.
2025-04-14 12:57:49 - WARNING - __main__ - Slot 1 (Sack Erde): KEIN Icon gefunden in item_icons! Zeichne Text.
2025-04-14 12:57:49 - WARNING - __main__ - Slot 2 (Weed Seeds): KEIN Icon gefunden in item_icons! Zeichne Text.
2025-04-14 12:57:49 - WARNING - __main__ - Slot 0 (Blumentopf): KEIN Icon gefunden in item_icons! Zeichne Text.
2025-04-14 12:57:49 - WARNING - __main__ - Slot 1 (Sack Erde): KEIN Icon gefunden in item_icons! Zeichne Text.
2025-04-14 12:57:49 - WARNING - __main__ - Slot 2 (Weed Seeds): KEIN Icon gefunden in item_icons! Zeichne Text.
2025-04-14 12:57:49 - WARNING - __main__ - Slot 0 (Blumentopf): KEIN Icon gefunden in item_icons! Zeichne Text.
2025-04-14 12:57:49 - WARNING - __main__ - Slot 1 (Sack Erde): KEIN Icon gefunden in item_icons! Zeichne Text.
2025-04-14 12:57:49 - WARNING - __main__ - Slot 2 (Weed Seeds): KEIN Icon gefunden in item_icons! Zeichne Text.
2025-04-14 12:57:49 - WARNING - __main__ - Slot 0 (Blumentopf): KEIN Icon gefunden in item_icons! Zeichne Text.
2025-04-14 12:57:49 - WARNING - __main__ - Slot 1 (Sack Erde): KEIN Icon gefunden in item_icons! Zeichne Text.
2025-04-14 12:57:49 - WARNING - __main__ - Slot 2 (Weed Seeds): KEIN Icon gefunden in item_icons! Zeichne Text.
2025-04-14 12:57:49 - WARNING - __main__ - Slot 0 (Blumentopf): KEIN Icon gefunden in item_icons! Zeichne Text.
2025-04-14 12:57:49 - WARNING - __main__ - Slot 1 (Sack Erde): KEIN Icon gefunden in item_icons! Zeichne Text.
2025-04-14 12:57:49 - WARNING - __main__ - Slot 2 (Weed Seeds): KEIN Icon gefunden in item_icons! Zeichne Text.
2025-04-14 12:57:49 - WARNING - __main__ - Slot 0 (Blumentopf): KEIN Icon gefunden in item_icons! Zeichne Text.
2025-04-14 12:57:49 - WARNING - __main__ - Slot 1 (Sack Erde): KEIN Icon gefunden in item_icons! Zeichne Text.
2025-04-14 12:57:49 - WARNING - __main__ - Slot 2 (Weed Seeds): KEIN Icon gefunden in item_icons! Zeichne Text.
2025-04-14 12:57:49 - WARNING - __main__ - Slot 0 (Blumentopf): KEIN Icon gefunden in item_icons! Zeichne Text.
2025-04-14 12:57:49 - WARNING - __main__ - Slot 1 (Sack Erde): KEIN Icon gefunden in item_icons! Zeichne Text.
2025-04-14 12:57:49 - WARNING - __main__ - Slot 2 (Weed Seeds): KEIN Icon gefunden in item_icons! Zeichne Text.
2025-04-14 12:57:49 - WARNING - __main__ - Slot 0 (Blumentopf): KEIN Icon gefunden in item_icons! Zeichne Text.
2025-04-14 12:57:49 - WARNING - __main__ - Slot 1 (Sack Erde): KEIN Icon gefunden in item_icons! Zeichne Text.
2025-04-14 12:57:49 - WARNING - __main__ - Slot 2 (Weed Seeds): KEIN Icon gefunden in item_icons! Zeichne Text.
2025-04-14 12:57:49 - WARNING - __main__ - Slot 0 (Blumentopf): KEIN Icon gefunden in item_icons! Zeichne Text.
2025-04-14 12:57:49 - WARNING - __main__ - Slot 1 (Sack Erde): KEIN Icon gefunden in item_icons! Zeichne Text.
2025-04-14 12:57:49 - WARNING - __main__ - Slot 2 (Weed Seeds): KEIN Icon gefunden in item_icons! Zeichne Text.
2025-04-14 12:57:49 - WARNING - __main__ - Slot 0 (Blumentopf): KEIN Icon gefunden in item_icons! Zeichne Text.
2025-04-14 12:57:49 - WARNING - __main__ - Slot 1 (Sack Erde): KEIN Icon gefunden in item_icons! Zeichne Text.
2025-04-14 12:57:49 - WARNING - __main__ - Slot 2 (Weed Seeds): KEIN Icon gefunden in item_icons! Zeichne Text.
2025-04-14 12:57:49 - WARNING - __main__ - Slot 0 (Blumentopf): KEIN Icon gefunden in item_icons! Zeichne Text.
2025-04-14 12:57:49 - WARNING - __main__ - Slot 1 (Sack Erde): KEIN Icon gefunden in item_icons! Zeichne Text.
2025-04-14 12:57:49 - WARNING - __main__ - Slot 2 (Weed Seeds): KEIN Icon gefunden in item_icons! Zeichne Text.
2025-04-14 12:57:49 - WARNING - __main__ - Slot 0 (Blumentopf): KEIN Icon gefunden in item_icons! Zeichne Text.
2025-04-14 12:57:49 - WARNING - __main__ - Slot 1 (Sack Erde): KEIN Icon gefunden in item_icons! Zeichne Text.
2025-04-14 12:57:49 - WARNING - __main__ - Slot 2 (Weed Seeds): KEIN Icon gefunden in item_icons! Zeichne Text.
2025-04-14 12:57:49 - WARNING - __main__ - Slot 0 (Blumentopf): KEIN Icon gefunden in item_icons! Zeichne Text.
2025-04-14 12:57:49 - WARNING - __main__ - Slot 1 (Sack Erde): KEIN Icon gefunden in item_icons! Zeichne Text.
2025-04-14 12:57:49 - WARNING - __main__ - Slot 2 (Weed Seeds): KEIN Icon gefunden in item_icons! Zeichne Text.
2025-04-14 12:57:49 - WARNING - __main__ - Slot 0 (Blumentopf): KEIN Icon gefunden in item_icons! Zeichne Text.
2025-04-14 12:57:49 - WARNING - __main__ - Slot 1 (Sack Erde): KEIN Icon gefunden in item_icons! Zeichne Text.
2025-04-14 12:57:49 - WARNING - __main__ - Slot 2 (Weed Seeds): KEIN Icon gefunden in item_icons! Zeichne Text.
2025-04-14 12:57:49 - WARNING - __main__ - Slot 0 (Blumentopf): KEIN Icon gefunden in item_icons! Zeichne Text.
2025-04-14 12:57:49 - WARNING - __main__ - Slot 1 (Sack Erde): KEIN Icon gefunden in item_icons! Zeichne Text.
2025-04-14 12:57:49 - WARNING - __main__ - Slot 2 (Weed Seeds): KEIN Icon gefunden in item_icons! Zeichne Text.
2025-04-14 12:57:49 - WARNING - __main__ - Slot 0 (Blumentopf): KEIN Icon gefunden in item_icons! Zeichne Text.
2025-04-14 12:57:49 - WARNING - __main__ - Slot 1 (Sack Erde): KEIN Icon gefunden in item_icons! Zeichne Text.
2025-04-14 12:57:49 - WARNING - __main__ - Slot 2 (Weed Seeds): KEIN Icon gefunden in item_icons! Zeichne Text.
2025-04-14 12:57:49 - WARNING - __main__ - Slot 0 (Blumentopf): KEIN Icon gefunden in item_icons! Zeichne Text.
2025-04-14 12:57:49 - WARNING - __main__ - Slot 1 (Sack Erde): KEIN Icon gefunden in item_icons! Zeichne Text.
2025-04-14 12:57:49 - WARNING - __main__ - Slot 2 (Weed Seeds): KEIN Icon gefunden in item_icons! Zeichne Text.
2025-04-14 12:57:49 - WARNING - __main__ - Slot 0 (Blumentopf): KEIN Icon gefunden in item_icons! Zeichne Text.
2025-04-14 12:57:49 - WARNING - __main__ - Slot 1 (Sack Erde): KEIN Icon gefunden in item_icons! Zeichne Text.
2025-04-14 12:57:49 - WARNING - __main__ - Slot 2 (Weed Seeds): KEIN Icon gefunden in item_icons! Zeichne Text.
2025-04-14 12:57:49 - WARNING - __main__ - Slot 0 (Blumentopf): KEIN Icon gefunden in item_icons! Zeichne Text.
2025-04-14 12:57:49 - WARNING - __main__ - Slot 1 (Sack Erde): KEIN Icon gefunden in item_icons! Zeichne Text.
2025-04-14 12:57:49 - WARNING - __main__ - Slot 2 (Weed Seeds): KEIN Icon gefunden in item_icons! Zeichne Text.
2025-04-14 12:57:49 - WARNING - __main__ - Slot 0 (Blumentopf): KEIN Icon gefunden in item_icons! Zeichne Text.
2025-04-14 12:57:49 - WARNING - __main__ - Slot 1 (Sack Erde): KEIN Icon gefunden in item_icons! Zeichne Text.
2025-04-14 12:57:49 - WARNING - __main__ - Slot 2 (Weed Seeds): KEIN Icon gefunden in item_icons! Zeichne Text.
2025-04-14 12:57:49 - WARNING - __main__ - Slot 0 (Blumentopf): KEIN Icon gefunden in item_icons! Zeichne Text.
2025-04-14 12:57:49 - WARNING - __main__ - Slot 1 (Sack Erde): KEIN Icon gefunden in item_icons! Zeichne Text.
2025-04-14 12:57:49 - WARNING - __main__ - Slot 2 (Weed Seeds): KEIN Icon gefunden in item_icons! Zeichne Text.
2025-04-14 12:57:49 - WARNING - __main__ - Slot 0 (Blumentopf): KEIN Icon gefunden in item_icons! Zeichne Text.
2025-04-14 12:57:49 - WARNING - __main__ - Slot 1 (Sack Erde): KEIN Icon gefunden in item_icons! Zeichne Text.
2025-04-14 12:57:49 - WARNING - __main__ - Slot 2 (Weed Seeds): KEIN Icon gefunden in item_icons! Zeichne Text.
2025-04-14 12:57:49 - WARNING - __main__ - Slot 0 (Blumentopf): KEIN Icon gefunden in item_icons! Zeichne Text.
2025-04-14 12:57:49 - WARNING - __main__ - Slot 1 (Sack Erde): KEIN Icon gefunden in item_icons! Zeichne Text.
2025-04-14 12:57:49 - WARNING - __main__ - Slot 2 (Weed Seeds): KEIN Icon gefunden in item_icons! Zeichne Text.
2025-04-14 12:57:49 - WARNING - __main__ - Slot 0 (Blumentopf): KEIN Icon gefunden in item_icons! Zeichne Text.
2025-04-14 12:57:49 - WARNING - __main__ - Slot 1 (Sack Erde): KEIN Icon gefunden in item_icons! Zeichne Text.
2025-04-14 12:57:49 - WARNING - __main__ - Slot 2 (Weed Seeds): KEIN Icon gefunden in item_icons! Zeichne Text.
2025-04-14 12:57:49 - WARNING - __main__ - Slot 0 (Blumentopf): KEIN Icon gefunden in item_icons! Zeichne Text.
2025-04-14 12:57:49 - WARNING - __main__ - Slot 1 (Sack Erde): KEIN Icon gefunden in item_icons! Zeichne Text.
2025-04-14 12:57:49 - WARNING - __main__ - Slot 2 (Weed Seeds): KEIN Icon gefunden in item_icons! Zeichne Text.
2025-04-14 12:57:49 - WARNING - __main__ - Slot 0 (Blumentopf): KEIN Icon gefunden in item_icons! Zeichne Text.
2025-04-14 12:57:49 - WARNING - __main__ - Slot 1 (Sack Erde): KEIN Icon gefunden in item_icons! Zeichne Text.
2025-04-14 12:57:49 - WARNING - __main__ - Slot 2 (Weed Seeds): KEIN Icon gefunden in item_icons! Zeichne Text.
2025-04-14 12:57:49 - WARNING - __main__ - Slot 0 (Blumentopf): KEIN Icon gefunden in item_icons! Zeichne Text.
2025-04-14 12:57:49 - WARNING - __main__ - Slot 1 (Sack Erde): KEIN Icon gefunden in item_icons! Zeichne Text.
2025-04-14 12:57:49 - WARNING - __main__ - Slot 2 (Weed Seeds): KEIN Icon gefunden in item_icons! Zeichne Text.
2025-04-14 12:57:49 - WARNING - __main__ - Slot 0 (Blumentopf): KEIN Icon gefunden in item_icons! Zeichne Text.
2025-04-14 12:57:49 - WARNING - __main__ - Slot 1 (Sack Erde): KEIN Icon gefunden in item_icons! Zeichne Text.
2025-04-14 12:57:49 - WARNING - __main__ - Slot 2 (Weed Seeds): KEIN Icon gefunden in item_icons! Zeichne Text.
2025-04-14 12:57:49 - WARNING - __main__ - Slot 0 (Blumentopf): KEIN Icon gefunden in item_icons! Zeichne Text.
2025-04-14 12:57:49 - WARNING - __main__ - Slot 1 (Sack Erde): KEIN Icon gefunden in item_icons! Zeichne Text.
2025-04-14 12:57:49 - WARNING - __main__ - Slot 2 (Weed Seeds): KEIN Icon gefunden in item_icons! Zeichne Text.
2025-04-14 12:57:49 - WARNING - __main__ - Slot 0 (Blumentopf): KEIN Icon gefunden in item_icons! Zeichne Text.
2025-04-14 12:57:49 - WARNING - __main__ - Slot 1 (Sack Erde): KEIN Icon gefunden in item_icons! Zeichne Text.
2025-04-14 12:57:49 - WARNING - __main__ - Slot 2 (Weed Seeds): KEIN Icon gefunden in item_icons! Zeichne Text.
2025-04-14 12:57:49 - WARNING - __main__ - Slot 0 (Blumentopf): KEIN Icon gefunden in item_icons! Zeichne Text.
2025-04-14 12:57:49 - WARNING - __main__ - Slot 1 (Sack Erde): KEIN Icon gefunden in item_icons! Zeichne Text.
2025-04-14 12:57:49 - WARNING - __main__ - Slot 2 (Weed Seeds): KEIN Icon gefunden in item_icons! Zeichne Text.
2025-04-14 12:57:49 - WARNING - __main__ - Slot 0 (Blumentopf): KEIN Icon gefunden in item_icons! Zeichne Text.
2025-04-14 12:57:49 - WARNING - __main__ - Slot 1 (Sack Erde): KEIN Icon gefunden in item_icons! Zeichne Text.
2025-04-14 12:57:49 - WARNING - __main__ - Slot 2 (Weed Seeds): KEIN Icon gefunden in item_icons! Zeichne Text.
2025-04-14 12:57:49 - WARNING - __main__ - Slot 0 (Blumentopf): KEIN Icon gefunden in item_icons! Zeichne Text.
2025-04-14 12:57:49 - WARNING - __main__ - Slot 1 (Sack Erde): KEIN Icon gefunden in item_icons! Zeichne Text.
2025-04-14 12:57:49 - WARNING - __main__ - Slot 2 (Weed Seeds): KEIN Icon gefunden in item_icons! Zeichne Text.
2025-04-14 12:57:49 - WARNING - __main__ - Slot 0 (Blumentopf): KEIN Icon gefunden in item_icons! Zeichne Text.
2025-04-14 12:57:49 - WARNING - __main__ - Slot 1 (Sack Erde): KEIN Icon gefunden in item_icons! Zeichne Text.
2025-04-14 12:57:49 - WARNING - __main__ - Slot 2 (Weed Seeds): KEIN Icon gefunden in item_icons! Zeichne Text.
2025-04-14 12:57:49 - WARNING - __main__ - Slot 0 (Blumentopf): KEIN Icon gefunden in item_icons! Zeichne Text.
2025-04-14 12:57:49 - WARNING - __main__ - Slot 1 (Sack Erde): KEIN Icon gefunden in item_icons! Zeichne Text.
2025-04-14 12:57:49 - WARNING - __main__ - Slot 2 (Weed Seeds): KEIN Icon gefunden in item_icons! Zeichne Text.
2025-04-14 12:57:49 - WARNING - __main__ - Slot 0 (Blumentopf): KEIN Icon gefunden in item_icons! Zeichne Text.
2025-04-14 12:57:49 - WARNING - __main__ - Slot 1 (Sack Erde): KEIN Icon gefunden in item_icons! Zeichne Text.
2025-04-14 12:57:49 - WARNING - __main__ - Slot 2 (Weed Seeds): KEIN Icon gefunden in item_icons! Zeichne Text.
2025-04-14 12:57:49 - WARNING - __main__ - Slot 0 (Blumentopf): KEIN Icon gefunden in item_icons! Zeichne Text.
2025-04-14 12:57:49 - WARNING - __main__ - Slot 1 (Sack Erde): KEIN Icon gefunden in item_icons! Zeichne Text.
2025-04-14 12:57:49 - WARNING - __main__ - Slot 2 (Weed Seeds): KEIN Icon gefunden in item_icons! Zeichne Text.
2025-04-14 12:57:49 - WARNING - __main__ - Slot 0 (Blumentopf): KEIN Icon gefunden in item_icons! Zeichne Text.
2025-04-14 12:57:49 - WARNING - __main__ - Slot 1 (Sack Erde): KEIN Icon gefunden in item_icons! Zeichne Text.
2025-04-14 12:57:49 - WARNING - __main__ - Slot 2 (Weed Seeds): KEIN Icon gefunden in item_icons! Zeichne Text.
2025-04-14 12:57:49 - WARNING - __main__ - Slot 0 (Blumentopf): KEIN Icon gefunden in item_icons! Zeichne Text.
2025-04-14 12:57:49 - WARNING - __main__ - Slot 1 (Sack Erde): KEIN Icon gefunden in item_icons! Zeichne Text.
2025-04-14 12:57:49 - WARNING - __main__ - Slot 2 (Weed Seeds): KEIN Icon gefunden in item_icons! Zeichne Text.
2025-04-14 12:57:49 - WARNING - __main__ - Slot 0 (Blumentopf): KEIN Icon gefunden in item_icons! Zeichne Text.
2025-04-14 12:57:49 - WARNING - __main__ - Slot 1 (Sack Erde): KEIN Icon gefunden in item_icons! Zeichne Text.
2025-04-14 12:57:49 - WARNING - __main__ - Slot 2 (Weed Seeds): KEIN Icon gefunden in item_icons! Zeichne Text.
2025-04-14 12:57:49 - WARNING - __main__ - Slot 0 (Blumentopf): KEIN Icon gefunden in item_icons! Zeichne Text.
2025-04-14 12:57:49 - WARNING - __main__ - Slot 1 (Sack Erde): KEIN Icon gefunden in item_icons! Zeichne Text.
2025-04-14 12:57:49 - WARNING - __main__ - Slot 2 (Weed Seeds): KEIN Icon gefunden in item_icons! Zeichne Text.
2025-04-14 12:57:49 - WARNING - __main__ - Slot 0 (Blumentopf): KEIN Icon gefunden in item_icons! Zeichne Text.
2025-04-14 12:57:49 - WARNING - __main__ - Slot 1 (Sack Erde): KEIN Icon gefunden in item_icons! Zeichne Text.
2025-04-14 12:57:49 - WARNING - __main__ - Slot 2 (Weed Seeds): KEIN Icon gefunden in item_icons! Zeichne Text.
2025-04-14 12:57:49 - WARNING - __main__ - Slot 0 (Blumentopf): KEIN Icon gefunden in item_icons! Zeichne Text.
2025-04-14 12:57:49 - WARNING - __main__ - Slot 1 (Sack Erde): KEIN Icon gefunden in item_icons! Zeichne Text.
2025-04-14 12:57:49 - WARNING - __main__ - Slot 2 (Weed Seeds): KEIN Icon gefunden in item_icons! Zeichne Text.
2025-04-14 12:57:49 - WARNING - __main__ - Slot 0 (Blumentopf): KEIN Icon gefunden in item_icons! Zeichne Text.
2025-04-14 12:57:49 - WARNING - __main__ - Slot 1 (Sack Erde): KEIN Icon gefunden in item_icons! Zeichne Text.
2025-04-14 12:57:49 - WARNING - __main__ - Slot 2 (Weed Seeds): KEIN Icon gefunden in item_icons! Zeichne Text.
2025-04-14 12:57:49 - WARNING - __main__ - Slot 0 (Blumentopf): KEIN Icon gefunden in item_icons! Zeichne Text.
2025-04-14 12:57:49 - WARNING - __main__ - Slot 1 (Sack Erde): KEIN Icon gefunden in item_icons! Zeichne Text.
2025-04-14 12:57:49 - WARNING - __main__ - Slot 2 (Weed Seeds): KEIN Icon gefunden in item_icons! Zeichne Text.
2025-04-14 12:57:49 - WARNING - __main__ - Slot 0 (Blumentopf): KEIN Icon gefunden in item_icons! Zeichne Text.
2025-04-14 12:57:49 - WARNING - __main__ - Slot 1 (Sack Erde): KEIN Icon gefunden in item_icons! Zeichne Text.
2025-04-14 12:57:49 - WARNING - __main__ - Slot 2 (Weed Seeds): KEIN Icon gefunden in item_icons! Zeichne Text.
2025-04-14 12:57:49 - WARNING - __main__ - Slot 0 (Blumentopf): KEIN Icon gefunden in item_icons! Zeichne Text.
2025-04-14 12:57:49 - WARNING - __main__ - Slot 1 (Sack Erde): KEIN Icon gefunden in item_icons! Zeichne Text.
2025-04-14 12:57:49 - WARNING - __main__ - Slot 2 (Weed Seeds): KEIN Icon gefunden in item_icons! Zeichne Text.
2025-04-14 12:57:49 - WARNING - __main__ - Slot 0 (Blumentopf): KEIN Icon gefunden in item_icons! Zeichne Text.
2025-04-14 12:57:49 - WARNING - __main__ - Slot 1 (Sack Erde): KEIN Icon gefunden in item_icons! Zeichne Text.
2025-04-14 12:57:49 - WARNING - __main__ - Slot 2 (Weed Seeds): KEIN Icon gefunden in item_icons! Zeichne Text.
2025-04-14 12:57:49 - WARNING - __main__ - Slot 0 (Blumentopf): KEIN Icon gefunden in item_icons! Zeichne Text.
2025-04-14 12:57:49 - WARNING - __main__ - Slot 1 (Sack Erde): KEIN Icon gefunden in item_icons! Zeichne Text.
2025-04-14 12:57:49 - WARNING - __main__ - Slot 2 (Weed Seeds): KEIN Icon gefunden in item_icons! Zeichne Text.
2025-04-14 12:57:49 - WARNING - __main__ - Slot 0 (Blumentopf): KEIN Icon gefunden in item_icons! Zeichne Text.
2025-04-14 12:57:49 - WARNING - __main__ - Slot 1 (Sack Erde): KEIN Icon gefunden in item_icons! Zeichne Text.
2025-04-14 12:57:49 - WARNING - __main__ - Slot 2 (Weed Seeds): KEIN Icon gefunden in item_icons! Zeichne Text.
2025-04-14 12:57:49 - WARNING - __main__ - Slot 0 (Blumentopf): KEIN Icon gefunden in item_icons! Zeichne Text.
2025-04-14 12:57:49 - WARNING - __main__ - Slot 1 (Sack Erde): KEIN Icon gefunden in item_icons! Zeichne Text.
2025-04-14 12:57:49 - WARNING - __main__ - Slot 2 (Weed Seeds): KEIN Icon gefunden in item_icons! Zeichne Text.
2025-04-14 12:57:49 - WARNING - __main__ - Slot 0 (Blumentopf): KEIN Icon gefunden in item_icons! Zeichne Text.
2025-04-14 12:57:49 - WARNING - __main__ - Slot 1 (Sack Erde): KEIN Icon gefunden in item_icons! Zeichne Text.
2025-04-14 12:57:49 - WARNING - __main__ - Slot 2 (Weed Seeds): KEIN Icon gefunden in item_icons! Zeichne Text.
2025-04-14 12:57:49 - WARNING - __main__ - Slot 0 (Blumentopf): KEIN Icon gefunden in item_icons! Zeichne Text.
2025-04-14 12:57:49 - WARNING - __main__ - Slot 1 (Sack Erde): KEIN Icon gefunden in item_icons! Zeichne Text.
2025-04-14 12:57:49 - WARNING - __main__ - Slot 2 (Weed Seeds): KEIN Icon gefunden in item_icons! Zeichne Text.
2025-04-14 12:57:49 - WARNING - __main__ - Slot 0 (Blumentopf): KEIN Icon gefunden in item_icons! Zeichne Text.
2025-04-14 12:57:49 - WARNING - __main__ - Slot 1 (Sack Erde): KEIN Icon gefunden in item_icons! Zeichne Text.
2025-04-14 12:57:49 - WARNING - __main__ - Slot 2 (Weed Seeds): KEIN Icon gefunden in item_icons! Zeichne Text.
2025-04-14 12:57:50 - WARNING - __main__ - Slot 0 (Blumentopf): KEIN Icon gefunden in item_icons! Zeichne Text.
2025-04-14 12:57:50 - WARNING - __main__ - Slot 1 (Sack Erde): KEIN Icon gefunden in item_icons! Zeichne Text.
2025-04-14 12:57:50 - WARNING - __main__ - Slot 2 (Weed Seeds): KEIN Icon gefunden in item_icons! Zeichne Text.
2025-04-14 12:57:50 - WARNING - __main__ - Slot 0 (Blumentopf): KEIN Icon gefunden in item_icons! Zeichne Text.
2025-04-14 12:57:50 - WARNING - __main__ - Slot 1 (Sack Erde): KEIN Icon gefunden in item_icons! Zeichne Text.
2025-04-14 12:57:50 - WARNING - __main__ - Slot 2 (Weed Seeds): KEIN Icon gefunden in item_icons! Zeichne Text.
2025-04-14 12:57:50 - WARNING - __main__ - Slot 0 (Blumentopf): KEIN Icon gefunden in item_icons! Zeichne Text.
2025-04-14 12:57:50 - WARNING - __main__ - Slot 1 (Sack Erde): KEIN Icon gefunden in item_icons! Zeichne Text.
2025-04-14 12:57:50 - WARNING - __main__ - Slot 2 (Weed Seeds): KEIN Icon gefunden in item_icons! Zeichne Text.
2025-04-14 12:57:50 - WARNING - __main__ - Slot 0 (Blumentopf): KEIN Icon gefunden in item_icons! Zeichne Text.
2025-04-14 12:57:50 - WARNING - __main__ - Slot 1 (Sack Erde): KEIN Icon gefunden in item_icons! Zeichne Text.
2025-04-14 12:57:50 - WARNING - __main__ - Slot 2 (Weed Seeds): KEIN Icon gefunden in item_icons! Zeichne Text.
2025-04-14 12:57:50 - WARNING - __main__ - Slot 0 (Blumentopf): KEIN Icon gefunden in item_icons! Zeichne Text.
2025-04-14 12:57:50 - WARNING - __main__ - Slot 1 (Sack Erde): KEIN Icon gefunden in item_icons! Zeichne Text.
2025-04-14 12:57:50 - WARNING - __main__ - Slot 2 (Weed Seeds): KEIN Icon gefunden in item_icons! Zeichne Text.
2025-04-14 12:57:50 - WARNING - __main__ - Slot 0 (Blumentopf): KEIN Icon gefunden in item_icons! Zeichne Text.
2025-04-14 12:57:50 - WARNING - __main__ - Slot 1 (Sack Erde): KEIN Icon gefunden in item_icons! Zeichne Text.
2025-04-14 12:57:50 - WARNING - __main__ - Slot 2 (Weed Seeds): KEIN Icon gefunden in item_icons! Zeichne Text.
2025-04-14 12:57:50 - WARNING - __main__ - Slot 0 (Blumentopf): KEIN Icon gefunden in item_icons! Zeichne Text.
2025-04-14 12:57:50 - WARNING - __main__ - Slot 1 (Sack Erde): KEIN Icon gefunden in item_icons! Zeichne Text.
2025-04-14 12:57:50 - WARNING - __main__ - Slot 2 (Weed Seeds): KEIN Icon gefunden in item_icons! Zeichne Text.
2025-04-14 12:57:50 - WARNING - __main__ - Slot 0 (Blumentopf): KEIN Icon gefunden in item_icons! Zeichne Text.
2025-04-14 12:57:50 - WARNING - __main__ - Slot 1 (Sack Erde): KEIN Icon gefunden in item_icons! Zeichne Text.
2025-04-14 12:57:50 - WARNING - __main__ - Slot 2 (Weed Seeds): KEIN Icon gefunden in item_icons! Zeichne Text.
2025-04-14 12:57:50 - WARNING - __main__ - Slot 0 (Blumentopf): KEIN Icon gefunden in item_icons! Zeichne Text.
2025-04-14 12:57:50 - WARNING - __main__ - Slot 1 (Sack Erde): KEIN Icon gefunden in item_icons! Zeichne Text.
2025-04-14 12:57:50 - WARNING - __main__ - Slot 2 (Weed Seeds): KEIN Icon gefunden in item_icons! Zeichne Text.
2025-04-14 12:57:50 - WARNING - __main__ - Slot 0 (Blumentopf): KEIN Icon gefunden in item_icons! Zeichne Text.
2025-04-14 12:57:50 - WARNING - __main__ - Slot 1 (Sack Erde): KEIN Icon gefunden in item_icons! Zeichne Text.
2025-04-14 12:57:50 - WARNING - __main__ - Slot 2 (Weed Seeds): KEIN Icon gefunden in item_icons! Zeichne Text.
2025-04-14 12:57:50 - WARNING - __main__ - Slot 0 (Blumentopf): KEIN Icon gefunden in item_icons! Zeichne Text.
2025-04-14 12:57:50 - WARNING - __main__ - Slot 1 (Sack Erde): KEIN Icon gefunden in item_icons! Zeichne Text.
2025-04-14 12:57:50 - WARNING - __main__ - Slot 2 (Weed Seeds): KEIN Icon gefunden in item_icons! Zeichne Text.
2025-04-14 12:57:50 - WARNING - __main__ - Slot 0 (Blumentopf): KEIN Icon gefunden in item_icons! Zeichne Text.
2025-04-14 12:57:50 - WARNING - __main__ - Slot 1 (Sack Erde): KEIN Icon gefunden in item_icons! Zeichne Text.
2025-04-14 12:57:50 - WARNING - __main__ - Slot 2 (Weed Seeds): KEIN Icon gefunden in item_icons! Zeichne Text.
2025-04-14 12:57:50 - WARNING - __main__ - Slot 0 (Blumentopf): KEIN Icon gefunden in item_icons! Zeichne Text.
2025-04-14 12:57:50 - WARNING - __main__ - Slot 1 (Sack Erde): KEIN Icon gefunden in item_icons! Zeichne Text.
2025-04-14 12:57:50 - WARNING - __main__ - Slot 2 (Weed Seeds): KEIN Icon gefunden in item_icons! Zeichne Text.
2025-04-14 12:57:50 - WARNING - __main__ - Slot 0 (Blumentopf): KEIN Icon gefunden in item_icons! Zeichne Text.
2025-04-14 12:57:50 - WARNING - __main__ - Slot 1 (Sack Erde): KEIN Icon gefunden in item_icons! Zeichne Text.
2025-04-14 12:57:50 - WARNING - __main__ - Slot 2 (Weed Seeds): KEIN Icon gefunden in item_icons! Zeichne Text.
2025-04-14 12:57:50 - WARNING - __main__ - Slot 0 (Blumentopf): KEIN Icon gefunden in item_icons! Zeichne Text.
2025-04-14 12:57:50 - WARNING - __main__ - Slot 1 (Sack Erde): KEIN Icon gefunden in item_icons! Zeichne Text.
2025-04-14 12:57:50 - WARNING - __main__ - Slot 2 (Weed Seeds): KEIN Icon gefunden in item_icons! Zeichne Text.
2025-04-14 12:57:50 - WARNING - __main__ - Slot 0 (Blumentopf): KEIN Icon gefunden in item_icons! Zeichne Text.
2025-04-14 12:57:50 - WARNING - __main__ - Slot 1 (Sack Erde): KEIN Icon gefunden in item_icons! Zeichne Text.
2025-04-14 12:57:50 - WARNING - __main__ - Slot 2 (Weed Seeds): KEIN Icon gefunden in item_icons! Zeichne Text.
2025-04-14 12:57:50 - WARNING - __main__ - Slot 0 (Blumentopf): KEIN Icon gefunden in item_icons! Zeichne Text.
2025-04-14 12:57:50 - WARNING - __main__ - Slot 1 (Sack Erde): KEIN Icon gefunden in item_icons! Zeichne Text.
2025-04-14 12:57:50 - WARNING - __main__ - Slot 2 (Weed Seeds): KEIN Icon gefunden in item_icons! Zeichne Text.
2025-04-14 12:57:50 - WARNING - __main__ - Slot 0 (Blumentopf): KEIN Icon gefunden in item_icons! Zeichne Text.
2025-04-14 12:57:50 - WARNING - __main__ - Slot 1 (Sack Erde): KEIN Icon gefunden in item_icons! Zeichne Text.
2025-04-14 12:57:50 - WARNING - __main__ - Slot 2 (Weed Seeds): KEIN Icon gefunden in item_icons! Zeichne Text.
2025-04-14 12:57:50 - WARNING - __main__ - Slot 0 (Blumentopf): KEIN Icon gefunden in item_icons! Zeichne Text.
2025-04-14 12:57:50 - WARNING - __main__ - Slot 1 (Sack Erde): KEIN Icon gefunden in item_icons! Zeichne Text.
2025-04-14 12:57:50 - WARNING - __main__ - Slot 2 (Weed Seeds): KEIN Icon gefunden in item_icons! Zeichne Text.
2025-04-14 12:57:50 - WARNING - __main__ - Slot 0 (Blumentopf): KEIN Icon gefunden in item_icons! Zeichne Text.
2025-04-14 12:57:50 - WARNING - __main__ - Slot 1 (Sack Erde): KEIN Icon gefunden in item_icons! Zeichne Text.
2025-04-14 12:57:50 - WARNING - __main__ - Slot 2 (Weed Seeds): KEIN Icon gefunden in item_icons! Zeichne Text.
2025-04-14 12:57:50 - WARNING - __main__ - Slot 0 (Blumentopf): KEIN Icon gefunden in item_icons! Zeichne Text.
2025-04-14 12:57:50 - WARNING - __main__ - Slot 1 (Sack Erde): KEIN Icon gefunden in item_icons! Zeichne Text.
2025-04-14 12:57:50 - WARNING - __main__ - Slot 2 (Weed Seeds): KEIN Icon gefunden in item_icons! Zeichne Text.
2025-04-14 12:57:50 - WARNING - __main__ - Slot 0 (Blumentopf): KEIN Icon gefunden in item_icons! Zeichne Text.
2025-04-14 12:57:50 - WARNING - __main__ - Slot 1 (Sack Erde): KEIN Icon gefunden in item_icons! Zeichne Text.
2025-04-14 12:57:50 - WARNING - __main__ - Slot 2 (Weed Seeds): KEIN Icon gefunden in item_icons! Zeichne Text.
2025-04-14 12:57:50 - WARNING - __main__ - Slot 0 (Blumentopf): KEIN Icon gefunden in item_icons! Zeichne Text.
2025-04-14 12:57:50 - WARNING - __main__ - Slot 1 (Sack Erde): KEIN Icon gefunden in item_icons! Zeichne Text.
2025-04-14 12:57:50 - WARNING - __main__ - Slot 2 (Weed Seeds): KEIN Icon gefunden in item_icons! Zeichne Text.
2025-04-14 12:57:50 - WARNING - __main__ - Slot 0 (Blumentopf): KEIN Icon gefunden in item_icons! Zeichne Text.
2025-04-14 12:57:50 - WARNING - __main__ - Slot 1 (Sack Erde): KEIN Icon gefunden in item_icons! Zeichne Text.
2025-04-14 12:57:50 - WARNING - __main__ - Slot 2 (Weed Seeds): KEIN Icon gefunden in item_icons! Zeichne Text.
2025-04-14 12:57:50 - WARNING - __main__ - Slot 0 (Blumentopf): KEIN Icon gefunden in item_icons! Zeichne Text.
2025-04-14 12:57:50 - WARNING - __main__ - Slot 1 (Sack Erde): KEIN Icon gefunden in item_icons! Zeichne Text.
2025-04-14 12:57:50 - WARNING - __main__ - Slot 2 (Weed Seeds): KEIN Icon gefunden in item_icons! Zeichne Text.
2025-04-14 12:57:50 - WARNING - __main__ - Slot 0 (Blumentopf): KEIN Icon gefunden in item_icons! Zeichne Text.
2025-04-14 12:57:50 - WARNING - __main__ - Slot 1 (Sack Erde): KEIN Icon gefunden in item_icons! Zeichne Text.
2025-04-14 12:57:50 - WARNING - __main__ - Slot 2 (Weed Seeds): KEIN Icon gefunden in item_icons! Zeichne Text.
2025-04-14 12:57:50 - WARNING - __main__ - Slot 0 (Blumentopf): KEIN Icon gefunden in item_icons! Zeichne Text.
2025-04-14 12:57:50 - WARNING - __main__ - Slot 1 (Sack Erde): KEIN Icon gefunden in item_icons! Zeichne Text.
2025-04-14 12:57:50 - WARNING - __main__ - Slot 2 (Weed Seeds): KEIN Icon gefunden in item_icons! Zeichne Text.
2025-04-14 12:57:50 - WARNING - __main__ - Slot 0 (Blumentopf): KEIN Icon gefunden in item_icons! Zeichne Text.
2025-04-14 12:57:50 - WARNING - __main__ - Slot 1 (Sack Erde): KEIN Icon gefunden in item_icons! Zeichne Text.
2025-04-14 12:57:50 - WARNING - __main__ - Slot 2 (Weed Seeds): KEIN Icon gefunden in item_icons! Zeichne Text.
2025-04-14 12:57:50 - WARNING - __main__ - Slot 0 (Blumentopf): KEIN Icon gefunden in item_icons! Zeichne Text.
2025-04-14 12:57:50 - WARNING - __main__ - Slot 1 (Sack Erde): KEIN Icon gefunden in item_icons! Zeichne Text.
2025-04-14 12:57:50 - WARNING - __main__ - Slot 2 (Weed Seeds): KEIN Icon gefunden in item_icons! Zeichne Text.
2025-04-14 12:57:50 - WARNING - __main__ - Slot 0 (Blumentopf): KEIN Icon gefunden in item_icons! Zeichne Text.
2025-04-14 12:57:50 - WARNING - __main__ - Slot 1 (Sack Erde): KEIN Icon gefunden in item_icons! Zeichne Text.
2025-04-14 12:57:50 - WARNING - __main__ - Slot 2 (Weed Seeds): KEIN Icon gefunden in item_icons! Zeichne Text.
2025-04-14 12:57:50 - WARNING - __main__ - Slot 0 (Blumentopf): KEIN Icon gefunden in item_icons! Zeichne Text.
2025-04-14 12:57:50 - WARNING - __main__ - Slot 1 (Sack Erde): KEIN Icon gefunden in item_icons! Zeichne Text.
2025-04-14 12:57:50 - WARNING - __main__ - Slot 2 (Weed Seeds): KEIN Icon gefunden in item_icons! Zeichne Text.
2025-04-14 12:57:50 - WARNING - __main__ - Slot 0 (Blumentopf): KEIN Icon gefunden in item_icons! Zeichne Text.
2025-04-14 12:57:50 - WARNING - __main__ - Slot 1 (Sack Erde): KEIN Icon gefunden in item_icons! Zeichne Text.
2025-04-14 12:57:50 - WARNING - __main__ - Slot 2 (Weed Seeds): KEIN Icon gefunden in item_icons! Zeichne Text.
2025-04-14 12:57:50 - WARNING - __main__ - Slot 0 (Blumentopf): KEIN Icon gefunden in item_icons! Zeichne Text.
2025-04-14 12:57:50 - WARNING - __main__ - Slot 1 (Sack Erde): KEIN Icon gefunden in item_icons! Zeichne Text.
2025-04-14 12:57:50 - WARNING - __main__ - Slot 2 (Weed Seeds): KEIN Icon gefunden in item_icons! Zeichne Text.
2025-04-14 12:57:50 - WARNING - __main__ - Slot 0 (Blumentopf): KEIN Icon gefunden in item_icons! Zeichne Text.
2025-04-14 12:57:50 - WARNING - __main__ - Slot 1 (Sack Erde): KEIN Icon gefunden in item_icons! Zeichne Text.
2025-04-14 12:57:50 - WARNING - __main__ - Slot 2 (Weed Seeds): KEIN Icon gefunden in item_icons! Zeichne Text.
2025-04-14 12:57:50 - WARNING - __main__ - Slot 0 (Blumentopf): KEIN Icon gefunden in item_icons! Zeichne Text.
2025-04-14 12:57:50 - WARNING - __main__ - Slot 1 (Sack Erde): KEIN Icon gefunden in item_icons! Zeichne Text.
2025-04-14 12:57:50 - WARNING - __main__ - Slot 2 (Weed Seeds): KEIN Icon gefunden in item_icons! Zeichne Text.
2025-04-14 12:57:50 - WARNING - __main__ - Slot 0 (Blumentopf): KEIN Icon gefunden in item_icons! Zeichne Text.
2025-04-14 12:57:50 - WARNING - __main__ - Slot 1 (Sack Erde): KEIN Icon gefunden in item_icons! Zeichne Text.
2025-04-14 12:57:50 - WARNING - __main__ - Slot 2 (Weed Seeds): KEIN Icon gefunden in item_icons! Zeichne Text.
2025-04-14 12:57:50 - WARNING - __main__ - Slot 0 (Blumentopf): KEIN Icon gefunden in item_icons! Zeichne Text.
2025-04-14 12:57:50 - WARNING - __main__ - Slot 1 (Sack Erde): KEIN Icon gefunden in item_icons! Zeichne Text.
2025-04-14 12:57:50 - WARNING - __main__ - Slot 2 (Weed Seeds): KEIN Icon gefunden in item_icons! Zeichne Text.
2025-04-14 12:57:50 - WARNING - __main__ - Slot 0 (Blumentopf): KEIN Icon gefunden in item_icons! Zeichne Text.
2025-04-14 12:57:50 - WARNING - __main__ - Slot 1 (Sack Erde): KEIN Icon gefunden in item_icons! Zeichne Text.
2025-04-14 12:57:50 - WARNING - __main__ - Slot 2 (Weed Seeds): KEIN Icon gefunden in item_icons! Zeichne Text.
2025-04-14 12:57:50 - WARNING - __main__ - Slot 0 (Blumentopf): KEIN Icon gefunden in item_icons! Zeichne Text.
2025-04-14 12:57:50 - WARNING - __main__ - Slot 1 (Sack Erde): KEIN Icon gefunden in item_icons! Zeichne Text.
2025-04-14 12:57:50 - WARNING - __main__ - Slot 2 (Weed Seeds): KEIN Icon gefunden in item_icons! Zeichne Text.
2025-04-14 12:57:50 - WARNING - __main__ - Slot 0 (Blumentopf): KEIN Icon gefunden in item_icons! Zeichne Text.
2025-04-14 12:57:50 - WARNING - __main__ - Slot 1 (Sack Erde): KEIN Icon gefunden in item_icons! Zeichne Text.
2025-04-14 12:57:50 - WARNING - __main__ - Slot 2 (Weed Seeds): KEIN Icon gefunden in item_icons! Zeichne Text.
2025-04-14 12:57:50 - WARNING - __main__ - Slot 0 (Blumentopf): KEIN Icon gefunden in item_icons! Zeichne Text.
2025-04-14 12:57:50 - WARNING - __main__ - Slot 1 (Sack Erde): KEIN Icon gefunden in item_icons! Zeichne Text.
2025-04-14 12:57:50 - WARNING - __main__ - Slot 2 (Weed Seeds): KEIN Icon gefunden in item_icons! Zeichne Text.
2025-04-14 12:57:50 - WARNING - __main__ - Slot 0 (Blumentopf): KEIN Icon gefunden in item_icons! Zeichne Text.
2025-04-14 12:57:50 - WARNING - __main__ - Slot 1 (Sack Erde): KEIN Icon gefunden in item_icons! Zeichne Text.
2025-04-14 12:57:50 - WARNING - __main__ - Slot 2 (Weed Seeds): KEIN Icon gefunden in item_icons! Zeichne Text.
2025-04-14 12:57:50 - WARNING - __main__ - Slot 0 (Blumentopf): KEIN Icon gefunden in item_icons! Zeichne Text.
2025-04-14 12:57:50 - WARNING - __main__ - Slot 1 (Sack Erde): KEIN Icon gefunden in item_icons! Zeichne Text.
2025-04-14 12:57:50 - WARNING - __main__ - Slot 2 (Weed Seeds): KEIN Icon gefunden in item_icons! Zeichne Text.
2025-04-14 12:57:50 - WARNING - __main__ - Slot 0 (Blumentopf): KEIN Icon gefunden in item_icons! Zeichne Text.
2025-04-14 12:57:50 - WARNING - __main__ - Slot 1 (Sack Erde): KEIN Icon gefunden in item_icons! Zeichne Text.
2025-04-14 12:57:50 - WARNING - __main__ - Slot 2 (Weed Seeds): KEIN Icon gefunden in item_icons! Zeichne Text.
2025-04-14 12:57:50 - WARNING - __main__ - Slot 0 (Blumentopf): KEIN Icon gefunden in item_icons! Zeichne Text.
2025-04-14 12:57:50 - WARNING - __main__ - Slot 1 (Sack Erde): KEIN Icon gefunden in item_icons! Zeichne Text.
2025-04-14 12:57:50 - WARNING - __main__ - Slot 2 (Weed Seeds): KEIN Icon gefunden in item_icons! Zeichne Text.
2025-04-14 12:57:50 - WARNING - __main__ - Slot 0 (Blumentopf): KEIN Icon gefunden in item_icons! Zeichne Text.
2025-04-14 12:57:50 - WARNING - __main__ - Slot 1 (Sack Erde): KEIN Icon gefunden in item_icons! Zeichne Text.
2025-04-14 12:57:50 - WARNING - __main__ - Slot 2 (Weed Seeds): KEIN Icon gefunden in item_icons! Zeichne Text.
2025-04-14 12:57:50 - WARNING - __main__ - Slot 0 (Blumentopf): KEIN Icon gefunden in item_icons! Zeichne Text.
2025-04-14 12:57:50 - WARNING - __main__ - Slot 1 (Sack Erde): KEIN Icon gefunden in item_icons! Zeichne Text.
2025-04-14 12:57:50 - WARNING - __main__ - Slot 2 (Weed Seeds): KEIN Icon gefunden in item_icons! Zeichne Text.
2025-04-14 12:57:50 - WARNING - __main__ - Slot 0 (Blumentopf): KEIN Icon gefunden in item_icons! Zeichne Text.
2025-04-14 12:57:50 - WARNING - __main__ - Slot 1 (Sack Erde): KEIN Icon gefunden in item_icons! Zeichne Text.
2025-04-14 12:57:50 - WARNING - __main__ - Slot 2 (Weed Seeds): KEIN Icon gefunden in item_icons! Zeichne Text.
2025-04-14 12:57:50 - WARNING - __main__ - Slot 0 (Blumentopf): KEIN Icon gefunden in item_icons! Zeichne Text.
2025-04-14 12:57:50 - WARNING - __main__ - Slot 1 (Sack Erde): KEIN Icon gefunden in item_icons! Zeichne Text.
2025-04-14 12:57:50 - WARNING - __main__ - Slot 2 (Weed Seeds): KEIN Icon gefunden in item_icons! Zeichne Text.
2025-04-14 12:57:50 - WARNING - __main__ - Slot 0 (Blumentopf): KEIN Icon gefunden in item_icons! Zeichne Text.
2025-04-14 12:57:50 - WARNING - __main__ - Slot 1 (Sack Erde): KEIN Icon gefunden in item_icons! Zeichne Text.
2025-04-14 12:57:50 - WARNING - __main__ - Slot 2 (Weed Seeds): KEIN Icon gefunden in item_icons! Zeichne Text.
2025-04-14 12:57:50 - WARNING - __main__ - Slot 0 (Blumentopf): KEIN Icon gefunden in item_icons! Zeichne Text.
2025-04-14 12:57:50 - WARNING - __main__ - Slot 1 (Sack Erde): KEIN Icon gefunden in item_icons! Zeichne Text.
2025-04-14 12:57:50 - WARNING - __main__ - Slot 2 (Weed Seeds): KEIN Icon gefunden in item_icons! Zeichne Text.
2025-04-14 12:57:50 - WARNING - __main__ - Slot 0 (Blumentopf): KEIN Icon gefunden in item_icons! Zeichne Text.
2025-04-14 12:57:50 - WARNING - __main__ - Slot 1 (Sack Erde): KEIN Icon gefunden in item_icons! Zeichne Text.
2025-04-14 12:57:50 - WARNING - __main__ - Slot 2 (Weed Seeds): KEIN Icon gefunden in item_icons! Zeichne Text.
2025-04-14 12:57:50 - WARNING - __main__ - Slot 0 (Blumentopf): KEIN Icon gefunden in item_icons! Zeichne Text.
2025-04-14 12:57:50 - WARNING - __main__ - Slot 1 (Sack Erde): KEIN Icon gefunden in item_icons! Zeichne Text.
2025-04-14 12:57:50 - WARNING - __main__ - Slot 2 (Weed Seeds): KEIN Icon gefunden in item_icons! Zeichne Text.
2025-04-14 12:57:50 - WARNING - __main__ - Slot 0 (Blumentopf): KEIN Icon gefunden in item_icons! Zeichne Text.
2025-04-14 12:57:50 - WARNING - __main__ - Slot 1 (Sack Erde): KEIN Icon gefunden in item_icons! Zeichne Text.
2025-04-14 12:57:50 - WARNING - __main__ - Slot 2 (Weed Seeds): KEIN Icon gefunden in item_icons! Zeichne Text.
2025-04-14 12:57:50 - WARNING - __main__ - Slot 0 (Blumentopf): KEIN Icon gefunden in item_icons! Zeichne Text.
2025-04-14 12:57:50 - WARNING - __main__ - Slot 1 (Sack Erde): KEIN Icon gefunden in item_icons! Zeichne Text.
2025-04-14 12:57:50 - WARNING - __main__ - Slot 2 (Weed Seeds): KEIN Icon gefunden in item_icons! Zeichne Text.
2025-04-14 12:57:50 - WARNING - __main__ - Slot 0 (Blumentopf): KEIN Icon gefunden in item_icons! Zeichne Text.
2025-04-14 12:57:50 - WARNING - __main__ - Slot 1 (Sack Erde): KEIN Icon gefunden in item_icons! Zeichne Text.
2025-04-14 12:57:50 - WARNING - __main__ - Slot 2 (Weed Seeds): KEIN Icon gefunden in item_icons! Zeichne Text.
2025-04-14 12:57:50 - WARNING - __main__ - Slot 0 (Blumentopf): KEIN Icon gefunden in item_icons! Zeichne Text.
2025-04-14 12:57:50 - WARNING - __main__ - Slot 1 (Sack Erde): KEIN Icon gefunden in item_icons! Zeichne Text.
2025-04-14 12:57:50 - WARNING - __main__ - Slot 2 (Weed Seeds): KEIN Icon gefunden in item_icons! Zeichne Text.
2025-04-14 12:57:50 - WARNING - __main__ - Slot 0 (Blumentopf): KEIN Icon gefunden in item_icons! Zeichne Text.
2025-04-14 12:57:50 - WARNING - __main__ - Slot 1 (Sack Erde): KEIN Icon gefunden in item_icons! Zeichne Text.
2025-04-14 12:57:50 - WARNING - __main__ - Slot 2 (Weed Seeds): KEIN Icon gefunden in item_icons! Zeichne Text.
2025-04-14 12:57:50 - WARNING - __main__ - Slot 0 (Blumentopf): KEIN Icon gefunden in item_icons! Zeichne Text.
2025-04-14 12:57:50 - WARNING - __main__ - Slot 1 (Sack Erde): KEIN Icon gefunden in item_icons! Zeichne Text.
2025-04-14 12:57:50 - WARNING - __main__ - Slot 2 (Weed Seeds): KEIN Icon gefunden in item_icons! Zeichne Text.
2025-04-14 12:57:50 - WARNING - __main__ - Slot 0 (Blumentopf): KEIN Icon gefunden in item_icons! Zeichne Text.
2025-04-14 12:57:50 - WARNING - __main__ - Slot 1 (Sack Erde): KEIN Icon gefunden in item_icons! Zeichne Text.
2025-04-14 12:57:50 - WARNING - __main__ - Slot 2 (Weed Seeds): KEIN Icon gefunden in item_icons! Zeichne Text.
2025-04-14 12:57:50 - WARNING - __main__ - Slot 0 (Blumentopf): KEIN Icon gefunden in item_icons! Zeichne Text.
2025-04-14 12:57:50 - WARNING - __main__ - Slot 1 (Sack Erde): KEIN Icon gefunden in item_icons! Zeichne Text.
2025-04-14 12:57:50 - WARNING - __main__ - Slot 2 (Weed Seeds): KEIN Icon gefunden in item_icons! Zeichne Text.
2025-04-14 12:57:50 - WARNING - __main__ - Slot 0 (Blumentopf): KEIN Icon gefunden in item_icons! Zeichne Text.
2025-04-14 12:57:50 - WARNING - __main__ - Slot 1 (Sack Erde): KEIN Icon gefunden in item_icons! Zeichne Text.
2025-04-14 12:57:50 - WARNING - __main__ - Slot 2 (Weed Seeds): KEIN Icon gefunden in item_icons! Zeichne Text.
2025-04-14 12:57:51 - WARNING - __main__ - Slot 0 (Blumentopf): KEIN Icon gefunden in item_icons! Zeichne Text.
2025-04-14 12:57:51 - WARNING - __main__ - Slot 1 (Sack Erde): KEIN Icon gefunden in item_icons! Zeichne Text.
2025-04-14 12:57:51 - WARNING - __main__ - Slot 2 (Weed Seeds): KEIN Icon gefunden in item_icons! Zeichne Text.
2025-04-14 12:57:51 - WARNING - __main__ - Slot 0 (Blumentopf): KEIN Icon gefunden in item_icons! Zeichne Text.
2025-04-14 12:57:51 - WARNING - __main__ - Slot 1 (Sack Erde): KEIN Icon gefunden in item_icons! Zeichne Text.
2025-04-14 12:57:51 - WARNING - __main__ - Slot 2 (Weed Seeds): KEIN Icon gefunden in item_icons! Zeichne Text.
2025-04-14 12:57:51 - WARNING - __main__ - Slot 0 (Blumentopf): KEIN Icon gefunden in item_icons! Zeichne Text.
2025-04-14 12:57:51 - WARNING - __main__ - Slot 1 (Sack Erde): KEIN Icon gefunden in item_icons! Zeichne Text.
2025-04-14 12:57:51 - WARNING - __main__ - Slot 2 (Weed Seeds): KEIN Icon gefunden in item_icons! Zeichne Text.
2025-04-14 12:57:51 - WARNING - __main__ - Slot 0 (Blumentopf): KEIN Icon gefunden in item_icons! Zeichne Text.
2025-04-14 12:57:51 - WARNING - __main__ - Slot 1 (Sack Erde): KEIN Icon gefunden in item_icons! Zeichne Text.
2025-04-14 12:57:51 - WARNING - __main__ - Slot 2 (Weed Seeds): KEIN Icon gefunden in item_icons! Zeichne Text.
2025-04-14 12:57:51 - WARNING - __main__ - Slot 0 (Blumentopf): KEIN Icon gefunden in item_icons! Zeichne Text.
2025-04-14 12:57:51 - WARNING - __main__ - Slot 1 (Sack Erde): KEIN Icon gefunden in item_icons! Zeichne Text.
2025-04-14 12:57:51 - WARNING - __main__ - Slot 2 (Weed Seeds): KEIN Icon gefunden in item_icons! Zeichne Text.
2025-04-14 12:57:51 - WARNING - __main__ - Slot 0 (Blumentopf): KEIN Icon gefunden in item_icons! Zeichne Text.
2025-04-14 12:57:51 - WARNING - __main__ - Slot 1 (Sack Erde): KEIN Icon gefunden in item_icons! Zeichne Text.
2025-04-14 12:57:51 - WARNING - __main__ - Slot 2 (Weed Seeds): KEIN Icon gefunden in item_icons! Zeichne Text.
2025-04-14 12:57:51 - WARNING - __main__ - Slot 0 (Blumentopf): KEIN Icon gefunden in item_icons! Zeichne Text.
2025-04-14 12:57:51 - WARNING - __main__ - Slot 1 (Sack Erde): KEIN Icon gefunden in item_icons! Zeichne Text.
2025-04-14 12:57:51 - WARNING - __main__ - Slot 2 (Weed Seeds): KEIN Icon gefunden in item_icons! Zeichne Text.
2025-04-14 12:57:51 - WARNING - __main__ - Slot 0 (Blumentopf): KEIN Icon gefunden in item_icons! Zeichne Text.
2025-04-14 12:57:51 - WARNING - __main__ - Slot 1 (Sack Erde): KEIN Icon gefunden in item_icons! Zeichne Text.
2025-04-14 12:57:51 - WARNING - __main__ - Slot 2 (Weed Seeds): KEIN Icon gefunden in item_icons! Zeichne Text.
2025-04-14 12:57:51 - WARNING - __main__ - Slot 0 (Blumentopf): KEIN Icon gefunden in item_icons! Zeichne Text.
2025-04-14 12:57:51 - WARNING - __main__ - Slot 1 (Sack Erde): KEIN Icon gefunden in item_icons! Zeichne Text.
2025-04-14 12:57:51 - WARNING - __main__ - Slot 2 (Weed Seeds): KEIN Icon gefunden in item_icons! Zeichne Text.
2025-04-14 12:57:51 - WARNING - __main__ - Slot 0 (Blumentopf): KEIN Icon gefunden in item_icons! Zeichne Text.
2025-04-14 12:57:51 - WARNING - __main__ - Slot 1 (Sack Erde): KEIN Icon gefunden in item_icons! Zeichne Text.
2025-04-14 12:57:51 - WARNING - __main__ - Slot 2 (Weed Seeds): KEIN Icon gefunden in item_icons! Zeichne Text.
2025-04-14 12:57:51 - WARNING - __main__ - Slot 0 (Blumentopf): KEIN Icon gefunden in item_icons! Zeichne Text.
2025-04-14 12:57:51 - WARNING - __main__ - Slot 1 (Sack Erde): KEIN Icon gefunden in item_icons! Zeichne Text.
2025-04-14 12:57:51 - WARNING - __main__ - Slot 2 (Weed Seeds): KEIN Icon gefunden in item_icons! Zeichne Text.
2025-04-14 12:57:51 - WARNING - __main__ - Slot 0 (Blumentopf): KEIN Icon gefunden in item_icons! Zeichne Text.
2025-04-14 12:57:51 - WARNING - __main__ - Slot 1 (Sack Erde): KEIN Icon gefunden in item_icons! Zeichne Text.
2025-04-14 12:57:51 - WARNING - __main__ - Slot 2 (Weed Seeds): KEIN Icon gefunden in item_icons! Zeichne Text.
2025-04-14 12:57:51 - WARNING - __main__ - Slot 0 (Blumentopf): KEIN Icon gefunden in item_icons! Zeichne Text.
2025-04-14 12:57:51 - WARNING - __main__ - Slot 1 (Sack Erde): KEIN Icon gefunden in item_icons! Zeichne Text.
2025-04-14 12:57:51 - WARNING - __main__ - Slot 2 (Weed Seeds): KEIN Icon gefunden in item_icons! Zeichne Text.
2025-04-14 12:57:51 - WARNING - __main__ - Slot 0 (Blumentopf): KEIN Icon gefunden in item_icons! Zeichne Text.
2025-04-14 12:57:51 - WARNING - __main__ - Slot 1 (Sack Erde): KEIN Icon gefunden in item_icons! Zeichne Text.
2025-04-14 12:57:51 - WARNING - __main__ - Slot 2 (Weed Seeds): KEIN Icon gefunden in item_icons! Zeichne Text.
2025-04-14 12:57:51 - WARNING - __main__ - Slot 0 (Blumentopf): KEIN Icon gefunden in item_icons! Zeichne Text.
2025-04-14 12:57:51 - WARNING - __main__ - Slot 1 (Sack Erde): KEIN Icon gefunden in item_icons! Zeichne Text.
2025-04-14 12:57:51 - WARNING - __main__ - Slot 2 (Weed Seeds): KEIN Icon gefunden in item_icons! Zeichne Text.
2025-04-14 12:57:51 - WARNING - __main__ - Slot 0 (Blumentopf): KEIN Icon gefunden in item_icons! Zeichne Text.
2025-04-14 12:57:51 - WARNING - __main__ - Slot 1 (Sack Erde): KEIN Icon gefunden in item_icons! Zeichne Text.
2025-04-14 12:57:51 - WARNING - __main__ - Slot 2 (Weed Seeds): KEIN Icon gefunden in item_icons! Zeichne Text.
2025-04-14 12:57:51 - WARNING - __main__ - Slot 0 (Blumentopf): KEIN Icon gefunden in item_icons! Zeichne Text.
2025-04-14 12:57:51 - WARNING - __main__ - Slot 1 (Sack Erde): KEIN Icon gefunden in item_icons! Zeichne Text.
2025-04-14 12:57:51 - WARNING - __main__ - Slot 2 (Weed Seeds): KEIN Icon gefunden in item_icons! Zeichne Text.
2025-04-14 12:57:51 - WARNING - __main__ - Slot 0 (Blumentopf): KEIN Icon gefunden in item_icons! Zeichne Text.
2025-04-14 12:57:51 - WARNING - __main__ - Slot 1 (Sack Erde): KEIN Icon gefunden in item_icons! Zeichne Text.
2025-04-14 12:57:51 - WARNING - __main__ - Slot 2 (Weed Seeds): KEIN Icon gefunden in item_icons! Zeichne Text.
2025-04-14 12:57:51 - WARNING - __main__ - Slot 0 (Blumentopf): KEIN Icon gefunden in item_icons! Zeichne Text.
2025-04-14 12:57:51 - WARNING - __main__ - Slot 1 (Sack Erde): KEIN Icon gefunden in item_icons! Zeichne Text.
2025-04-14 12:57:51 - WARNING - __main__ - Slot 2 (Weed Seeds): KEIN Icon gefunden in item_icons! Zeichne Text.
2025-04-14 12:57:51 - WARNING - __main__ - Slot 0 (Blumentopf): KEIN Icon gefunden in item_icons! Zeichne Text.
2025-04-14 12:57:51 - WARNING - __main__ - Slot 1 (Sack Erde): KEIN Icon gefunden in item_icons! Zeichne Text.
2025-04-14 12:57:51 - WARNING - __main__ - Slot 2 (Weed Seeds): KEIN Icon gefunden in item_icons! Zeichne Text.
2025-04-14 12:57:51 - WARNING - __main__ - Slot 0 (Blumentopf): KEIN Icon gefunden in item_icons! Zeichne Text.
2025-04-14 12:57:51 - WARNING - __main__ - Slot 1 (Sack Erde): KEIN Icon gefunden in item_icons! Zeichne Text.
2025-04-14 12:57:51 - WARNING - __main__ - Slot 2 (Weed Seeds): KEIN Icon gefunden in item_icons! Zeichne Text.
2025-04-14 12:57:51 - WARNING - __main__ - Slot 0 (Blumentopf): KEIN Icon gefunden in item_icons! Zeichne Text.
2025-04-14 12:57:51 - WARNING - __main__ - Slot 1 (Sack Erde): KEIN Icon gefunden in item_icons! Zeichne Text.
2025-04-14 12:57:51 - WARNING - __main__ - Slot 2 (Weed Seeds): KEIN Icon gefunden in item_icons! Zeichne Text.
2025-04-14 12:57:51 - WARNING - __main__ - Slot 0 (Blumentopf): KEIN Icon gefunden in item_icons! Zeichne Text.
2025-04-14 12:57:51 - WARNING - __main__ - Slot 1 (Sack Erde): KEIN Icon gefunden in item_icons! Zeichne Text.
2025-04-14 12:57:51 - WARNING - __main__ - Slot 2 (Weed Seeds): KEIN Icon gefunden in item_icons! Zeichne Text.
2025-04-14 12:57:51 - WARNING - __main__ - Slot 0 (Blumentopf): KEIN Icon gefunden in item_icons! Zeichne Text.
2025-04-14 12:57:51 - WARNING - __main__ - Slot 1 (Sack Erde): KEIN Icon gefunden in item_icons! Zeichne Text.
2025-04-14 12:57:51 - WARNING - __main__ - Slot 2 (Weed Seeds): KEIN Icon gefunden in item_icons! Zeichne Text.
2025-04-14 12:57:51 - WARNING - __main__ - Slot 0 (Blumentopf): KEIN Icon gefunden in item_icons! Zeichne Text.
2025-04-14 12:57:51 - WARNING - __main__ - Slot 1 (Sack Erde): KEIN Icon gefunden in item_icons! Zeichne Text.
2025-04-14 12:57:51 - WARNING - __main__ - Slot 2 (Weed Seeds): KEIN Icon gefunden in item_icons! Zeichne Text.
2025-04-14 12:57:51 - WARNING - __main__ - Slot 0 (Blumentopf): KEIN Icon gefunden in item_icons! Zeichne Text.
2025-04-14 12:57:51 - WARNING - __main__ - Slot 1 (Sack Erde): KEIN Icon gefunden in item_icons! Zeichne Text.
2025-04-14 12:57:51 - WARNING - __main__ - Slot 2 (Weed Seeds): KEIN Icon gefunden in item_icons! Zeichne Text.
2025-04-14 12:57:51 - WARNING - __main__ - Slot 0 (Blumentopf): KEIN Icon gefunden in item_icons! Zeichne Text.
2025-04-14 12:57:51 - WARNING - __main__ - Slot 1 (Sack Erde): KEIN Icon gefunden in item_icons! Zeichne Text.
2025-04-14 12:57:51 - WARNING - __main__ - Slot 2 (Weed Seeds): KEIN Icon gefunden in item_icons! Zeichne Text.
2025-04-14 12:57:51 - WARNING - __main__ - Slot 0 (Blumentopf): KEIN Icon gefunden in item_icons! Zeichne Text.
2025-04-14 12:57:51 - WARNING - __main__ - Slot 1 (Sack Erde): KEIN Icon gefunden in item_icons! Zeichne Text.
2025-04-14 12:57:51 - WARNING - __main__ - Slot 2 (Weed Seeds): KEIN Icon gefunden in item_icons! Zeichne Text.
2025-04-14 12:57:51 - WARNING - __main__ - Slot 0 (Blumentopf): KEIN Icon gefunden in item_icons! Zeichne Text.
2025-04-14 12:57:51 - WARNING - __main__ - Slot 1 (Sack Erde): KEIN Icon gefunden in item_icons! Zeichne Text.
2025-04-14 12:57:51 - WARNING - __main__ - Slot 2 (Weed Seeds): KEIN Icon gefunden in item_icons! Zeichne Text.
2025-04-14 12:57:51 - WARNING - __main__ - Slot 0 (Blumentopf): KEIN Icon gefunden in item_icons! Zeichne Text.
2025-04-14 12:57:51 - WARNING - __main__ - Slot 1 (Sack Erde): KEIN Icon gefunden in item_icons! Zeichne Text.
2025-04-14 12:57:51 - WARNING - __main__ - Slot 2 (Weed Seeds): KEIN Icon gefunden in item_icons! Zeichne Text.
2025-04-14 12:57:51 - WARNING - __main__ - Slot 0 (Blumentopf): KEIN Icon gefunden in item_icons! Zeichne Text.
2025-04-14 12:57:51 - WARNING - __main__ - Slot 1 (Sack Erde): KEIN Icon gefunden in item_icons! Zeichne Text.
2025-04-14 12:57:51 - WARNING - __main__ - Slot 2 (Weed Seeds): KEIN Icon gefunden in item_icons! Zeichne Text.
2025-04-14 12:57:51 - WARNING - __main__ - Slot 0 (Blumentopf): KEIN Icon gefunden in item_icons! Zeichne Text.
2025-04-14 12:57:51 - WARNING - __main__ - Slot 1 (Sack Erde): KEIN Icon gefunden in item_icons! Zeichne Text.
2025-04-14 12:57:51 - WARNING - __main__ - Slot 2 (Weed Seeds): KEIN Icon gefunden in item_icons! Zeichne Text.
2025-04-14 12:57:51 - WARNING - __main__ - Slot 0 (Blumentopf): KEIN Icon gefunden in item_icons! Zeichne Text.
2025-04-14 12:57:51 - WARNING - __main__ - Slot 1 (Sack Erde): KEIN Icon gefunden in item_icons! Zeichne Text.
2025-04-14 12:57:51 - WARNING - __main__ - Slot 2 (Weed Seeds): KEIN Icon gefunden in item_icons! Zeichne Text.
2025-04-14 12:57:51 - WARNING - __main__ - Slot 0 (Blumentopf): KEIN Icon gefunden in item_icons! Zeichne Text.
2025-04-14 12:57:51 - WARNING - __main__ - Slot 1 (Sack Erde): KEIN Icon gefunden in item_icons! Zeichne Text.
2025-04-14 12:57:51 - WARNING - __main__ - Slot 2 (Weed Seeds): KEIN Icon gefunden in item_icons! Zeichne Text.
2025-04-14 12:57:51 - WARNING - __main__ - Slot 0 (Blumentopf): KEIN Icon gefunden in item_icons! Zeichne Text.
2025-04-14 12:57:51 - WARNING - __main__ - Slot 1 (Sack Erde): KEIN Icon gefunden in item_icons! Zeichne Text.
2025-04-14 12:57:51 - WARNING - __main__ - Slot 2 (Weed Seeds): KEIN Icon gefunden in item_icons! Zeichne Text.
2025-04-14 12:57:51 - WARNING - __main__ - Slot 0 (Blumentopf): KEIN Icon gefunden in item_icons! Zeichne Text.
2025-04-14 12:57:51 - WARNING - __main__ - Slot 1 (Sack Erde): KEIN Icon gefunden in item_icons! Zeichne Text.
2025-04-14 12:57:51 - WARNING - __main__ - Slot 2 (Weed Seeds): KEIN Icon gefunden in item_icons! Zeichne Text.
2025-04-14 12:57:51 - WARNING - __main__ - Slot 0 (Blumentopf): KEIN Icon gefunden in item_icons! Zeichne Text.
2025-04-14 12:57:51 - WARNING - __main__ - Slot 1 (Sack Erde): KEIN Icon gefunden in item_icons! Zeichne Text.
2025-04-14 12:57:51 - WARNING - __main__ - Slot 2 (Weed Seeds): KEIN Icon gefunden in item_icons! Zeichne Text.
2025-04-14 12:57:51 - WARNING - __main__ - Slot 0 (Blumentopf): KEIN Icon gefunden in item_icons! Zeichne Text.
2025-04-14 12:57:51 - WARNING - __main__ - Slot 1 (Sack Erde): KEIN Icon gefunden in item_icons! Zeichne Text.
2025-04-14 12:57:51 - WARNING - __main__ - Slot 2 (Weed Seeds): KEIN Icon gefunden in item_icons! Zeichne Text.
2025-04-14 12:57:51 - WARNING - __main__ - Slot 0 (Blumentopf): KEIN Icon gefunden in item_icons! Zeichne Text.
2025-04-14 12:57:51 - WARNING - __main__ - Slot 1 (Sack Erde): KEIN Icon gefunden in item_icons! Zeichne Text.
2025-04-14 12:57:51 - WARNING - __main__ - Slot 2 (Weed Seeds): KEIN Icon gefunden in item_icons! Zeichne Text.
2025-04-14 12:57:51 - WARNING - __main__ - Slot 0 (Blumentopf): KEIN Icon gefunden in item_icons! Zeichne Text.
2025-04-14 12:57:51 - WARNING - __main__ - Slot 1 (Sack Erde): KEIN Icon gefunden in item_icons! Zeichne Text.
2025-04-14 12:57:51 - WARNING - __main__ - Slot 2 (Weed Seeds): KEIN Icon gefunden in item_icons! Zeichne Text.
2025-04-14 12:57:51 - WARNING - __main__ - Slot 0 (Blumentopf): KEIN Icon gefunden in item_icons! Zeichne Text.
2025-04-14 12:57:51 - WARNING - __main__ - Slot 1 (Sack Erde): KEIN Icon gefunden in item_icons! Zeichne Text.
2025-04-14 12:57:51 - WARNING - __main__ - Slot 2 (Weed Seeds): KEIN Icon gefunden in item_icons! Zeichne Text.
2025-04-14 12:57:51 - WARNING - __main__ - Slot 0 (Blumentopf): KEIN Icon gefunden in item_icons! Zeichne Text.
2025-04-14 12:57:51 - WARNING - __main__ - Slot 1 (Sack Erde): KEIN Icon gefunden in item_icons! Zeichne Text.
2025-04-14 12:57:51 - WARNING - __main__ - Slot 2 (Weed Seeds): KEIN Icon gefunden in item_icons! Zeichne Text.
2025-04-14 12:57:51 - WARNING - __main__ - Slot 0 (Blumentopf): KEIN Icon gefunden in item_icons! Zeichne Text.
2025-04-14 12:57:51 - WARNING - __main__ - Slot 1 (Sack Erde): KEIN Icon gefunden in item_icons! Zeichne Text.
2025-04-14 12:57:51 - WARNING - __main__ - Slot 2 (Weed Seeds): KEIN Icon gefunden in item_icons! Zeichne Text.
2025-04-14 12:57:51 - WARNING - __main__ - Slot 0 (Blumentopf): KEIN Icon gefunden in item_icons! Zeichne Text.
2025-04-14 12:57:51 - WARNING - __main__ - Slot 1 (Sack Erde): KEIN Icon gefunden in item_icons! Zeichne Text.
2025-04-14 12:57:51 - WARNING - __main__ - Slot 2 (Weed Seeds): KEIN Icon gefunden in item_icons! Zeichne Text.
2025-04-14 12:57:51 - WARNING - __main__ - Slot 0 (Blumentopf): KEIN Icon gefunden in item_icons! Zeichne Text.
2025-04-14 12:57:51 - WARNING - __main__ - Slot 1 (Sack Erde): KEIN Icon gefunden in item_icons! Zeichne Text.
2025-04-14 12:57:51 - WARNING - __main__ - Slot 2 (Weed Seeds): KEIN Icon gefunden in item_icons! Zeichne Text.
2025-04-14 12:57:51 - WARNING - __main__ - Slot 0 (Blumentopf): KEIN Icon gefunden in item_icons! Zeichne Text.
2025-04-14 12:57:51 - WARNING - __main__ - Slot 1 (Sack Erde): KEIN Icon gefunden in item_icons! Zeichne Text.
2025-04-14 12:57:51 - WARNING - __main__ - Slot 2 (Weed Seeds): KEIN Icon gefunden in item_icons! Zeichne Text.
2025-04-14 12:57:51 - WARNING - __main__ - Slot 0 (Blumentopf): KEIN Icon gefunden in item_icons! Zeichne Text.
2025-04-14 12:57:51 - WARNING - __main__ - Slot 1 (Sack Erde): KEIN Icon gefunden in item_icons! Zeichne Text.
2025-04-14 12:57:51 - WARNING - __main__ - Slot 2 (Weed Seeds): KEIN Icon gefunden in item_icons! Zeichne Text.
2025-04-14 12:57:51 - WARNING - __main__ - Slot 0 (Blumentopf): KEIN Icon gefunden in item_icons! Zeichne Text.
2025-04-14 12:57:51 - WARNING - __main__ - Slot 1 (Sack Erde): KEIN Icon gefunden in item_icons! Zeichne Text.
2025-04-14 12:57:51 - WARNING - __main__ - Slot 2 (Weed Seeds): KEIN Icon gefunden in item_icons! Zeichne Text.
2025-04-14 12:57:51 - WARNING - __main__ - Slot 0 (Blumentopf): KEIN Icon gefunden in item_icons! Zeichne Text.
2025-04-14 12:57:51 - WARNING - __main__ - Slot 1 (Sack Erde): KEIN Icon gefunden in item_icons! Zeichne Text.
2025-04-14 12:57:51 - WARNING - __main__ - Slot 2 (Weed Seeds): KEIN Icon gefunden in item_icons! Zeichne Text.
2025-04-14 12:57:51 - WARNING - __main__ - Slot 0 (Blumentopf): KEIN Icon gefunden in item_icons! Zeichne Text.
2025-04-14 12:57:51 - WARNING - __main__ - Slot 1 (Sack Erde): KEIN Icon gefunden in item_icons! Zeichne Text.
2025-04-14 12:57:51 - WARNING - __main__ - Slot 2 (Weed Seeds): KEIN Icon gefunden in item_icons! Zeichne Text.
2025-04-14 12:57:51 - WARNING - __main__ - Slot 0 (Blumentopf): KEIN Icon gefunden in item_icons! Zeichne Text.
2025-04-14 12:57:51 - WARNING - __main__ - Slot 1 (Sack Erde): KEIN Icon gefunden in item_icons! Zeichne Text.
2025-04-14 12:57:51 - WARNING - __main__ - Slot 2 (Weed Seeds): KEIN Icon gefunden in item_icons! Zeichne Text.
2025-04-14 12:57:51 - WARNING - __main__ - Slot 0 (Blumentopf): KEIN Icon gefunden in item_icons! Zeichne Text.
2025-04-14 12:57:51 - WARNING - __main__ - Slot 1 (Sack Erde): KEIN Icon gefunden in item_icons! Zeichne Text.
2025-04-14 12:57:51 - WARNING - __main__ - Slot 2 (Weed Seeds): KEIN Icon gefunden in item_icons! Zeichne Text.
2025-04-14 12:57:51 - WARNING - __main__ - Slot 0 (Blumentopf): KEIN Icon gefunden in item_icons! Zeichne Text.
2025-04-14 12:57:51 - WARNING - __main__ - Slot 1 (Sack Erde): KEIN Icon gefunden in item_icons! Zeichne Text.
2025-04-14 12:57:51 - WARNING - __main__ - Slot 2 (Weed Seeds): KEIN Icon gefunden in item_icons! Zeichne Text.
2025-04-14 12:57:51 - WARNING - __main__ - Slot 0 (Blumentopf): KEIN Icon gefunden in item_icons! Zeichne Text.
2025-04-14 12:57:51 - WARNING - __main__ - Slot 1 (Sack Erde): KEIN Icon gefunden in item_icons! Zeichne Text.
2025-04-14 12:57:51 - WARNING - __main__ - Slot 2 (Weed Seeds): KEIN Icon gefunden in item_icons! Zeichne Text.
2025-04-14 12:57:51 - WARNING - __main__ - Slot 0 (Blumentopf): KEIN Icon gefunden in item_icons! Zeichne Text.
2025-04-14 12:57:51 - WARNING - __main__ - Slot 1 (Sack Erde): KEIN Icon gefunden in item_icons! Zeichne Text.
2025-04-14 12:57:51 - WARNING - __main__ - Slot 2 (Weed Seeds): KEIN Icon gefunden in item_icons! Zeichne Text.
2025-04-14 12:57:51 - WARNING - __main__ - Slot 0 (Blumentopf): KEIN Icon gefunden in item_icons! Zeichne Text.
2025-04-14 12:57:51 - WARNING - __main__ - Slot 1 (Sack Erde): KEIN Icon gefunden in item_icons! Zeichne Text.
2025-04-14 12:57:51 - WARNING - __main__ - Slot 2 (Weed Seeds): KEIN Icon gefunden in item_icons! Zeichne Text.
2025-04-14 12:57:51 - WARNING - __main__ - Slot 0 (Blumentopf): KEIN Icon gefunden in item_icons! Zeichne Text.
2025-04-14 12:57:51 - WARNING - __main__ - Slot 1 (Sack Erde): KEIN Icon gefunden in item_icons! Zeichne Text.
2025-04-14 12:57:51 - WARNING - __main__ - Slot 2 (Weed Seeds): KEIN Icon gefunden in item_icons! Zeichne Text.
2025-04-14 12:57:51 - WARNING - __main__ - Slot 0 (Blumentopf): KEIN Icon gefunden in item_icons! Zeichne Text.
2025-04-14 12:57:51 - WARNING - __main__ - Slot 1 (Sack Erde): KEIN Icon gefunden in item_icons! Zeichne Text.
2025-04-14 12:57:51 - WARNING - __main__ - Slot 2 (Weed Seeds): KEIN Icon gefunden in item_icons! Zeichne Text.
2025-04-14 12:57:51 - WARNING - __main__ - Slot 0 (Blumentopf): KEIN Icon gefunden in item_icons! Zeichne Text.
2025-04-14 12:57:51 - WARNING - __main__ - Slot 1 (Sack Erde): KEIN Icon gefunden in item_icons! Zeichne Text.
2025-04-14 12:57:51 - WARNING - __main__ - Slot 2 (Weed Seeds): KEIN Icon gefunden in item_icons! Zeichne Text.
2025-04-14 12:57:51 - WARNING - __main__ - Slot 0 (Blumentopf): KEIN Icon gefunden in item_icons! Zeichne Text.
2025-04-14 12:57:51 - WARNING - __main__ - Slot 1 (Sack Erde): KEIN Icon gefunden in item_icons! Zeichne Text.
2025-04-14 12:57:51 - WARNING - __main__ - Slot 2 (Weed Seeds): KEIN Icon gefunden in item_icons! Zeichne Text.
2025-04-14 12:57:51 - WARNING - __main__ - Slot 0 (Blumentopf): KEIN Icon gefunden in item_icons! Zeichne Text.
2025-04-14 12:57:51 - WARNING - __main__ - Slot 1 (Sack Erde): KEIN Icon gefunden in item_icons! Zeichne Text.
2025-04-14 12:57:51 - WARNING - __main__ - Slot 2 (Weed Seeds): KEIN Icon gefunden in item_icons! Zeichne Text.
2025-04-14 12:57:52 - WARNING - __main__ - Slot 0 (Blumentopf): KEIN Icon gefunden in item_icons! Zeichne Text.
2025-04-14 12:57:52 - WARNING - __main__ - Slot 1 (Sack Erde): KEIN Icon gefunden in item_icons! Zeichne Text.
2025-04-14 12:57:52 - WARNING - __main__ - Slot 2 (Weed Seeds): KEIN Icon gefunden in item_icons! Zeichne Text.
2025-04-14 12:57:52 - WARNING - __main__ - Slot 0 (Blumentopf): KEIN Icon gefunden in item_icons! Zeichne Text.
2025-04-14 12:57:52 - WARNING - __main__ - Slot 1 (Sack Erde): KEIN Icon gefunden in item_icons! Zeichne Text.
2025-04-14 12:57:52 - WARNING - __main__ - Slot 2 (Weed Seeds): KEIN Icon gefunden in item_icons! Zeichne Text.
2025-04-14 12:57:52 - WARNING - __main__ - Slot 0 (Blumentopf): KEIN Icon gefunden in item_icons! Zeichne Text.
2025-04-14 12:57:52 - WARNING - __main__ - Slot 1 (Sack Erde): KEIN Icon gefunden in item_icons! Zeichne Text.
2025-04-14 12:57:52 - WARNING - __main__ - Slot 2 (Weed Seeds): KEIN Icon gefunden in item_icons! Zeichne Text.
2025-04-14 12:57:52 - WARNING - __main__ - Slot 0 (Blumentopf): KEIN Icon gefunden in item_icons! Zeichne Text.
2025-04-14 12:57:52 - WARNING - __main__ - Slot 1 (Sack Erde): KEIN Icon gefunden in item_icons! Zeichne Text.
2025-04-14 12:57:52 - WARNING - __main__ - Slot 2 (Weed Seeds): KEIN Icon gefunden in item_icons! Zeichne Text.
2025-04-14 12:57:52 - WARNING - __main__ - Slot 0 (Blumentopf): KEIN Icon gefunden in item_icons! Zeichne Text.
2025-04-14 12:57:52 - WARNING - __main__ - Slot 1 (Sack Erde): KEIN Icon gefunden in item_icons! Zeichne Text.
2025-04-14 12:57:52 - WARNING - __main__ - Slot 2 (Weed Seeds): KEIN Icon gefunden in item_icons! Zeichne Text.
2025-04-14 12:57:52 - WARNING - __main__ - Slot 0 (Blumentopf): KEIN Icon gefunden in item_icons! Zeichne Text.
2025-04-14 12:57:52 - WARNING - __main__ - Slot 1 (Sack Erde): KEIN Icon gefunden in item_icons! Zeichne Text.
2025-04-14 12:57:52 - WARNING - __main__ - Slot 2 (Weed Seeds): KEIN Icon gefunden in item_icons! Zeichne Text.
2025-04-14 12:57:52 - WARNING - __main__ - Slot 0 (Blumentopf): KEIN Icon gefunden in item_icons! Zeichne Text.
2025-04-14 12:57:52 - WARNING - __main__ - Slot 1 (Sack Erde): KEIN Icon gefunden in item_icons! Zeichne Text.
2025-04-14 12:57:52 - WARNING - __main__ - Slot 2 (Weed Seeds): KEIN Icon gefunden in item_icons! Zeichne Text.
2025-04-14 12:57:52 - WARNING - __main__ - Slot 0 (Blumentopf): KEIN Icon gefunden in item_icons! Zeichne Text.
2025-04-14 12:57:52 - WARNING - __main__ - Slot 1 (Sack Erde): KEIN Icon gefunden in item_icons! Zeichne Text.
2025-04-14 12:57:52 - WARNING - __main__ - Slot 2 (Weed Seeds): KEIN Icon gefunden in item_icons! Zeichne Text.
2025-04-14 12:57:52 - WARNING - __main__ - Slot 0 (Blumentopf): KEIN Icon gefunden in item_icons! Zeichne Text.
2025-04-14 12:57:52 - WARNING - __main__ - Slot 1 (Sack Erde): KEIN Icon gefunden in item_icons! Zeichne Text.
2025-04-14 12:57:52 - WARNING - __main__ - Slot 2 (Weed Seeds): KEIN Icon gefunden in item_icons! Zeichne Text.
2025-04-14 12:57:52 - WARNING - __main__ - Slot 0 (Blumentopf): KEIN Icon gefunden in item_icons! Zeichne Text.
2025-04-14 12:57:52 - WARNING - __main__ - Slot 1 (Sack Erde): KEIN Icon gefunden in item_icons! Zeichne Text.
2025-04-14 12:57:52 - WARNING - __main__ - Slot 2 (Weed Seeds): KEIN Icon gefunden in item_icons! Zeichne Text.
2025-04-14 12:57:52 - WARNING - __main__ - Slot 0 (Blumentopf): KEIN Icon gefunden in item_icons! Zeichne Text.
2025-04-14 12:57:52 - WARNING - __main__ - Slot 1 (Sack Erde): KEIN Icon gefunden in item_icons! Zeichne Text.
2025-04-14 12:57:52 - WARNING - __main__ - Slot 2 (Weed Seeds): KEIN Icon gefunden in item_icons! Zeichne Text.
2025-04-14 12:57:52 - WARNING - __main__ - Slot 0 (Blumentopf): KEIN Icon gefunden in item_icons! Zeichne Text.
2025-04-14 12:57:52 - WARNING - __main__ - Slot 1 (Sack Erde): KEIN Icon gefunden in item_icons! Zeichne Text.
2025-04-14 12:57:52 - WARNING - __main__ - Slot 2 (Weed Seeds): KEIN Icon gefunden in item_icons! Zeichne Text.
2025-04-14 12:57:52 - WARNING - __main__ - Slot 0 (Blumentopf): KEIN Icon gefunden in item_icons! Zeichne Text.
2025-04-14 12:57:52 - WARNING - __main__ - Slot 1 (Sack Erde): KEIN Icon gefunden in item_icons! Zeichne Text.
2025-04-14 12:57:52 - WARNING - __main__ - Slot 2 (Weed Seeds): KEIN Icon gefunden in item_icons! Zeichne Text.
2025-04-14 12:57:52 - WARNING - __main__ - Slot 0 (Blumentopf): KEIN Icon gefunden in item_icons! Zeichne Text.
2025-04-14 12:57:52 - WARNING - __main__ - Slot 1 (Sack Erde): KEIN Icon gefunden in item_icons! Zeichne Text.
2025-04-14 12:57:52 - WARNING - __main__ - Slot 2 (Weed Seeds): KEIN Icon gefunden in item_icons! Zeichne Text.
2025-04-14 12:57:52 - WARNING - __main__ - Slot 0 (Blumentopf): KEIN Icon gefunden in item_icons! Zeichne Text.
2025-04-14 12:57:52 - WARNING - __main__ - Slot 1 (Sack Erde): KEIN Icon gefunden in item_icons! Zeichne Text.
2025-04-14 12:57:52 - WARNING - __main__ - Slot 2 (Weed Seeds): KEIN Icon gefunden in item_icons! Zeichne Text.
2025-04-14 12:57:52 - WARNING - __main__ - Slot 0 (Blumentopf): KEIN Icon gefunden in item_icons! Zeichne Text.
2025-04-14 12:57:52 - WARNING - __main__ - Slot 1 (Sack Erde): KEIN Icon gefunden in item_icons! Zeichne Text.
2025-04-14 12:57:52 - WARNING - __main__ - Slot 2 (Weed Seeds): KEIN Icon gefunden in item_icons! Zeichne Text.
2025-04-14 12:57:52 - WARNING - __main__ - Slot 0 (Blumentopf): KEIN Icon gefunden in item_icons! Zeichne Text.
2025-04-14 12:57:52 - WARNING - __main__ - Slot 1 (Sack Erde): KEIN Icon gefunden in item_icons! Zeichne Text.
2025-04-14 12:57:52 - WARNING - __main__ - Slot 2 (Weed Seeds): KEIN Icon gefunden in item_icons! Zeichne Text.
2025-04-14 12:57:52 - WARNING - __main__ - Slot 0 (Blumentopf): KEIN Icon gefunden in item_icons! Zeichne Text.
2025-04-14 12:57:52 - WARNING - __main__ - Slot 1 (Sack Erde): KEIN Icon gefunden in item_icons! Zeichne Text.
2025-04-14 12:57:52 - WARNING - __main__ - Slot 2 (Weed Seeds): KEIN Icon gefunden in item_icons! Zeichne Text.
2025-04-14 12:57:52 - WARNING - __main__ - Slot 0 (Blumentopf): KEIN Icon gefunden in item_icons! Zeichne Text.
2025-04-14 12:57:52 - WARNING - __main__ - Slot 1 (Sack Erde): KEIN Icon gefunden in item_icons! Zeichne Text.
2025-04-14 12:57:52 - WARNING - __main__ - Slot 2 (Weed Seeds): KEIN Icon gefunden in item_icons! Zeichne Text.
2025-04-14 12:57:52 - WARNING - __main__ - Slot 0 (Blumentopf): KEIN Icon gefunden in item_icons! Zeichne Text.
2025-04-14 12:57:52 - WARNING - __main__ - Slot 1 (Sack Erde): KEIN Icon gefunden in item_icons! Zeichne Text.
2025-04-14 12:57:52 - WARNING - __main__ - Slot 2 (Weed Seeds): KEIN Icon gefunden in item_icons! Zeichne Text.
2025-04-14 12:57:52 - WARNING - __main__ - Slot 0 (Blumentopf): KEIN Icon gefunden in item_icons! Zeichne Text.
2025-04-14 12:57:52 - WARNING - __main__ - Slot 1 (Sack Erde): KEIN Icon gefunden in item_icons! Zeichne Text.
2025-04-14 12:57:52 - WARNING - __main__ - Slot 2 (Weed Seeds): KEIN Icon gefunden in item_icons! Zeichne Text.
2025-04-14 12:57:52 - WARNING - __main__ - Slot 0 (Blumentopf): KEIN Icon gefunden in item_icons! Zeichne Text.
2025-04-14 12:57:52 - WARNING - __main__ - Slot 1 (Sack Erde): KEIN Icon gefunden in item_icons! Zeichne Text.
2025-04-14 12:57:52 - WARNING - __main__ - Slot 2 (Weed Seeds): KEIN Icon gefunden in item_icons! Zeichne Text.
2025-04-14 12:57:52 - WARNING - __main__ - Slot 0 (Blumentopf): KEIN Icon gefunden in item_icons! Zeichne Text.
2025-04-14 12:57:52 - WARNING - __main__ - Slot 1 (Sack Erde): KEIN Icon gefunden in item_icons! Zeichne Text.
2025-04-14 12:57:52 - WARNING - __main__ - Slot 2 (Weed Seeds): KEIN Icon gefunden in item_icons! Zeichne Text.
2025-04-14 12:57:52 - WARNING - __main__ - Slot 0 (Blumentopf): KEIN Icon gefunden in item_icons! Zeichne Text.
2025-04-14 12:57:52 - WARNING - __main__ - Slot 1 (Sack Erde): KEIN Icon gefunden in item_icons! Zeichne Text.
2025-04-14 12:57:52 - WARNING - __main__ - Slot 2 (Weed Seeds): KEIN Icon gefunden in item_icons! Zeichne Text.
2025-04-14 12:57:52 - WARNING - __main__ - Slot 0 (Blumentopf): KEIN Icon gefunden in item_icons! Zeichne Text.
2025-04-14 12:57:52 - WARNING - __main__ - Slot 1 (Sack Erde): KEIN Icon gefunden in item_icons! Zeichne Text.
2025-04-14 12:57:52 - WARNING - __main__ - Slot 2 (Weed Seeds): KEIN Icon gefunden in item_icons! Zeichne Text.
2025-04-14 12:57:52 - WARNING - __main__ - Slot 0 (Blumentopf): KEIN Icon gefunden in item_icons! Zeichne Text.
2025-04-14 12:57:52 - WARNING - __main__ - Slot 1 (Sack Erde): KEIN Icon gefunden in item_icons! Zeichne Text.
2025-04-14 12:57:52 - WARNING - __main__ - Slot 2 (Weed Seeds): KEIN Icon gefunden in item_icons! Zeichne Text.
2025-04-14 12:57:52 - WARNING - __main__ - Slot 0 (Blumentopf): KEIN Icon gefunden in item_icons! Zeichne Text.
2025-04-14 12:57:52 - WARNING - __main__ - Slot 1 (Sack Erde): KEIN Icon gefunden in item_icons! Zeichne Text.
2025-04-14 12:57:52 - WARNING - __main__ - Slot 2 (Weed Seeds): KEIN Icon gefunden in item_icons! Zeichne Text.
2025-04-14 12:57:52 - WARNING - __main__ - Slot 0 (Blumentopf): KEIN Icon gefunden in item_icons! Zeichne Text.
2025-04-14 12:57:52 - WARNING - __main__ - Slot 1 (Sack Erde): KEIN Icon gefunden in item_icons! Zeichne Text.
2025-04-14 12:57:52 - WARNING - __main__ - Slot 2 (Weed Seeds): KEIN Icon gefunden in item_icons! Zeichne Text.
2025-04-14 12:57:52 - WARNING - __main__ - Slot 0 (Blumentopf): KEIN Icon gefunden in item_icons! Zeichne Text.
2025-04-14 12:57:52 - WARNING - __main__ - Slot 1 (Sack Erde): KEIN Icon gefunden in item_icons! Zeichne Text.
2025-04-14 12:57:52 - WARNING - __main__ - Slot 2 (Weed Seeds): KEIN Icon gefunden in item_icons! Zeichne Text.
2025-04-14 12:57:52 - WARNING - __main__ - Slot 0 (Blumentopf): KEIN Icon gefunden in item_icons! Zeichne Text.
2025-04-14 12:57:52 - WARNING - __main__ - Slot 1 (Sack Erde): KEIN Icon gefunden in item_icons! Zeichne Text.
2025-04-14 12:57:52 - WARNING - __main__ - Slot 2 (Weed Seeds): KEIN Icon gefunden in item_icons! Zeichne Text.
2025-04-14 12:57:52 - WARNING - __main__ - Slot 0 (Blumentopf): KEIN Icon gefunden in item_icons! Zeichne Text.
2025-04-14 12:57:52 - WARNING - __main__ - Slot 1 (Sack Erde): KEIN Icon gefunden in item_icons! Zeichne Text.
2025-04-14 12:57:52 - WARNING - __main__ - Slot 2 (Weed Seeds): KEIN Icon gefunden in item_icons! Zeichne Text.
2025-04-14 12:57:52 - WARNING - __main__ - Slot 0 (Blumentopf): KEIN Icon gefunden in item_icons! Zeichne Text.
2025-04-14 12:57:52 - WARNING - __main__ - Slot 1 (Sack Erde): KEIN Icon gefunden in item_icons! Zeichne Text.
2025-04-14 12:57:52 - WARNING - __main__ - Slot 2 (Weed Seeds): KEIN Icon gefunden in item_icons! Zeichne Text.
2025-04-14 12:57:52 - WARNING - __main__ - Slot 0 (Blumentopf): KEIN Icon gefunden in item_icons! Zeichne Text.
2025-04-14 12:57:52 - WARNING - __main__ - Slot 1 (Sack Erde): KEIN Icon gefunden in item_icons! Zeichne Text.
2025-04-14 12:57:52 - WARNING - __main__ - Slot 2 (Weed Seeds): KEIN Icon gefunden in item_icons! Zeichne Text.
2025-04-14 12:57:52 - WARNING - __main__ - Slot 0 (Blumentopf): KEIN Icon gefunden in item_icons! Zeichne Text.
2025-04-14 12:57:52 - WARNING - __main__ - Slot 1 (Sack Erde): KEIN Icon gefunden in item_icons! Zeichne Text.
2025-04-14 12:57:52 - WARNING - __main__ - Slot 2 (Weed Seeds): KEIN Icon gefunden in item_icons! Zeichne Text.
2025-04-14 12:57:52 - WARNING - __main__ - Slot 0 (Blumentopf): KEIN Icon gefunden in item_icons! Zeichne Text.
2025-04-14 12:57:52 - WARNING - __main__ - Slot 1 (Sack Erde): KEIN Icon gefunden in item_icons! Zeichne Text.
2025-04-14 12:57:52 - WARNING - __main__ - Slot 2 (Weed Seeds): KEIN Icon gefunden in item_icons! Zeichne Text.
2025-04-14 12:57:52 - WARNING - __main__ - Slot 0 (Blumentopf): KEIN Icon gefunden in item_icons! Zeichne Text.
2025-04-14 12:57:52 - WARNING - __main__ - Slot 1 (Sack Erde): KEIN Icon gefunden in item_icons! Zeichne Text.
2025-04-14 12:57:52 - WARNING - __main__ - Slot 2 (Weed Seeds): KEIN Icon gefunden in item_icons! Zeichne Text.
2025-04-14 12:57:52 - WARNING - __main__ - Slot 0 (Blumentopf): KEIN Icon gefunden in item_icons! Zeichne Text.
2025-04-14 12:57:52 - WARNING - __main__ - Slot 1 (Sack Erde): KEIN Icon gefunden in item_icons! Zeichne Text.
2025-04-14 12:57:52 - WARNING - __main__ - Slot 2 (Weed Seeds): KEIN Icon gefunden in item_icons! Zeichne Text.
2025-04-14 12:57:52 - WARNING - __main__ - Slot 0 (Blumentopf): KEIN Icon gefunden in item_icons! Zeichne Text.
2025-04-14 12:57:52 - WARNING - __main__ - Slot 1 (Sack Erde): KEIN Icon gefunden in item_icons! Zeichne Text.
2025-04-14 12:57:52 - WARNING - __main__ - Slot 2 (Weed Seeds): KEIN Icon gefunden in item_icons! Zeichne Text.
2025-04-14 12:57:52 - WARNING - __main__ - Slot 0 (Blumentopf): KEIN Icon gefunden in item_icons! Zeichne Text.
2025-04-14 12:57:52 - WARNING - __main__ - Slot 1 (Sack Erde): KEIN Icon gefunden in item_icons! Zeichne Text.
2025-04-14 12:57:52 - WARNING - __main__ - Slot 2 (Weed Seeds): KEIN Icon gefunden in item_icons! Zeichne Text.
2025-04-14 12:57:52 - WARNING - __main__ - Slot 0 (Blumentopf): KEIN Icon gefunden in item_icons! Zeichne Text.
2025-04-14 12:57:52 - WARNING - __main__ - Slot 1 (Sack Erde): KEIN Icon gefunden in item_icons! Zeichne Text.
2025-04-14 12:57:52 - WARNING - __main__ - Slot 2 (Weed Seeds): KEIN Icon gefunden in item_icons! Zeichne Text.
2025-04-14 12:57:52 - WARNING - __main__ - Slot 0 (Blumentopf): KEIN Icon gefunden in item_icons! Zeichne Text.
2025-04-14 12:57:52 - WARNING - __main__ - Slot 1 (Sack Erde): KEIN Icon gefunden in item_icons! Zeichne Text.
2025-04-14 12:57:52 - WARNING - __main__ - Slot 2 (Weed Seeds): KEIN Icon gefunden in item_icons! Zeichne Text.
2025-04-14 12:57:52 - WARNING - __main__ - Slot 0 (Blumentopf): KEIN Icon gefunden in item_icons! Zeichne Text.
2025-04-14 12:57:52 - WARNING - __main__ - Slot 1 (Sack Erde): KEIN Icon gefunden in item_icons! Zeichne Text.
2025-04-14 12:57:52 - WARNING - __main__ - Slot 2 (Weed Seeds): KEIN Icon gefunden in item_icons! Zeichne Text.
2025-04-14 12:57:52 - WARNING - __main__ - Slot 0 (Blumentopf): KEIN Icon gefunden in item_icons! Zeichne Text.
2025-04-14 12:57:52 - WARNING - __main__ - Slot 1 (Sack Erde): KEIN Icon gefunden in item_icons! Zeichne Text.
2025-04-14 12:57:52 - WARNING - __main__ - Slot 2 (Weed Seeds): KEIN Icon gefunden in item_icons! Zeichne Text.
2025-04-14 12:57:52 - WARNING - __main__ - Slot 0 (Blumentopf): KEIN Icon gefunden in item_icons! Zeichne Text.
2025-04-14 12:57:52 - WARNING - __main__ - Slot 1 (Sack Erde): KEIN Icon gefunden in item_icons! Zeichne Text.
2025-04-14 12:57:52 - WARNING - __main__ - Slot 2 (Weed Seeds): KEIN Icon gefunden in item_icons! Zeichne Text.
2025-04-14 12:57:52 - WARNING - __main__ - Slot 0 (Blumentopf): KEIN Icon gefunden in item_icons! Zeichne Text.
2025-04-14 12:57:52 - WARNING - __main__ - Slot 1 (Sack Erde): KEIN Icon gefunden in item_icons! Zeichne Text.
2025-04-14 12:57:52 - WARNING - __main__ - Slot 2 (Weed Seeds): KEIN Icon gefunden in item_icons! Zeichne Text.
2025-04-14 12:57:52 - WARNING - __main__ - Slot 0 (Blumentopf): KEIN Icon gefunden in item_icons! Zeichne Text.
2025-04-14 12:57:52 - WARNING - __main__ - Slot 1 (Sack Erde): KEIN Icon gefunden in item_icons! Zeichne Text.
2025-04-14 12:57:52 - WARNING - __main__ - Slot 2 (Weed Seeds): KEIN Icon gefunden in item_icons! Zeichne Text.
2025-04-14 12:57:52 - WARNING - __main__ - Slot 0 (Blumentopf): KEIN Icon gefunden in item_icons! Zeichne Text.
2025-04-14 12:57:52 - WARNING - __main__ - Slot 1 (Sack Erde): KEIN Icon gefunden in item_icons! Zeichne Text.
2025-04-14 12:57:52 - WARNING - __main__ - Slot 2 (Weed Seeds): KEIN Icon gefunden in item_icons! Zeichne Text.
2025-04-14 12:57:52 - WARNING - __main__ - Slot 0 (Blumentopf): KEIN Icon gefunden in item_icons! Zeichne Text.
2025-04-14 12:57:52 - WARNING - __main__ - Slot 1 (Sack Erde): KEIN Icon gefunden in item_icons! Zeichne Text.
2025-04-14 12:57:52 - WARNING - __main__ - Slot 2 (Weed Seeds): KEIN Icon gefunden in item_icons! Zeichne Text.
2025-04-14 12:57:52 - WARNING - __main__ - Slot 0 (Blumentopf): KEIN Icon gefunden in item_icons! Zeichne Text.
2025-04-14 12:57:52 - WARNING - __main__ - Slot 1 (Sack Erde): KEIN Icon gefunden in item_icons! Zeichne Text.
2025-04-14 12:57:52 - WARNING - __main__ - Slot 2 (Weed Seeds): KEIN Icon gefunden in item_icons! Zeichne Text.
2025-04-14 12:57:52 - WARNING - __main__ - Slot 0 (Blumentopf): KEIN Icon gefunden in item_icons! Zeichne Text.
2025-04-14 12:57:52 - WARNING - __main__ - Slot 1 (Sack Erde): KEIN Icon gefunden in item_icons! Zeichne Text.
2025-04-14 12:57:52 - WARNING - __main__ - Slot 2 (Weed Seeds): KEIN Icon gefunden in item_icons! Zeichne Text.
2025-04-14 12:57:52 - WARNING - __main__ - Slot 0 (Blumentopf): KEIN Icon gefunden in item_icons! Zeichne Text.
2025-04-14 12:57:52 - WARNING - __main__ - Slot 1 (Sack Erde): KEIN Icon gefunden in item_icons! Zeichne Text.
2025-04-14 12:57:52 - WARNING - __main__ - Slot 2 (Weed Seeds): KEIN Icon gefunden in item_icons! Zeichne Text.
2025-04-14 12:57:52 - WARNING - __main__ - Slot 0 (Blumentopf): KEIN Icon gefunden in item_icons! Zeichne Text.
2025-04-14 12:57:52 - WARNING - __main__ - Slot 1 (Sack Erde): KEIN Icon gefunden in item_icons! Zeichne Text.
2025-04-14 12:57:52 - WARNING - __main__ - Slot 2 (Weed Seeds): KEIN Icon gefunden in item_icons! Zeichne Text.
2025-04-14 12:57:52 - WARNING - __main__ - Slot 0 (Blumentopf): KEIN Icon gefunden in item_icons! Zeichne Text.
2025-04-14 12:57:52 - WARNING - __main__ - Slot 1 (Sack Erde): KEIN Icon gefunden in item_icons! Zeichne Text.
2025-04-14 12:57:52 - WARNING - __main__ - Slot 2 (Weed Seeds): KEIN Icon gefunden in item_icons! Zeichne Text.
2025-04-14 12:57:52 - WARNING - __main__ - Slot 0 (Blumentopf): KEIN Icon gefunden in item_icons! Zeichne Text.
2025-04-14 12:57:52 - WARNING - __main__ - Slot 1 (Sack Erde): KEIN Icon gefunden in item_icons! Zeichne Text.
2025-04-14 12:57:52 - WARNING - __main__ - Slot 2 (Weed Seeds): KEIN Icon gefunden in item_icons! Zeichne Text.
2025-04-14 12:57:52 - WARNING - __main__ - Slot 0 (Blumentopf): KEIN Icon gefunden in item_icons! Zeichne Text.
2025-04-14 12:57:52 - WARNING - __main__ - Slot 1 (Sack Erde): KEIN Icon gefunden in item_icons! Zeichne Text.
2025-04-14 12:57:52 - WARNING - __main__ - Slot 2 (Weed Seeds): KEIN Icon gefunden in item_icons! Zeichne Text.
2025-04-14 12:57:52 - WARNING - __main__ - Slot 0 (Blumentopf): KEIN Icon gefunden in item_icons! Zeichne Text.
2025-04-14 12:57:52 - WARNING - __main__ - Slot 1 (Sack Erde): KEIN Icon gefunden in item_icons! Zeichne Text.
2025-04-14 12:57:52 - WARNING - __main__ - Slot 2 (Weed Seeds): KEIN Icon gefunden in item_icons! Zeichne Text.
2025-04-14 12:57:52 - WARNING - __main__ - Slot 0 (Blumentopf): KEIN Icon gefunden in item_icons! Zeichne Text.
2025-04-14 12:57:52 - WARNING - __main__ - Slot 1 (Sack Erde): KEIN Icon gefunden in item_icons! Zeichne Text.
2025-04-14 12:57:52 - WARNING - __main__ - Slot 2 (Weed Seeds): KEIN Icon gefunden in item_icons! Zeichne Text.
2025-04-14 12:57:52 - WARNING - __main__ - Slot 0 (Blumentopf): KEIN Icon gefunden in item_icons! Zeichne Text.
2025-04-14 12:57:52 - WARNING - __main__ - Slot 1 (Sack Erde): KEIN Icon gefunden in item_icons! Zeichne Text.
2025-04-14 12:57:52 - WARNING - __main__ - Slot 2 (Weed Seeds): KEIN Icon gefunden in item_icons! Zeichne Text.
2025-04-14 12:57:52 - WARNING - __main__ - Slot 0 (Blumentopf): KEIN Icon gefunden in item_icons! Zeichne Text.
2025-04-14 12:57:52 - WARNING - __main__ - Slot 1 (Sack Erde): KEIN Icon gefunden in item_icons! Zeichne Text.
2025-04-14 12:57:52 - WARNING - __main__ - Slot 2 (Weed Seeds): KEIN Icon gefunden in item_icons! Zeichne Text.
2025-04-14 12:57:52 - WARNING - __main__ - Slot 0 (Blumentopf): KEIN Icon gefunden in item_icons! Zeichne Text.
2025-04-14 12:57:52 - WARNING - __main__ - Slot 1 (Sack Erde): KEIN Icon gefunden in item_icons! Zeichne Text.
2025-04-14 12:57:52 - WARNING - __main__ - Slot 2 (Weed Seeds): KEIN Icon gefunden in item_icons! Zeichne Text.
2025-04-14 12:57:52 - WARNING - __main__ - Slot 0 (Blumentopf): KEIN Icon gefunden in item_icons! Zeichne Text.
2025-04-14 12:57:52 - WARNING - __main__ - Slot 1 (Sack Erde): KEIN Icon gefunden in item_icons! Zeichne Text.
2025-04-14 12:57:52 - WARNING - __main__ - Slot 2 (Weed Seeds): KEIN Icon gefunden in item_icons! Zeichne Text.
2025-04-14 12:57:52 - WARNING - __main__ - Slot 0 (Blumentopf): KEIN Icon gefunden in item_icons! Zeichne Text.
2025-04-14 12:57:52 - WARNING - __main__ - Slot 1 (Sack Erde): KEIN Icon gefunden in item_icons! Zeichne Text.
2025-04-14 12:57:52 - WARNING - __main__ - Slot 2 (Weed Seeds): KEIN Icon gefunden in item_icons! Zeichne Text.
2025-04-14 12:57:53 - WARNING - __main__ - Slot 0 (Blumentopf): KEIN Icon gefunden in item_icons! Zeichne Text.
2025-04-14 12:57:53 - WARNING - __main__ - Slot 1 (Sack Erde): KEIN Icon gefunden in item_icons! Zeichne Text.
2025-04-14 12:57:53 - WARNING - __main__ - Slot 2 (Weed Seeds): KEIN Icon gefunden in item_icons! Zeichne Text.
2025-04-14 12:57:53 - WARNING - __main__ - Slot 0 (Blumentopf): KEIN Icon gefunden in item_icons! Zeichne Text.
2025-04-14 12:57:53 - WARNING - __main__ - Slot 1 (Sack Erde): KEIN Icon gefunden in item_icons! Zeichne Text.
2025-04-14 12:57:53 - WARNING - __main__ - Slot 2 (Weed Seeds): KEIN Icon gefunden in item_icons! Zeichne Text.
2025-04-14 12:57:53 - WARNING - __main__ - Slot 0 (Blumentopf): KEIN Icon gefunden in item_icons! Zeichne Text.
2025-04-14 12:57:53 - WARNING - __main__ - Slot 1 (Sack Erde): KEIN Icon gefunden in item_icons! Zeichne Text.
2025-04-14 12:57:53 - WARNING - __main__ - Slot 2 (Weed Seeds): KEIN Icon gefunden in item_icons! Zeichne Text.
2025-04-14 12:57:53 - WARNING - __main__ - Slot 0 (Blumentopf): KEIN Icon gefunden in item_icons! Zeichne Text.
2025-04-14 12:57:53 - WARNING - __main__ - Slot 1 (Sack Erde): KEIN Icon gefunden in item_icons! Zeichne Text.
2025-04-14 12:57:53 - WARNING - __main__ - Slot 2 (Weed Seeds): KEIN Icon gefunden in item_icons! Zeichne Text.
2025-04-14 12:57:53 - WARNING - __main__ - Slot 0 (Blumentopf): KEIN Icon gefunden in item_icons! Zeichne Text.
2025-04-14 12:57:53 - WARNING - __main__ - Slot 1 (Sack Erde): KEIN Icon gefunden in item_icons! Zeichne Text.
2025-04-14 12:57:53 - WARNING - __main__ - Slot 2 (Weed Seeds): KEIN Icon gefunden in item_icons! Zeichne Text.
2025-04-14 12:57:53 - WARNING - __main__ - Slot 0 (Blumentopf): KEIN Icon gefunden in item_icons! Zeichne Text.
2025-04-14 12:57:53 - WARNING - __main__ - Slot 1 (Sack Erde): KEIN Icon gefunden in item_icons! Zeichne Text.
2025-04-14 12:57:53 - WARNING - __main__ - Slot 2 (Weed Seeds): KEIN Icon gefunden in item_icons! Zeichne Text.
2025-04-14 12:57:53 - WARNING - __main__ - Slot 0 (Blumentopf): KEIN Icon gefunden in item_icons! Zeichne Text.
2025-04-14 12:57:53 - WARNING - __main__ - Slot 1 (Sack Erde): KEIN Icon gefunden in item_icons! Zeichne Text.
2025-04-14 12:57:53 - WARNING - __main__ - Slot 2 (Weed Seeds): KEIN Icon gefunden in item_icons! Zeichne Text.
2025-04-14 12:57:53 - WARNING - __main__ - Slot 0 (Blumentopf): KEIN Icon gefunden in item_icons! Zeichne Text.
2025-04-14 12:57:53 - WARNING - __main__ - Slot 1 (Sack Erde): KEIN Icon gefunden in item_icons! Zeichne Text.
2025-04-14 12:57:53 - WARNING - __main__ - Slot 2 (Weed Seeds): KEIN Icon gefunden in item_icons! Zeichne Text.
2025-04-14 12:57:53 - WARNING - __main__ - Slot 0 (Blumentopf): KEIN Icon gefunden in item_icons! Zeichne Text.
2025-04-14 12:57:53 - WARNING - __main__ - Slot 1 (Sack Erde): KEIN Icon gefunden in item_icons! Zeichne Text.
2025-04-14 12:57:53 - WARNING - __main__ - Slot 2 (Weed Seeds): KEIN Icon gefunden in item_icons! Zeichne Text.
2025-04-14 12:57:53 - WARNING - __main__ - Slot 0 (Blumentopf): KEIN Icon gefunden in item_icons! Zeichne Text.
2025-04-14 12:57:53 - WARNING - __main__ - Slot 1 (Sack Erde): KEIN Icon gefunden in item_icons! Zeichne Text.
2025-04-14 12:57:53 - WARNING - __main__ - Slot 2 (Weed Seeds): KEIN Icon gefunden in item_icons! Zeichne Text.
2025-04-14 12:57:53 - WARNING - __main__ - Slot 0 (Blumentopf): KEIN Icon gefunden in item_icons! Zeichne Text.
2025-04-14 12:57:53 - WARNING - __main__ - Slot 1 (Sack Erde): KEIN Icon gefunden in item_icons! Zeichne Text.
2025-04-14 12:57:53 - WARNING - __main__ - Slot 2 (Weed Seeds): KEIN Icon gefunden in item_icons! Zeichne Text.
2025-04-14 12:57:53 - WARNING - __main__ - Slot 0 (Blumentopf): KEIN Icon gefunden in item_icons! Zeichne Text.
2025-04-14 12:57:53 - WARNING - __main__ - Slot 1 (Sack Erde): KEIN Icon gefunden in item_icons! Zeichne Text.
2025-04-14 12:57:53 - WARNING - __main__ - Slot 2 (Weed Seeds): KEIN Icon gefunden in item_icons! Zeichne Text.
2025-04-14 12:57:53 - WARNING - __main__ - Slot 0 (Blumentopf): KEIN Icon gefunden in item_icons! Zeichne Text.
2025-04-14 12:57:53 - WARNING - __main__ - Slot 1 (Sack Erde): KEIN Icon gefunden in item_icons! Zeichne Text.
2025-04-14 12:57:53 - WARNING - __main__ - Slot 2 (Weed Seeds): KEIN Icon gefunden in item_icons! Zeichne Text.
2025-04-14 12:57:53 - WARNING - __main__ - Slot 0 (Blumentopf): KEIN Icon gefunden in item_icons! Zeichne Text.
2025-04-14 12:57:53 - WARNING - __main__ - Slot 1 (Sack Erde): KEIN Icon gefunden in item_icons! Zeichne Text.
2025-04-14 12:57:53 - WARNING - __main__ - Slot 2 (Weed Seeds): KEIN Icon gefunden in item_icons! Zeichne Text.
2025-04-14 12:57:53 - WARNING - __main__ - Slot 0 (Blumentopf): KEIN Icon gefunden in item_icons! Zeichne Text.
2025-04-14 12:57:53 - WARNING - __main__ - Slot 1 (Sack Erde): KEIN Icon gefunden in item_icons! Zeichne Text.
2025-04-14 12:57:53 - WARNING - __main__ - Slot 2 (Weed Seeds): KEIN Icon gefunden in item_icons! Zeichne Text.
2025-04-14 12:57:53 - WARNING - __main__ - Slot 0 (Blumentopf): KEIN Icon gefunden in item_icons! Zeichne Text.
2025-04-14 12:57:53 - WARNING - __main__ - Slot 1 (Sack Erde): KEIN Icon gefunden in item_icons! Zeichne Text.
2025-04-14 12:57:53 - WARNING - __main__ - Slot 2 (Weed Seeds): KEIN Icon gefunden in item_icons! Zeichne Text.
2025-04-14 12:57:53 - WARNING - __main__ - Slot 0 (Blumentopf): KEIN Icon gefunden in item_icons! Zeichne Text.
2025-04-14 12:57:53 - WARNING - __main__ - Slot 1 (Sack Erde): KEIN Icon gefunden in item_icons! Zeichne Text.
2025-04-14 12:57:53 - WARNING - __main__ - Slot 2 (Weed Seeds): KEIN Icon gefunden in item_icons! Zeichne Text.
2025-04-14 12:57:53 - WARNING - __main__ - Slot 0 (Blumentopf): KEIN Icon gefunden in item_icons! Zeichne Text.
2025-04-14 12:57:53 - WARNING - __main__ - Slot 1 (Sack Erde): KEIN Icon gefunden in item_icons! Zeichne Text.
2025-04-14 12:57:53 - WARNING - __main__ - Slot 2 (Weed Seeds): KEIN Icon gefunden in item_icons! Zeichne Text.
2025-04-14 12:57:53 - WARNING - __main__ - Slot 0 (Blumentopf): KEIN Icon gefunden in item_icons! Zeichne Text.
2025-04-14 12:57:53 - WARNING - __main__ - Slot 1 (Sack Erde): KEIN Icon gefunden in item_icons! Zeichne Text.
2025-04-14 12:57:53 - WARNING - __main__ - Slot 2 (Weed Seeds): KEIN Icon gefunden in item_icons! Zeichne Text.
2025-04-14 12:57:53 - WARNING - __main__ - Slot 0 (Blumentopf): KEIN Icon gefunden in item_icons! Zeichne Text.
2025-04-14 12:57:53 - WARNING - __main__ - Slot 1 (Sack Erde): KEIN Icon gefunden in item_icons! Zeichne Text.
2025-04-14 12:57:53 - WARNING - __main__ - Slot 2 (Weed Seeds): KEIN Icon gefunden in item_icons! Zeichne Text.
2025-04-14 12:57:53 - WARNING - __main__ - Slot 0 (Blumentopf): KEIN Icon gefunden in item_icons! Zeichne Text.
2025-04-14 12:57:53 - WARNING - __main__ - Slot 1 (Sack Erde): KEIN Icon gefunden in item_icons! Zeichne Text.
2025-04-14 12:57:53 - WARNING - __main__ - Slot 2 (Weed Seeds): KEIN Icon gefunden in item_icons! Zeichne Text.
2025-04-14 12:57:53 - WARNING - __main__ - Slot 0 (Blumentopf): KEIN Icon gefunden in item_icons! Zeichne Text.
2025-04-14 12:57:53 - WARNING - __main__ - Slot 1 (Sack Erde): KEIN Icon gefunden in item_icons! Zeichne Text.
2025-04-14 12:57:53 - WARNING - __main__ - Slot 2 (Weed Seeds): KEIN Icon gefunden in item_icons! Zeichne Text.
2025-04-14 12:57:53 - WARNING - __main__ - Slot 0 (Blumentopf): KEIN Icon gefunden in item_icons! Zeichne Text.
2025-04-14 12:57:53 - WARNING - __main__ - Slot 1 (Sack Erde): KEIN Icon gefunden in item_icons! Zeichne Text.
2025-04-14 12:57:53 - WARNING - __main__ - Slot 2 (Weed Seeds): KEIN Icon gefunden in item_icons! Zeichne Text.
2025-04-14 12:57:53 - WARNING - __main__ - Slot 0 (Blumentopf): KEIN Icon gefunden in item_icons! Zeichne Text.
2025-04-14 12:57:53 - WARNING - __main__ - Slot 1 (Sack Erde): KEIN Icon gefunden in item_icons! Zeichne Text.
2025-04-14 12:57:53 - WARNING - __main__ - Slot 2 (Weed Seeds): KEIN Icon gefunden in item_icons! Zeichne Text.
2025-04-14 12:57:53 - WARNING - __main__ - Slot 0 (Blumentopf): KEIN Icon gefunden in item_icons! Zeichne Text.
2025-04-14 12:57:53 - WARNING - __main__ - Slot 1 (Sack Erde): KEIN Icon gefunden in item_icons! Zeichne Text.
2025-04-14 12:57:53 - WARNING - __main__ - Slot 2 (Weed Seeds): KEIN Icon gefunden in item_icons! Zeichne Text.
2025-04-14 12:57:53 - WARNING - __main__ - Slot 0 (Blumentopf): KEIN Icon gefunden in item_icons! Zeichne Text.
2025-04-14 12:57:53 - WARNING - __main__ - Slot 1 (Sack Erde): KEIN Icon gefunden in item_icons! Zeichne Text.
2025-04-14 12:57:53 - WARNING - __main__ - Slot 2 (Weed Seeds): KEIN Icon gefunden in item_icons! Zeichne Text.
2025-04-14 12:57:53 - WARNING - __main__ - Slot 0 (Blumentopf): KEIN Icon gefunden in item_icons! Zeichne Text.
2025-04-14 12:57:53 - WARNING - __main__ - Slot 1 (Sack Erde): KEIN Icon gefunden in item_icons! Zeichne Text.
2025-04-14 12:57:53 - WARNING - __main__ - Slot 2 (Weed Seeds): KEIN Icon gefunden in item_icons! Zeichne Text.
2025-04-14 12:57:53 - WARNING - __main__ - Slot 0 (Blumentopf): KEIN Icon gefunden in item_icons! Zeichne Text.
2025-04-14 12:57:53 - WARNING - __main__ - Slot 1 (Sack Erde): KEIN Icon gefunden in item_icons! Zeichne Text.
2025-04-14 12:57:53 - WARNING - __main__ - Slot 2 (Weed Seeds): KEIN Icon gefunden in item_icons! Zeichne Text.
2025-04-14 12:57:53 - WARNING - __main__ - Slot 0 (Blumentopf): KEIN Icon gefunden in item_icons! Zeichne Text.
2025-04-14 12:57:53 - WARNING - __main__ - Slot 1 (Sack Erde): KEIN Icon gefunden in item_icons! Zeichne Text.
2025-04-14 12:57:53 - WARNING - __main__ - Slot 2 (Weed Seeds): KEIN Icon gefunden in item_icons! Zeichne Text.
2025-04-14 12:57:53 - WARNING - __main__ - Slot 0 (Blumentopf): KEIN Icon gefunden in item_icons! Zeichne Text.
2025-04-14 12:57:53 - WARNING - __main__ - Slot 1 (Sack Erde): KEIN Icon gefunden in item_icons! Zeichne Text.
2025-04-14 12:57:53 - WARNING - __main__ - Slot 2 (Weed Seeds): KEIN Icon gefunden in item_icons! Zeichne Text.
2025-04-14 12:57:53 - WARNING - __main__ - Slot 0 (Blumentopf): KEIN Icon gefunden in item_icons! Zeichne Text.
2025-04-14 12:57:53 - WARNING - __main__ - Slot 1 (Sack Erde): KEIN Icon gefunden in item_icons! Zeichne Text.
2025-04-14 12:57:53 - WARNING - __main__ - Slot 2 (Weed Seeds): KEIN Icon gefunden in item_icons! Zeichne Text.
2025-04-14 12:57:53 - WARNING - __main__ - Slot 0 (Blumentopf): KEIN Icon gefunden in item_icons! Zeichne Text.
2025-04-14 12:57:53 - WARNING - __main__ - Slot 1 (Sack Erde): KEIN Icon gefunden in item_icons! Zeichne Text.
2025-04-14 12:57:53 - WARNING - __main__ - Slot 2 (Weed Seeds): KEIN Icon gefunden in item_icons! Zeichne Text.
2025-04-14 12:57:53 - WARNING - __main__ - Slot 0 (Blumentopf): KEIN Icon gefunden in item_icons! Zeichne Text.
2025-04-14 12:57:53 - WARNING - __main__ - Slot 1 (Sack Erde): KEIN Icon gefunden in item_icons! Zeichne Text.
2025-04-14 12:57:53 - WARNING - __main__ - Slot 2 (Weed Seeds): KEIN Icon gefunden in item_icons! Zeichne Text.
2025-04-14 12:57:53 - WARNING - __main__ - Slot 0 (Blumentopf): KEIN Icon gefunden in item_icons! Zeichne Text.
2025-04-14 12:57:53 - WARNING - __main__ - Slot 1 (Sack Erde): KEIN Icon gefunden in item_icons! Zeichne Text.
2025-04-14 12:57:53 - WARNING - __main__ - Slot 2 (Weed Seeds): KEIN Icon gefunden in item_icons! Zeichne Text.
2025-04-14 12:57:53 - WARNING - __main__ - Slot 0 (Blumentopf): KEIN Icon gefunden in item_icons! Zeichne Text.
2025-04-14 12:57:53 - WARNING - __main__ - Slot 1 (Sack Erde): KEIN Icon gefunden in item_icons! Zeichne Text.
2025-04-14 12:57:53 - WARNING - __main__ - Slot 2 (Weed Seeds): KEIN Icon gefunden in item_icons! Zeichne Text.
2025-04-14 12:57:53 - WARNING - __main__ - Slot 0 (Blumentopf): KEIN Icon gefunden in item_icons! Zeichne Text.
2025-04-14 12:57:53 - WARNING - __main__ - Slot 1 (Sack Erde): KEIN Icon gefunden in item_icons! Zeichne Text.
2025-04-14 12:57:53 - WARNING - __main__ - Slot 2 (Weed Seeds): KEIN Icon gefunden in item_icons! Zeichne Text.
2025-04-14 12:57:53 - WARNING - __main__ - Slot 0 (Blumentopf): KEIN Icon gefunden in item_icons! Zeichne Text.
2025-04-14 12:57:53 - WARNING - __main__ - Slot 1 (Sack Erde): KEIN Icon gefunden in item_icons! Zeichne Text.
2025-04-14 12:57:53 - WARNING - __main__ - Slot 2 (Weed Seeds): KEIN Icon gefunden in item_icons! Zeichne Text.
2025-04-14 12:57:53 - WARNING - __main__ - Slot 0 (Blumentopf): KEIN Icon gefunden in item_icons! Zeichne Text.
2025-04-14 12:57:53 - WARNING - __main__ - Slot 1 (Sack Erde): KEIN Icon gefunden in item_icons! Zeichne Text.
2025-04-14 12:57:53 - WARNING - __main__ - Slot 2 (Weed Seeds): KEIN Icon gefunden in item_icons! Zeichne Text.
2025-04-14 12:57:53 - WARNING - __main__ - Slot 0 (Blumentopf): KEIN Icon gefunden in item_icons! Zeichne Text.
2025-04-14 12:57:53 - WARNING - __main__ - Slot 1 (Sack Erde): KEIN Icon gefunden in item_icons! Zeichne Text.
2025-04-14 12:57:53 - WARNING - __main__ - Slot 2 (Weed Seeds): KEIN Icon gefunden in item_icons! Zeichne Text.
2025-04-14 12:57:53 - WARNING - __main__ - Slot 0 (Blumentopf): KEIN Icon gefunden in item_icons! Zeichne Text.
2025-04-14 12:57:53 - WARNING - __main__ - Slot 1 (Sack Erde): KEIN Icon gefunden in item_icons! Zeichne Text.
2025-04-14 12:57:53 - WARNING - __main__ - Slot 2 (Weed Seeds): KEIN Icon gefunden in item_icons! Zeichne Text.
2025-04-14 12:57:53 - WARNING - __main__ - Slot 0 (Blumentopf): KEIN Icon gefunden in item_icons! Zeichne Text.
2025-04-14 12:57:53 - WARNING - __main__ - Slot 1 (Sack Erde): KEIN Icon gefunden in item_icons! Zeichne Text.
2025-04-14 12:57:53 - WARNING - __main__ - Slot 2 (Weed Seeds): KEIN Icon gefunden in item_icons! Zeichne Text.
2025-04-14 12:57:53 - WARNING - __main__ - Slot 0 (Blumentopf): KEIN Icon gefunden in item_icons! Zeichne Text.
2025-04-14 12:57:53 - WARNING - __main__ - Slot 1 (Sack Erde): KEIN Icon gefunden in item_icons! Zeichne Text.
2025-04-14 12:57:53 - WARNING - __main__ - Slot 2 (Weed Seeds): KEIN Icon gefunden in item_icons! Zeichne Text.
2025-04-14 12:57:53 - WARNING - __main__ - Slot 0 (Blumentopf): KEIN Icon gefunden in item_icons! Zeichne Text.
2025-04-14 12:57:53 - WARNING - __main__ - Slot 1 (Sack Erde): KEIN Icon gefunden in item_icons! Zeichne Text.
2025-04-14 12:57:53 - WARNING - __main__ - Slot 2 (Weed Seeds): KEIN Icon gefunden in item_icons! Zeichne Text.
2025-04-14 12:57:53 - WARNING - __main__ - Slot 0 (Blumentopf): KEIN Icon gefunden in item_icons! Zeichne Text.
2025-04-14 12:57:53 - WARNING - __main__ - Slot 1 (Sack Erde): KEIN Icon gefunden in item_icons! Zeichne Text.
2025-04-14 12:57:53 - WARNING - __main__ - Slot 2 (Weed Seeds): KEIN Icon gefunden in item_icons! Zeichne Text.
2025-04-14 12:57:53 - WARNING - __main__ - Slot 0 (Blumentopf): KEIN Icon gefunden in item_icons! Zeichne Text.
2025-04-14 12:57:53 - WARNING - __main__ - Slot 1 (Sack Erde): KEIN Icon gefunden in item_icons! Zeichne Text.
2025-04-14 12:57:53 - WARNING - __main__ - Slot 2 (Weed Seeds): KEIN Icon gefunden in item_icons! Zeichne Text.
2025-04-14 12:57:53 - WARNING - __main__ - Slot 0 (Blumentopf): KEIN Icon gefunden in item_icons! Zeichne Text.
2025-04-14 12:57:53 - WARNING - __main__ - Slot 1 (Sack Erde): KEIN Icon gefunden in item_icons! Zeichne Text.
2025-04-14 12:57:53 - WARNING - __main__ - Slot 2 (Weed Seeds): KEIN Icon gefunden in item_icons! Zeichne Text.
2025-04-14 12:57:53 - WARNING - __main__ - Slot 0 (Blumentopf): KEIN Icon gefunden in item_icons! Zeichne Text.
2025-04-14 12:57:53 - WARNING - __main__ - Slot 1 (Sack Erde): KEIN Icon gefunden in item_icons! Zeichne Text.
2025-04-14 12:57:53 - WARNING - __main__ - Slot 2 (Weed Seeds): KEIN Icon gefunden in item_icons! Zeichne Text.
2025-04-14 12:57:53 - WARNING - __main__ - Slot 0 (Blumentopf): KEIN Icon gefunden in item_icons! Zeichne Text.
2025-04-14 12:57:53 - WARNING - __main__ - Slot 1 (Sack Erde): KEIN Icon gefunden in item_icons! Zeichne Text.
2025-04-14 12:57:53 - WARNING - __main__ - Slot 2 (Weed Seeds): KEIN Icon gefunden in item_icons! Zeichne Text.
2025-04-14 12:57:53 - WARNING - __main__ - Slot 0 (Blumentopf): KEIN Icon gefunden in item_icons! Zeichne Text.
2025-04-14 12:57:53 - WARNING - __main__ - Slot 1 (Sack Erde): KEIN Icon gefunden in item_icons! Zeichne Text.
2025-04-14 12:57:53 - WARNING - __main__ - Slot 2 (Weed Seeds): KEIN Icon gefunden in item_icons! Zeichne Text.
2025-04-14 12:57:53 - WARNING - __main__ - Slot 0 (Blumentopf): KEIN Icon gefunden in item_icons! Zeichne Text.
2025-04-14 12:57:53 - WARNING - __main__ - Slot 1 (Sack Erde): KEIN Icon gefunden in item_icons! Zeichne Text.
2025-04-14 12:57:53 - WARNING - __main__ - Slot 2 (Weed Seeds): KEIN Icon gefunden in item_icons! Zeichne Text.
2025-04-14 12:57:53 - WARNING - __main__ - Slot 0 (Blumentopf): KEIN Icon gefunden in item_icons! Zeichne Text.
2025-04-14 12:57:53 - WARNING - __main__ - Slot 1 (Sack Erde): KEIN Icon gefunden in item_icons! Zeichne Text.
2025-04-14 12:57:53 - WARNING - __main__ - Slot 2 (Weed Seeds): KEIN Icon gefunden in item_icons! Zeichne Text.
2025-04-14 12:57:53 - WARNING - __main__ - Slot 0 (Blumentopf): KEIN Icon gefunden in item_icons! Zeichne Text.
2025-04-14 12:57:53 - WARNING - __main__ - Slot 1 (Sack Erde): KEIN Icon gefunden in item_icons! Zeichne Text.
2025-04-14 12:57:53 - WARNING - __main__ - Slot 2 (Weed Seeds): KEIN Icon gefunden in item_icons! Zeichne Text.
2025-04-14 12:57:53 - WARNING - __main__ - Slot 0 (Blumentopf): KEIN Icon gefunden in item_icons! Zeichne Text.
2025-04-14 12:57:53 - WARNING - __main__ - Slot 1 (Sack Erde): KEIN Icon gefunden in item_icons! Zeichne Text.
2025-04-14 12:57:53 - WARNING - __main__ - Slot 2 (Weed Seeds): KEIN Icon gefunden in item_icons! Zeichne Text.
2025-04-14 12:57:53 - WARNING - __main__ - Slot 0 (Blumentopf): KEIN Icon gefunden in item_icons! Zeichne Text.
2025-04-14 12:57:53 - WARNING - __main__ - Slot 1 (Sack Erde): KEIN Icon gefunden in item_icons! Zeichne Text.
2025-04-14 12:57:53 - WARNING - __main__ - Slot 2 (Weed Seeds): KEIN Icon gefunden in item_icons! Zeichne Text.
2025-04-14 12:57:53 - WARNING - __main__ - Slot 0 (Blumentopf): KEIN Icon gefunden in item_icons! Zeichne Text.
2025-04-14 12:57:53 - WARNING - __main__ - Slot 1 (Sack Erde): KEIN Icon gefunden in item_icons! Zeichne Text.
2025-04-14 12:57:53 - WARNING - __main__ - Slot 2 (Weed Seeds): KEIN Icon gefunden in item_icons! Zeichne Text.
2025-04-14 12:57:53 - WARNING - __main__ - Slot 0 (Blumentopf): KEIN Icon gefunden in item_icons! Zeichne Text.
2025-04-14 12:57:53 - WARNING - __main__ - Slot 1 (Sack Erde): KEIN Icon gefunden in item_icons! Zeichne Text.
2025-04-14 12:57:53 - WARNING - __main__ - Slot 2 (Weed Seeds): KEIN Icon gefunden in item_icons! Zeichne Text.
2025-04-14 12:57:53 - WARNING - __main__ - Slot 0 (Blumentopf): KEIN Icon gefunden in item_icons! Zeichne Text.
2025-04-14 12:57:53 - WARNING - __main__ - Slot 1 (Sack Erde): KEIN Icon gefunden in item_icons! Zeichne Text.
2025-04-14 12:57:53 - WARNING - __main__ - Slot 2 (Weed Seeds): KEIN Icon gefunden in item_icons! Zeichne Text.
2025-04-14 12:57:53 - WARNING - __main__ - Slot 0 (Blumentopf): KEIN Icon gefunden in item_icons! Zeichne Text.
2025-04-14 12:57:53 - WARNING - __main__ - Slot 1 (Sack Erde): KEIN Icon gefunden in item_icons! Zeichne Text.
2025-04-14 12:57:53 - WARNING - __main__ - Slot 2 (Weed Seeds): KEIN Icon gefunden in item_icons! Zeichne Text.
2025-04-14 12:57:53 - WARNING - __main__ - Slot 0 (Blumentopf): KEIN Icon gefunden in item_icons! Zeichne Text.
2025-04-14 12:57:53 - WARNING - __main__ - Slot 1 (Sack Erde): KEIN Icon gefunden in item_icons! Zeichne Text.
2025-04-14 12:57:53 - WARNING - __main__ - Slot 2 (Weed Seeds): KEIN Icon gefunden in item_icons! Zeichne Text.
2025-04-14 12:57:53 - WARNING - __main__ - Slot 0 (Blumentopf): KEIN Icon gefunden in item_icons! Zeichne Text.
2025-04-14 12:57:53 - WARNING - __main__ - Slot 1 (Sack Erde): KEIN Icon gefunden in item_icons! Zeichne Text.
2025-04-14 12:57:53 - WARNING - __main__ - Slot 2 (Weed Seeds): KEIN Icon gefunden in item_icons! Zeichne Text.
2025-04-14 12:57:53 - WARNING - __main__ - Slot 0 (Blumentopf): KEIN Icon gefunden in item_icons! Zeichne Text.
2025-04-14 12:57:53 - WARNING - __main__ - Slot 1 (Sack Erde): KEIN Icon gefunden in item_icons! Zeichne Text.
2025-04-14 12:57:53 - WARNING - __main__ - Slot 2 (Weed Seeds): KEIN Icon gefunden in item_icons! Zeichne Text.
2025-04-14 12:57:53 - WARNING - __main__ - Slot 0 (Blumentopf): KEIN Icon gefunden in item_icons! Zeichne Text.
2025-04-14 12:57:53 - WARNING - __main__ - Slot 1 (Sack Erde): KEIN Icon gefunden in item_icons! Zeichne Text.
2025-04-14 12:57:53 - WARNING - __main__ - Slot 2 (Weed Seeds): KEIN Icon gefunden in item_icons! Zeichne Text.
2025-04-14 12:57:54 - WARNING - __main__ - Slot 0 (Blumentopf): KEIN Icon gefunden in item_icons! Zeichne Text.
2025-04-14 12:57:54 - WARNING - __main__ - Slot 1 (Sack Erde): KEIN Icon gefunden in item_icons! Zeichne Text.
2025-04-14 12:57:54 - WARNING - __main__ - Slot 2 (Weed Seeds): KEIN Icon gefunden in item_icons! Zeichne Text.
2025-04-14 12:57:54 - WARNING - __main__ - Slot 0 (Blumentopf): KEIN Icon gefunden in item_icons! Zeichne Text.
2025-04-14 12:57:54 - WARNING - __main__ - Slot 1 (Sack Erde): KEIN Icon gefunden in item_icons! Zeichne Text.
2025-04-14 12:57:54 - WARNING - __main__ - Slot 2 (Weed Seeds): KEIN Icon gefunden in item_icons! Zeichne Text.
2025-04-14 12:57:54 - WARNING - __main__ - Slot 0 (Blumentopf): KEIN Icon gefunden in item_icons! Zeichne Text.
2025-04-14 12:57:54 - WARNING - __main__ - Slot 1 (Sack Erde): KEIN Icon gefunden in item_icons! Zeichne Text.
2025-04-14 12:57:54 - WARNING - __main__ - Slot 2 (Weed Seeds): KEIN Icon gefunden in item_icons! Zeichne Text.
2025-04-14 12:57:54 - WARNING - __main__ - Slot 0 (Blumentopf): KEIN Icon gefunden in item_icons! Zeichne Text.
2025-04-14 12:57:54 - WARNING - __main__ - Slot 1 (Sack Erde): KEIN Icon gefunden in item_icons! Zeichne Text.
2025-04-14 12:57:54 - WARNING - __main__ - Slot 2 (Weed Seeds): KEIN Icon gefunden in item_icons! Zeichne Text.
2025-04-14 12:57:54 - WARNING - __main__ - Slot 0 (Blumentopf): KEIN Icon gefunden in item_icons! Zeichne Text.
2025-04-14 12:57:54 - WARNING - __main__ - Slot 1 (Sack Erde): KEIN Icon gefunden in item_icons! Zeichne Text.
2025-04-14 12:57:54 - WARNING - __main__ - Slot 2 (Weed Seeds): KEIN Icon gefunden in item_icons! Zeichne Text.
2025-04-14 12:57:54 - WARNING - __main__ - Slot 0 (Blumentopf): KEIN Icon gefunden in item_icons! Zeichne Text.
2025-04-14 12:57:54 - WARNING - __main__ - Slot 1 (Sack Erde): KEIN Icon gefunden in item_icons! Zeichne Text.
2025-04-14 12:57:54 - WARNING - __main__ - Slot 2 (Weed Seeds): KEIN Icon gefunden in item_icons! Zeichne Text.
2025-04-14 12:57:54 - WARNING - __main__ - Slot 0 (Blumentopf): KEIN Icon gefunden in item_icons! Zeichne Text.
2025-04-14 12:57:54 - WARNING - __main__ - Slot 1 (Sack Erde): KEIN Icon gefunden in item_icons! Zeichne Text.
2025-04-14 12:57:54 - WARNING - __main__ - Slot 2 (Weed Seeds): KEIN Icon gefunden in item_icons! Zeichne Text.
2025-04-14 12:57:54 - WARNING - __main__ - Slot 0 (Blumentopf): KEIN Icon gefunden in item_icons! Zeichne Text.
2025-04-14 12:57:54 - WARNING - __main__ - Slot 1 (Sack Erde): KEIN Icon gefunden in item_icons! Zeichne Text.
2025-04-14 12:57:54 - WARNING - __main__ - Slot 2 (Weed Seeds): KEIN Icon gefunden in item_icons! Zeichne Text.
2025-04-14 12:57:54 - WARNING - __main__ - Slot 0 (Blumentopf): KEIN Icon gefunden in item_icons! Zeichne Text.
2025-04-14 12:57:54 - WARNING - __main__ - Slot 1 (Sack Erde): KEIN Icon gefunden in item_icons! Zeichne Text.
2025-04-14 12:57:54 - WARNING - __main__ - Slot 2 (Weed Seeds): KEIN Icon gefunden in item_icons! Zeichne Text.
2025-04-14 12:57:54 - WARNING - __main__ - Slot 0 (Blumentopf): KEIN Icon gefunden in item_icons! Zeichne Text.
2025-04-14 12:57:54 - WARNING - __main__ - Slot 1 (Sack Erde): KEIN Icon gefunden in item_icons! Zeichne Text.
2025-04-14 12:57:54 - WARNING - __main__ - Slot 2 (Weed Seeds): KEIN Icon gefunden in item_icons! Zeichne Text.
2025-04-14 12:57:54 - WARNING - __main__ - Slot 0 (Blumentopf): KEIN Icon gefunden in item_icons! Zeichne Text.
2025-04-14 12:57:54 - WARNING - __main__ - Slot 1 (Sack Erde): KEIN Icon gefunden in item_icons! Zeichne Text.
2025-04-14 12:57:54 - WARNING - __main__ - Slot 2 (Weed Seeds): KEIN Icon gefunden in item_icons! Zeichne Text.
2025-04-14 12:57:54 - WARNING - __main__ - Slot 0 (Blumentopf): KEIN Icon gefunden in item_icons! Zeichne Text.
2025-04-14 12:57:54 - WARNING - __main__ - Slot 1 (Sack Erde): KEIN Icon gefunden in item_icons! Zeichne Text.
2025-04-14 12:57:54 - WARNING - __main__ - Slot 2 (Weed Seeds): KEIN Icon gefunden in item_icons! Zeichne Text.
2025-04-14 12:57:54 - WARNING - __main__ - Slot 0 (Blumentopf): KEIN Icon gefunden in item_icons! Zeichne Text.
2025-04-14 12:57:54 - WARNING - __main__ - Slot 1 (Sack Erde): KEIN Icon gefunden in item_icons! Zeichne Text.
2025-04-14 12:57:54 - WARNING - __main__ - Slot 2 (Weed Seeds): KEIN Icon gefunden in item_icons! Zeichne Text.
2025-04-14 12:57:54 - WARNING - __main__ - Slot 0 (Blumentopf): KEIN Icon gefunden in item_icons! Zeichne Text.
2025-04-14 12:57:54 - WARNING - __main__ - Slot 1 (Sack Erde): KEIN Icon gefunden in item_icons! Zeichne Text.
2025-04-14 12:57:54 - WARNING - __main__ - Slot 2 (Weed Seeds): KEIN Icon gefunden in item_icons! Zeichne Text.
2025-04-14 12:57:54 - WARNING - __main__ - Slot 0 (Blumentopf): KEIN Icon gefunden in item_icons! Zeichne Text.
2025-04-14 12:57:54 - WARNING - __main__ - Slot 1 (Sack Erde): KEIN Icon gefunden in item_icons! Zeichne Text.
2025-04-14 12:57:54 - WARNING - __main__ - Slot 2 (Weed Seeds): KEIN Icon gefunden in item_icons! Zeichne Text.
2025-04-14 12:57:54 - WARNING - __main__ - Slot 0 (Blumentopf): KEIN Icon gefunden in item_icons! Zeichne Text.
2025-04-14 12:57:54 - WARNING - __main__ - Slot 1 (Sack Erde): KEIN Icon gefunden in item_icons! Zeichne Text.
2025-04-14 12:57:54 - WARNING - __main__ - Slot 2 (Weed Seeds): KEIN Icon gefunden in item_icons! Zeichne Text.
2025-04-14 12:57:54 - WARNING - __main__ - Slot 0 (Blumentopf): KEIN Icon gefunden in item_icons! Zeichne Text.
2025-04-14 12:57:54 - WARNING - __main__ - Slot 1 (Sack Erde): KEIN Icon gefunden in item_icons! Zeichne Text.
2025-04-14 12:57:54 - WARNING - __main__ - Slot 2 (Weed Seeds): KEIN Icon gefunden in item_icons! Zeichne Text.
2025-04-14 12:57:54 - WARNING - __main__ - Slot 0 (Blumentopf): KEIN Icon gefunden in item_icons! Zeichne Text.
2025-04-14 12:57:54 - WARNING - __main__ - Slot 1 (Sack Erde): KEIN Icon gefunden in item_icons! Zeichne Text.
2025-04-14 12:57:54 - WARNING - __main__ - Slot 2 (Weed Seeds): KEIN Icon gefunden in item_icons! Zeichne Text.
2025-04-14 12:57:54 - WARNING - __main__ - Slot 0 (Blumentopf): KEIN Icon gefunden in item_icons! Zeichne Text.
2025-04-14 12:57:54 - WARNING - __main__ - Slot 1 (Sack Erde): KEIN Icon gefunden in item_icons! Zeichne Text.
2025-04-14 12:57:54 - WARNING - __main__ - Slot 2 (Weed Seeds): KEIN Icon gefunden in item_icons! Zeichne Text.
2025-04-14 12:57:54 - WARNING - __main__ - Slot 0 (Blumentopf): KEIN Icon gefunden in item_icons! Zeichne Text.
2025-04-14 12:57:54 - WARNING - __main__ - Slot 1 (Sack Erde): KEIN Icon gefunden in item_icons! Zeichne Text.
2025-04-14 12:57:54 - WARNING - __main__ - Slot 2 (Weed Seeds): KEIN Icon gefunden in item_icons! Zeichne Text.
2025-04-14 12:57:54 - WARNING - __main__ - Slot 0 (Blumentopf): KEIN Icon gefunden in item_icons! Zeichne Text.
2025-04-14 12:57:54 - WARNING - __main__ - Slot 1 (Sack Erde): KEIN Icon gefunden in item_icons! Zeichne Text.
2025-04-14 12:57:54 - WARNING - __main__ - Slot 2 (Weed Seeds): KEIN Icon gefunden in item_icons! Zeichne Text.
2025-04-14 12:57:54 - WARNING - __main__ - Slot 0 (Blumentopf): KEIN Icon gefunden in item_icons! Zeichne Text.
2025-04-14 12:57:54 - WARNING - __main__ - Slot 1 (Sack Erde): KEIN Icon gefunden in item_icons! Zeichne Text.
2025-04-14 12:57:54 - WARNING - __main__ - Slot 2 (Weed Seeds): KEIN Icon gefunden in item_icons! Zeichne Text.
2025-04-14 12:57:54 - WARNING - __main__ - Slot 0 (Blumentopf): KEIN Icon gefunden in item_icons! Zeichne Text.
2025-04-14 12:57:54 - WARNING - __main__ - Slot 1 (Sack Erde): KEIN Icon gefunden in item_icons! Zeichne Text.
2025-04-14 12:57:54 - WARNING - __main__ - Slot 2 (Weed Seeds): KEIN Icon gefunden in item_icons! Zeichne Text.
2025-04-14 12:57:54 - WARNING - __main__ - Slot 0 (Blumentopf): KEIN Icon gefunden in item_icons! Zeichne Text.
2025-04-14 12:57:54 - WARNING - __main__ - Slot 1 (Sack Erde): KEIN Icon gefunden in item_icons! Zeichne Text.
2025-04-14 12:57:54 - WARNING - __main__ - Slot 2 (Weed Seeds): KEIN Icon gefunden in item_icons! Zeichne Text.
2025-04-14 12:57:54 - WARNING - __main__ - Slot 0 (Blumentopf): KEIN Icon gefunden in item_icons! Zeichne Text.
2025-04-14 12:57:54 - WARNING - __main__ - Slot 1 (Sack Erde): KEIN Icon gefunden in item_icons! Zeichne Text.
2025-04-14 12:57:54 - WARNING - __main__ - Slot 2 (Weed Seeds): KEIN Icon gefunden in item_icons! Zeichne Text.
2025-04-14 12:57:54 - WARNING - __main__ - Slot 0 (Blumentopf): KEIN Icon gefunden in item_icons! Zeichne Text.
2025-04-14 12:57:54 - WARNING - __main__ - Slot 1 (Sack Erde): KEIN Icon gefunden in item_icons! Zeichne Text.
2025-04-14 12:57:54 - WARNING - __main__ - Slot 2 (Weed Seeds): KEIN Icon gefunden in item_icons! Zeichne Text.
2025-04-14 12:57:54 - WARNING - __main__ - Slot 0 (Blumentopf): KEIN Icon gefunden in item_icons! Zeichne Text.
2025-04-14 12:57:54 - WARNING - __main__ - Slot 1 (Sack Erde): KEIN Icon gefunden in item_icons! Zeichne Text.
2025-04-14 12:57:54 - WARNING - __main__ - Slot 2 (Weed Seeds): KEIN Icon gefunden in item_icons! Zeichne Text.
2025-04-14 12:57:54 - WARNING - __main__ - Slot 0 (Blumentopf): KEIN Icon gefunden in item_icons! Zeichne Text.
2025-04-14 12:57:54 - WARNING - __main__ - Slot 1 (Sack Erde): KEIN Icon gefunden in item_icons! Zeichne Text.
2025-04-14 12:57:54 - WARNING - __main__ - Slot 2 (Weed Seeds): KEIN Icon gefunden in item_icons! Zeichne Text.
2025-04-14 12:57:54 - WARNING - __main__ - Slot 0 (Blumentopf): KEIN Icon gefunden in item_icons! Zeichne Text.
2025-04-14 12:57:54 - WARNING - __main__ - Slot 1 (Sack Erde): KEIN Icon gefunden in item_icons! Zeichne Text.
2025-04-14 12:57:54 - WARNING - __main__ - Slot 2 (Weed Seeds): KEIN Icon gefunden in item_icons! Zeichne Text.
2025-04-14 12:57:54 - WARNING - __main__ - Slot 0 (Blumentopf): KEIN Icon gefunden in item_icons! Zeichne Text.
2025-04-14 12:57:54 - WARNING - __main__ - Slot 1 (Sack Erde): KEIN Icon gefunden in item_icons! Zeichne Text.
2025-04-14 12:57:54 - WARNING - __main__ - Slot 2 (Weed Seeds): KEIN Icon gefunden in item_icons! Zeichne Text.
2025-04-14 12:57:54 - WARNING - __main__ - Slot 0 (Blumentopf): KEIN Icon gefunden in item_icons! Zeichne Text.
2025-04-14 12:57:54 - WARNING - __main__ - Slot 1 (Sack Erde): KEIN Icon gefunden in item_icons! Zeichne Text.
2025-04-14 12:57:54 - WARNING - __main__ - Slot 2 (Weed Seeds): KEIN Icon gefunden in item_icons! Zeichne Text.
2025-04-14 12:57:54 - WARNING - __main__ - Slot 0 (Blumentopf): KEIN Icon gefunden in item_icons! Zeichne Text.
2025-04-14 12:57:54 - WARNING - __main__ - Slot 1 (Sack Erde): KEIN Icon gefunden in item_icons! Zeichne Text.
2025-04-14 12:57:54 - WARNING - __main__ - Slot 2 (Weed Seeds): KEIN Icon gefunden in item_icons! Zeichne Text.
2025-04-14 12:57:54 - WARNING - __main__ - Slot 0 (Blumentopf): KEIN Icon gefunden in item_icons! Zeichne Text.
2025-04-14 12:57:54 - WARNING - __main__ - Slot 1 (Sack Erde): KEIN Icon gefunden in item_icons! Zeichne Text.
2025-04-14 12:57:54 - WARNING - __main__ - Slot 2 (Weed Seeds): KEIN Icon gefunden in item_icons! Zeichne Text.
2025-04-14 12:57:54 - WARNING - __main__ - Slot 0 (Blumentopf): KEIN Icon gefunden in item_icons! Zeichne Text.
2025-04-14 12:57:54 - WARNING - __main__ - Slot 1 (Sack Erde): KEIN Icon gefunden in item_icons! Zeichne Text.
2025-04-14 12:57:54 - WARNING - __main__ - Slot 2 (Weed Seeds): KEIN Icon gefunden in item_icons! Zeichne Text.
2025-04-14 12:57:54 - WARNING - __main__ - Slot 0 (Blumentopf): KEIN Icon gefunden in item_icons! Zeichne Text.
2025-04-14 12:57:54 - WARNING - __main__ - Slot 1 (Sack Erde): KEIN Icon gefunden in item_icons! Zeichne Text.
2025-04-14 12:57:54 - WARNING - __main__ - Slot 2 (Weed Seeds): KEIN Icon gefunden in item_icons! Zeichne Text.
2025-04-14 12:57:54 - WARNING - __main__ - Slot 0 (Blumentopf): KEIN Icon gefunden in item_icons! Zeichne Text.
2025-04-14 12:57:54 - WARNING - __main__ - Slot 1 (Sack Erde): KEIN Icon gefunden in item_icons! Zeichne Text.
2025-04-14 12:57:54 - WARNING - __main__ - Slot 2 (Weed Seeds): KEIN Icon gefunden in item_icons! Zeichne Text.
2025-04-14 12:57:54 - WARNING - __main__ - Slot 0 (Blumentopf): KEIN Icon gefunden in item_icons! Zeichne Text.
2025-04-14 12:57:54 - WARNING - __main__ - Slot 1 (Sack Erde): KEIN Icon gefunden in item_icons! Zeichne Text.
2025-04-14 12:57:54 - WARNING - __main__ - Slot 2 (Weed Seeds): KEIN Icon gefunden in item_icons! Zeichne Text.
2025-04-14 12:57:54 - WARNING - __main__ - Slot 0 (Blumentopf): KEIN Icon gefunden in item_icons! Zeichne Text.
2025-04-14 12:57:54 - WARNING - __main__ - Slot 1 (Sack Erde): KEIN Icon gefunden in item_icons! Zeichne Text.
2025-04-14 12:57:54 - WARNING - __main__ - Slot 2 (Weed Seeds): KEIN Icon gefunden in item_icons! Zeichne Text.
2025-04-14 12:57:54 - WARNING - __main__ - Slot 0 (Blumentopf): KEIN Icon gefunden in item_icons! Zeichne Text.
2025-04-14 12:57:54 - WARNING - __main__ - Slot 1 (Sack Erde): KEIN Icon gefunden in item_icons! Zeichne Text.
2025-04-14 12:57:54 - WARNING - __main__ - Slot 2 (Weed Seeds): KEIN Icon gefunden in item_icons! Zeichne Text.
2025-04-14 12:57:54 - WARNING - __main__ - Slot 0 (Blumentopf): KEIN Icon gefunden in item_icons! Zeichne Text.
2025-04-14 12:57:54 - WARNING - __main__ - Slot 1 (Sack Erde): KEIN Icon gefunden in item_icons! Zeichne Text.
2025-04-14 12:57:54 - WARNING - __main__ - Slot 2 (Weed Seeds): KEIN Icon gefunden in item_icons! Zeichne Text.
2025-04-14 12:57:54 - WARNING - __main__ - Slot 0 (Blumentopf): KEIN Icon gefunden in item_icons! Zeichne Text.
2025-04-14 12:57:54 - WARNING - __main__ - Slot 1 (Sack Erde): KEIN Icon gefunden in item_icons! Zeichne Text.
2025-04-14 12:57:54 - WARNING - __main__ - Slot 2 (Weed Seeds): KEIN Icon gefunden in item_icons! Zeichne Text.
2025-04-14 12:57:54 - WARNING - __main__ - Slot 0 (Blumentopf): KEIN Icon gefunden in item_icons! Zeichne Text.
2025-04-14 12:57:54 - WARNING - __main__ - Slot 1 (Sack Erde): KEIN Icon gefunden in item_icons! Zeichne Text.
2025-04-14 12:57:54 - WARNING - __main__ - Slot 2 (Weed Seeds): KEIN Icon gefunden in item_icons! Zeichne Text.
2025-04-14 12:57:54 - WARNING - __main__ - Slot 0 (Blumentopf): KEIN Icon gefunden in item_icons! Zeichne Text.
2025-04-14 12:57:54 - WARNING - __main__ - Slot 1 (Sack Erde): KEIN Icon gefunden in item_icons! Zeichne Text.
2025-04-14 12:57:54 - WARNING - __main__ - Slot 2 (Weed Seeds): KEIN Icon gefunden in item_icons! Zeichne Text.
2025-04-14 12:57:54 - WARNING - __main__ - Slot 0 (Blumentopf): KEIN Icon gefunden in item_icons! Zeichne Text.
2025-04-14 12:57:54 - WARNING - __main__ - Slot 1 (Sack Erde): KEIN Icon gefunden in item_icons! Zeichne Text.
2025-04-14 12:57:54 - WARNING - __main__ - Slot 2 (Weed Seeds): KEIN Icon gefunden in item_icons! Zeichne Text.
2025-04-14 12:57:54 - WARNING - __main__ - Slot 0 (Blumentopf): KEIN Icon gefunden in item_icons! Zeichne Text.
2025-04-14 12:57:54 - WARNING - __main__ - Slot 1 (Sack Erde): KEIN Icon gefunden in item_icons! Zeichne Text.
2025-04-14 12:57:54 - WARNING - __main__ - Slot 2 (Weed Seeds): KEIN Icon gefunden in item_icons! Zeichne Text.
2025-04-14 12:57:54 - WARNING - __main__ - Slot 0 (Blumentopf): KEIN Icon gefunden in item_icons! Zeichne Text.
2025-04-14 12:57:54 - WARNING - __main__ - Slot 1 (Sack Erde): KEIN Icon gefunden in item_icons! Zeichne Text.
2025-04-14 12:57:54 - WARNING - __main__ - Slot 2 (Weed Seeds): KEIN Icon gefunden in item_icons! Zeichne Text.
2025-04-14 12:57:54 - WARNING - __main__ - Slot 0 (Blumentopf): KEIN Icon gefunden in item_icons! Zeichne Text.
2025-04-14 12:57:54 - WARNING - __main__ - Slot 1 (Sack Erde): KEIN Icon gefunden in item_icons! Zeichne Text.
2025-04-14 12:57:54 - WARNING - __main__ - Slot 2 (Weed Seeds): KEIN Icon gefunden in item_icons! Zeichne Text.
2025-04-14 12:57:54 - WARNING - __main__ - Slot 0 (Blumentopf): KEIN Icon gefunden in item_icons! Zeichne Text.
2025-04-14 12:57:54 - WARNING - __main__ - Slot 1 (Sack Erde): KEIN Icon gefunden in item_icons! Zeichne Text.
2025-04-14 12:57:54 - WARNING - __main__ - Slot 2 (Weed Seeds): KEIN Icon gefunden in item_icons! Zeichne Text.
2025-04-14 12:57:54 - WARNING - __main__ - Slot 0 (Blumentopf): KEIN Icon gefunden in item_icons! Zeichne Text.
2025-04-14 12:57:54 - WARNING - __main__ - Slot 1 (Sack Erde): KEIN Icon gefunden in item_icons! Zeichne Text.
2025-04-14 12:57:54 - WARNING - __main__ - Slot 2 (Weed Seeds): KEIN Icon gefunden in item_icons! Zeichne Text.
2025-04-14 12:57:54 - WARNING - __main__ - Slot 0 (Blumentopf): KEIN Icon gefunden in item_icons! Zeichne Text.
2025-04-14 12:57:54 - WARNING - __main__ - Slot 1 (Sack Erde): KEIN Icon gefunden in item_icons! Zeichne Text.
2025-04-14 12:57:54 - WARNING - __main__ - Slot 2 (Weed Seeds): KEIN Icon gefunden in item_icons! Zeichne Text.
2025-04-14 12:57:54 - WARNING - __main__ - Slot 0 (Blumentopf): KEIN Icon gefunden in item_icons! Zeichne Text.
2025-04-14 12:57:54 - WARNING - __main__ - Slot 1 (Sack Erde): KEIN Icon gefunden in item_icons! Zeichne Text.
2025-04-14 12:57:54 - WARNING - __main__ - Slot 2 (Weed Seeds): KEIN Icon gefunden in item_icons! Zeichne Text.
2025-04-14 12:57:54 - WARNING - __main__ - Slot 0 (Blumentopf): KEIN Icon gefunden in item_icons! Zeichne Text.
2025-04-14 12:57:54 - WARNING - __main__ - Slot 1 (Sack Erde): KEIN Icon gefunden in item_icons! Zeichne Text.
2025-04-14 12:57:54 - WARNING - __main__ - Slot 2 (Weed Seeds): KEIN Icon gefunden in item_icons! Zeichne Text.
2025-04-14 12:57:54 - WARNING - __main__ - Slot 0 (Blumentopf): KEIN Icon gefunden in item_icons! Zeichne Text.
2025-04-14 12:57:54 - WARNING - __main__ - Slot 1 (Sack Erde): KEIN Icon gefunden in item_icons! Zeichne Text.
2025-04-14 12:57:54 - WARNING - __main__ - Slot 2 (Weed Seeds): KEIN Icon gefunden in item_icons! Zeichne Text.
2025-04-14 12:57:54 - WARNING - __main__ - Slot 0 (Blumentopf): KEIN Icon gefunden in item_icons! Zeichne Text.
2025-04-14 12:57:54 - WARNING - __main__ - Slot 1 (Sack Erde): KEIN Icon gefunden in item_icons! Zeichne Text.
2025-04-14 12:57:54 - WARNING - __main__ - Slot 2 (Weed Seeds): KEIN Icon gefunden in item_icons! Zeichne Text.
2025-04-14 12:57:54 - WARNING - __main__ - Slot 0 (Blumentopf): KEIN Icon gefunden in item_icons! Zeichne Text.
2025-04-14 12:57:54 - WARNING - __main__ - Slot 1 (Sack Erde): KEIN Icon gefunden in item_icons! Zeichne Text.
2025-04-14 12:57:54 - WARNING - __main__ - Slot 2 (Weed Seeds): KEIN Icon gefunden in item_icons! Zeichne Text.
2025-04-14 12:57:54 - WARNING - __main__ - Slot 0 (Blumentopf): KEIN Icon gefunden in item_icons! Zeichne Text.
2025-04-14 12:57:54 - WARNING - __main__ - Slot 1 (Sack Erde): KEIN Icon gefunden in item_icons! Zeichne Text.
2025-04-14 12:57:54 - WARNING - __main__ - Slot 2 (Weed Seeds): KEIN Icon gefunden in item_icons! Zeichne Text.
2025-04-14 12:57:54 - WARNING - __main__ - Slot 0 (Blumentopf): KEIN Icon gefunden in item_icons! Zeichne Text.
2025-04-14 12:57:54 - WARNING - __main__ - Slot 1 (Sack Erde): KEIN Icon gefunden in item_icons! Zeichne Text.
2025-04-14 12:57:54 - WARNING - __main__ - Slot 2 (Weed Seeds): KEIN Icon gefunden in item_icons! Zeichne Text.
2025-04-14 12:57:54 - WARNING - __main__ - Slot 0 (Blumentopf): KEIN Icon gefunden in item_icons! Zeichne Text.
2025-04-14 12:57:54 - WARNING - __main__ - Slot 1 (Sack Erde): KEIN Icon gefunden in item_icons! Zeichne Text.
2025-04-14 12:57:54 - WARNING - __main__ - Slot 2 (Weed Seeds): KEIN Icon gefunden in item_icons! Zeichne Text.
2025-04-14 12:57:54 - WARNING - __main__ - Slot 0 (Blumentopf): KEIN Icon gefunden in item_icons! Zeichne Text.
2025-04-14 12:57:54 - WARNING - __main__ - Slot 1 (Sack Erde): KEIN Icon gefunden in item_icons! Zeichne Text.
2025-04-14 12:57:54 - WARNING - __main__ - Slot 2 (Weed Seeds): KEIN Icon gefunden in item_icons! Zeichne Text.
2025-04-14 12:57:54 - WARNING - __main__ - Slot 0 (Blumentopf): KEIN Icon gefunden in item_icons! Zeichne Text.
2025-04-14 12:57:54 - WARNING - __main__ - Slot 1 (Sack Erde): KEIN Icon gefunden in item_icons! Zeichne Text.
2025-04-14 12:57:54 - WARNING - __main__ - Slot 2 (Weed Seeds): KEIN Icon gefunden in item_icons! Zeichne Text.
2025-04-14 12:57:54 - WARNING - __main__ - Slot 0 (Blumentopf): KEIN Icon gefunden in item_icons! Zeichne Text.
2025-04-14 12:57:54 - WARNING - __main__ - Slot 1 (Sack Erde): KEIN Icon gefunden in item_icons! Zeichne Text.
2025-04-14 12:57:54 - WARNING - __main__ - Slot 2 (Weed Seeds): KEIN Icon gefunden in item_icons! Zeichne Text.
2025-04-14 12:57:55 - WARNING - __main__ - Slot 0 (Blumentopf): KEIN Icon gefunden in item_icons! Zeichne Text.
2025-04-14 12:57:55 - WARNING - __main__ - Slot 1 (Sack Erde): KEIN Icon gefunden in item_icons! Zeichne Text.
2025-04-14 12:57:55 - WARNING - __main__ - Slot 2 (Weed Seeds): KEIN Icon gefunden in item_icons! Zeichne Text.
2025-04-14 12:57:55 - WARNING - __main__ - Slot 0 (Blumentopf): KEIN Icon gefunden in item_icons! Zeichne Text.
2025-04-14 12:57:55 - WARNING - __main__ - Slot 1 (Sack Erde): KEIN Icon gefunden in item_icons! Zeichne Text.
2025-04-14 12:57:55 - WARNING - __main__ - Slot 2 (Weed Seeds): KEIN Icon gefunden in item_icons! Zeichne Text.
2025-04-14 12:57:55 - WARNING - __main__ - Slot 0 (Blumentopf): KEIN Icon gefunden in item_icons! Zeichne Text.
2025-04-14 12:57:55 - WARNING - __main__ - Slot 1 (Sack Erde): KEIN Icon gefunden in item_icons! Zeichne Text.
2025-04-14 12:57:55 - WARNING - __main__ - Slot 2 (Weed Seeds): KEIN Icon gefunden in item_icons! Zeichne Text.
2025-04-14 12:57:55 - WARNING - __main__ - Slot 0 (Blumentopf): KEIN Icon gefunden in item_icons! Zeichne Text.
2025-04-14 12:57:55 - WARNING - __main__ - Slot 1 (Sack Erde): KEIN Icon gefunden in item_icons! Zeichne Text.
2025-04-14 12:57:55 - WARNING - __main__ - Slot 2 (Weed Seeds): KEIN Icon gefunden in item_icons! Zeichne Text.
2025-04-14 12:57:55 - WARNING - __main__ - Slot 0 (Blumentopf): KEIN Icon gefunden in item_icons! Zeichne Text.
2025-04-14 12:57:55 - WARNING - __main__ - Slot 1 (Sack Erde): KEIN Icon gefunden in item_icons! Zeichne Text.
2025-04-14 12:57:55 - WARNING - __main__ - Slot 2 (Weed Seeds): KEIN Icon gefunden in item_icons! Zeichne Text.
2025-04-14 12:57:55 - WARNING - __main__ - Slot 0 (Blumentopf): KEIN Icon gefunden in item_icons! Zeichne Text.
2025-04-14 12:57:55 - WARNING - __main__ - Slot 1 (Sack Erde): KEIN Icon gefunden in item_icons! Zeichne Text.
2025-04-14 12:57:55 - WARNING - __main__ - Slot 2 (Weed Seeds): KEIN Icon gefunden in item_icons! Zeichne Text.
2025-04-14 12:57:55 - WARNING - __main__ - Slot 0 (Blumentopf): KEIN Icon gefunden in item_icons! Zeichne Text.
2025-04-14 12:57:55 - WARNING - __main__ - Slot 1 (Sack Erde): KEIN Icon gefunden in item_icons! Zeichne Text.
2025-04-14 12:57:55 - WARNING - __main__ - Slot 2 (Weed Seeds): KEIN Icon gefunden in item_icons! Zeichne Text.
2025-04-14 12:57:55 - WARNING - __main__ - Slot 0 (Blumentopf): KEIN Icon gefunden in item_icons! Zeichne Text.
2025-04-14 12:57:55 - WARNING - __main__ - Slot 1 (Sack Erde): KEIN Icon gefunden in item_icons! Zeichne Text.
2025-04-14 12:57:55 - WARNING - __main__ - Slot 2 (Weed Seeds): KEIN Icon gefunden in item_icons! Zeichne Text.
2025-04-14 12:57:55 - WARNING - __main__ - Slot 0 (Blumentopf): KEIN Icon gefunden in item_icons! Zeichne Text.
2025-04-14 12:57:55 - WARNING - __main__ - Slot 1 (Sack Erde): KEIN Icon gefunden in item_icons! Zeichne Text.
2025-04-14 12:57:55 - WARNING - __main__ - Slot 2 (Weed Seeds): KEIN Icon gefunden in item_icons! Zeichne Text.
2025-04-14 12:57:55 - WARNING - __main__ - Slot 0 (Blumentopf): KEIN Icon gefunden in item_icons! Zeichne Text.
2025-04-14 12:57:55 - WARNING - __main__ - Slot 1 (Sack Erde): KEIN Icon gefunden in item_icons! Zeichne Text.
2025-04-14 12:57:55 - WARNING - __main__ - Slot 2 (Weed Seeds): KEIN Icon gefunden in item_icons! Zeichne Text.
2025-04-14 12:57:55 - WARNING - __main__ - Slot 0 (Blumentopf): KEIN Icon gefunden in item_icons! Zeichne Text.
2025-04-14 12:57:55 - WARNING - __main__ - Slot 1 (Sack Erde): KEIN Icon gefunden in item_icons! Zeichne Text.
2025-04-14 12:57:55 - WARNING - __main__ - Slot 2 (Weed Seeds): KEIN Icon gefunden in item_icons! Zeichne Text.
2025-04-14 12:57:55 - WARNING - __main__ - Slot 0 (Blumentopf): KEIN Icon gefunden in item_icons! Zeichne Text.
2025-04-14 12:57:55 - WARNING - __main__ - Slot 1 (Sack Erde): KEIN Icon gefunden in item_icons! Zeichne Text.
2025-04-14 12:57:55 - WARNING - __main__ - Slot 2 (Weed Seeds): KEIN Icon gefunden in item_icons! Zeichne Text.
2025-04-14 12:57:55 - WARNING - __main__ - Slot 0 (Blumentopf): KEIN Icon gefunden in item_icons! Zeichne Text.
2025-04-14 12:57:55 - WARNING - __main__ - Slot 1 (Sack Erde): KEIN Icon gefunden in item_icons! Zeichne Text.
2025-04-14 12:57:55 - WARNING - __main__ - Slot 2 (Weed Seeds): KEIN Icon gefunden in item_icons! Zeichne Text.
2025-04-14 12:57:55 - WARNING - __main__ - Slot 0 (Blumentopf): KEIN Icon gefunden in item_icons! Zeichne Text.
2025-04-14 12:57:55 - WARNING - __main__ - Slot 1 (Sack Erde): KEIN Icon gefunden in item_icons! Zeichne Text.
2025-04-14 12:57:55 - WARNING - __main__ - Slot 2 (Weed Seeds): KEIN Icon gefunden in item_icons! Zeichne Text.
2025-04-14 12:57:55 - WARNING - __main__ - Slot 0 (Blumentopf): KEIN Icon gefunden in item_icons! Zeichne Text.
2025-04-14 12:57:55 - WARNING - __main__ - Slot 1 (Sack Erde): KEIN Icon gefunden in item_icons! Zeichne Text.
2025-04-14 12:57:55 - WARNING - __main__ - Slot 2 (Weed Seeds): KEIN Icon gefunden in item_icons! Zeichne Text.
2025-04-14 12:57:55 - WARNING - __main__ - Slot 0 (Blumentopf): KEIN Icon gefunden in item_icons! Zeichne Text.
2025-04-14 12:57:55 - WARNING - __main__ - Slot 1 (Sack Erde): KEIN Icon gefunden in item_icons! Zeichne Text.
2025-04-14 12:57:55 - WARNING - __main__ - Slot 2 (Weed Seeds): KEIN Icon gefunden in item_icons! Zeichne Text.
2025-04-14 12:57:55 - WARNING - __main__ - Slot 0 (Blumentopf): KEIN Icon gefunden in item_icons! Zeichne Text.
2025-04-14 12:57:55 - WARNING - __main__ - Slot 1 (Sack Erde): KEIN Icon gefunden in item_icons! Zeichne Text.
2025-04-14 12:57:55 - WARNING - __main__ - Slot 2 (Weed Seeds): KEIN Icon gefunden in item_icons! Zeichne Text.
2025-04-14 12:57:55 - WARNING - __main__ - Slot 0 (Blumentopf): KEIN Icon gefunden in item_icons! Zeichne Text.
2025-04-14 12:57:55 - WARNING - __main__ - Slot 1 (Sack Erde): KEIN Icon gefunden in item_icons! Zeichne Text.
2025-04-14 12:57:55 - WARNING - __main__ - Slot 2 (Weed Seeds): KEIN Icon gefunden in item_icons! Zeichne Text.
2025-04-14 12:57:55 - WARNING - __main__ - Slot 0 (Blumentopf): KEIN Icon gefunden in item_icons! Zeichne Text.
2025-04-14 12:57:55 - WARNING - __main__ - Slot 1 (Sack Erde): KEIN Icon gefunden in item_icons! Zeichne Text.
2025-04-14 12:57:55 - WARNING - __main__ - Slot 2 (Weed Seeds): KEIN Icon gefunden in item_icons! Zeichne Text.
2025-04-14 12:57:55 - WARNING - __main__ - Slot 0 (Blumentopf): KEIN Icon gefunden in item_icons! Zeichne Text.
2025-04-14 12:57:55 - WARNING - __main__ - Slot 1 (Sack Erde): KEIN Icon gefunden in item_icons! Zeichne Text.
2025-04-14 12:57:55 - WARNING - __main__ - Slot 2 (Weed Seeds): KEIN Icon gefunden in item_icons! Zeichne Text.
2025-04-14 12:57:55 - WARNING - __main__ - Slot 0 (Blumentopf): KEIN Icon gefunden in item_icons! Zeichne Text.
2025-04-14 12:57:55 - WARNING - __main__ - Slot 1 (Sack Erde): KEIN Icon gefunden in item_icons! Zeichne Text.
2025-04-14 12:57:55 - WARNING - __main__ - Slot 2 (Weed Seeds): KEIN Icon gefunden in item_icons! Zeichne Text.
2025-04-14 12:57:55 - WARNING - __main__ - Slot 0 (Blumentopf): KEIN Icon gefunden in item_icons! Zeichne Text.
2025-04-14 12:57:55 - WARNING - __main__ - Slot 1 (Sack Erde): KEIN Icon gefunden in item_icons! Zeichne Text.
2025-04-14 12:57:55 - WARNING - __main__ - Slot 2 (Weed Seeds): KEIN Icon gefunden in item_icons! Zeichne Text.
2025-04-14 12:57:55 - WARNING - __main__ - Slot 0 (Blumentopf): KEIN Icon gefunden in item_icons! Zeichne Text.
2025-04-14 12:57:55 - WARNING - __main__ - Slot 1 (Sack Erde): KEIN Icon gefunden in item_icons! Zeichne Text.
2025-04-14 12:57:55 - WARNING - __main__ - Slot 2 (Weed Seeds): KEIN Icon gefunden in item_icons! Zeichne Text.
2025-04-14 12:57:55 - WARNING - __main__ - Slot 0 (Blumentopf): KEIN Icon gefunden in item_icons! Zeichne Text.
2025-04-14 12:57:55 - WARNING - __main__ - Slot 1 (Sack Erde): KEIN Icon gefunden in item_icons! Zeichne Text.
2025-04-14 12:57:55 - WARNING - __main__ - Slot 2 (Weed Seeds): KEIN Icon gefunden in item_icons! Zeichne Text.
2025-04-14 12:57:55 - WARNING - __main__ - Slot 0 (Blumentopf): KEIN Icon gefunden in item_icons! Zeichne Text.
2025-04-14 12:57:55 - WARNING - __main__ - Slot 1 (Sack Erde): KEIN Icon gefunden in item_icons! Zeichne Text.
2025-04-14 12:57:55 - WARNING - __main__ - Slot 2 (Weed Seeds): KEIN Icon gefunden in item_icons! Zeichne Text.
2025-04-14 12:57:55 - WARNING - __main__ - Slot 0 (Blumentopf): KEIN Icon gefunden in item_icons! Zeichne Text.
2025-04-14 12:57:55 - WARNING - __main__ - Slot 1 (Sack Erde): KEIN Icon gefunden in item_icons! Zeichne Text.
2025-04-14 12:57:55 - WARNING - __main__ - Slot 2 (Weed Seeds): KEIN Icon gefunden in item_icons! Zeichne Text.
2025-04-14 12:57:55 - WARNING - __main__ - Slot 0 (Blumentopf): KEIN Icon gefunden in item_icons! Zeichne Text.
2025-04-14 12:57:55 - WARNING - __main__ - Slot 1 (Sack Erde): KEIN Icon gefunden in item_icons! Zeichne Text.
2025-04-14 12:57:55 - WARNING - __main__ - Slot 2 (Weed Seeds): KEIN Icon gefunden in item_icons! Zeichne Text.
2025-04-14 12:57:55 - WARNING - __main__ - Slot 0 (Blumentopf): KEIN Icon gefunden in item_icons! Zeichne Text.
2025-04-14 12:57:55 - WARNING - __main__ - Slot 1 (Sack Erde): KEIN Icon gefunden in item_icons! Zeichne Text.
2025-04-14 12:57:55 - WARNING - __main__ - Slot 2 (Weed Seeds): KEIN Icon gefunden in item_icons! Zeichne Text.
2025-04-14 12:57:55 - WARNING - __main__ - Slot 0 (Blumentopf): KEIN Icon gefunden in item_icons! Zeichne Text.
2025-04-14 12:57:55 - WARNING - __main__ - Slot 1 (Sack Erde): KEIN Icon gefunden in item_icons! Zeichne Text.
2025-04-14 12:57:55 - WARNING - __main__ - Slot 2 (Weed Seeds): KEIN Icon gefunden in item_icons! Zeichne Text.
2025-04-14 12:57:55 - WARNING - __main__ - Slot 0 (Blumentopf): KEIN Icon gefunden in item_icons! Zeichne Text.
2025-04-14 12:57:55 - WARNING - __main__ - Slot 1 (Sack Erde): KEIN Icon gefunden in item_icons! Zeichne Text.
2025-04-14 12:57:55 - WARNING - __main__ - Slot 2 (Weed Seeds): KEIN Icon gefunden in item_icons! Zeichne Text.
2025-04-14 12:57:55 - WARNING - __main__ - Slot 0 (Blumentopf): KEIN Icon gefunden in item_icons! Zeichne Text.
2025-04-14 12:57:55 - WARNING - __main__ - Slot 1 (Sack Erde): KEIN Icon gefunden in item_icons! Zeichne Text.
2025-04-14 12:57:55 - WARNING - __main__ - Slot 2 (Weed Seeds): KEIN Icon gefunden in item_icons! Zeichne Text.
2025-04-14 12:57:55 - WARNING - __main__ - Slot 0 (Blumentopf): KEIN Icon gefunden in item_icons! Zeichne Text.
2025-04-14 12:57:55 - WARNING - __main__ - Slot 1 (Sack Erde): KEIN Icon gefunden in item_icons! Zeichne Text.
2025-04-14 12:57:55 - WARNING - __main__ - Slot 2 (Weed Seeds): KEIN Icon gefunden in item_icons! Zeichne Text.
2025-04-14 12:57:55 - WARNING - __main__ - Slot 0 (Blumentopf): KEIN Icon gefunden in item_icons! Zeichne Text.
2025-04-14 12:57:55 - WARNING - __main__ - Slot 1 (Sack Erde): KEIN Icon gefunden in item_icons! Zeichne Text.
2025-04-14 12:57:55 - WARNING - __main__ - Slot 2 (Weed Seeds): KEIN Icon gefunden in item_icons! Zeichne Text.
2025-04-14 12:57:55 - WARNING - __main__ - Slot 0 (Blumentopf): KEIN Icon gefunden in item_icons! Zeichne Text.
2025-04-14 12:57:55 - WARNING - __main__ - Slot 1 (Sack Erde): KEIN Icon gefunden in item_icons! Zeichne Text.
2025-04-14 12:57:55 - WARNING - __main__ - Slot 2 (Weed Seeds): KEIN Icon gefunden in item_icons! Zeichne Text.
2025-04-14 12:57:55 - WARNING - __main__ - Slot 0 (Blumentopf): KEIN Icon gefunden in item_icons! Zeichne Text.
2025-04-14 12:57:55 - WARNING - __main__ - Slot 1 (Sack Erde): KEIN Icon gefunden in item_icons! Zeichne Text.
2025-04-14 12:57:55 - WARNING - __main__ - Slot 2 (Weed Seeds): KEIN Icon gefunden in item_icons! Zeichne Text.
2025-04-14 12:57:55 - WARNING - __main__ - Slot 0 (Blumentopf): KEIN Icon gefunden in item_icons! Zeichne Text.
2025-04-14 12:57:55 - WARNING - __main__ - Slot 1 (Sack Erde): KEIN Icon gefunden in item_icons! Zeichne Text.
2025-04-14 12:57:55 - WARNING - __main__ - Slot 2 (Weed Seeds): KEIN Icon gefunden in item_icons! Zeichne Text.
2025-04-14 12:57:55 - WARNING - __main__ - Slot 0 (Blumentopf): KEIN Icon gefunden in item_icons! Zeichne Text.
2025-04-14 12:57:55 - WARNING - __main__ - Slot 1 (Sack Erde): KEIN Icon gefunden in item_icons! Zeichne Text.
2025-04-14 12:57:55 - WARNING - __main__ - Slot 2 (Weed Seeds): KEIN Icon gefunden in item_icons! Zeichne Text.
2025-04-14 12:57:55 - WARNING - __main__ - Slot 0 (Blumentopf): KEIN Icon gefunden in item_icons! Zeichne Text.
2025-04-14 12:57:55 - WARNING - __main__ - Slot 1 (Sack Erde): KEIN Icon gefunden in item_icons! Zeichne Text.
2025-04-14 12:57:55 - WARNING - __main__ - Slot 2 (Weed Seeds): KEIN Icon gefunden in item_icons! Zeichne Text.
2025-04-14 12:57:55 - WARNING - __main__ - Slot 0 (Blumentopf): KEIN Icon gefunden in item_icons! Zeichne Text.
2025-04-14 12:57:55 - WARNING - __main__ - Slot 1 (Sack Erde): KEIN Icon gefunden in item_icons! Zeichne Text.
2025-04-14 12:57:55 - WARNING - __main__ - Slot 2 (Weed Seeds): KEIN Icon gefunden in item_icons! Zeichne Text.
2025-04-14 12:57:55 - WARNING - __main__ - Slot 0 (Blumentopf): KEIN Icon gefunden in item_icons! Zeichne Text.
2025-04-14 12:57:55 - WARNING - __main__ - Slot 1 (Sack Erde): KEIN Icon gefunden in item_icons! Zeichne Text.
2025-04-14 12:57:55 - WARNING - __main__ - Slot 2 (Weed Seeds): KEIN Icon gefunden in item_icons! Zeichne Text.
2025-04-14 12:57:55 - WARNING - __main__ - Slot 0 (Blumentopf): KEIN Icon gefunden in item_icons! Zeichne Text.
2025-04-14 12:57:55 - WARNING - __main__ - Slot 1 (Sack Erde): KEIN Icon gefunden in item_icons! Zeichne Text.
2025-04-14 12:57:55 - WARNING - __main__ - Slot 2 (Weed Seeds): KEIN Icon gefunden in item_icons! Zeichne Text.
2025-04-14 12:57:55 - WARNING - __main__ - Slot 0 (Blumentopf): KEIN Icon gefunden in item_icons! Zeichne Text.
2025-04-14 12:57:55 - WARNING - __main__ - Slot 1 (Sack Erde): KEIN Icon gefunden in item_icons! Zeichne Text.
2025-04-14 12:57:55 - WARNING - __main__ - Slot 2 (Weed Seeds): KEIN Icon gefunden in item_icons! Zeichne Text.
2025-04-14 12:57:55 - WARNING - __main__ - Slot 0 (Blumentopf): KEIN Icon gefunden in item_icons! Zeichne Text.
2025-04-14 12:57:55 - WARNING - __main__ - Slot 1 (Sack Erde): KEIN Icon gefunden in item_icons! Zeichne Text.
2025-04-14 12:57:55 - WARNING - __main__ - Slot 2 (Weed Seeds): KEIN Icon gefunden in item_icons! Zeichne Text.
2025-04-14 12:57:55 - WARNING - __main__ - Slot 0 (Blumentopf): KEIN Icon gefunden in item_icons! Zeichne Text.
2025-04-14 12:57:55 - WARNING - __main__ - Slot 1 (Sack Erde): KEIN Icon gefunden in item_icons! Zeichne Text.
2025-04-14 12:57:55 - WARNING - __main__ - Slot 2 (Weed Seeds): KEIN Icon gefunden in item_icons! Zeichne Text.
2025-04-14 12:57:55 - WARNING - __main__ - Slot 0 (Blumentopf): KEIN Icon gefunden in item_icons! Zeichne Text.
2025-04-14 12:57:55 - WARNING - __main__ - Slot 1 (Sack Erde): KEIN Icon gefunden in item_icons! Zeichne Text.
2025-04-14 12:57:55 - WARNING - __main__ - Slot 2 (Weed Seeds): KEIN Icon gefunden in item_icons! Zeichne Text.
2025-04-14 12:57:55 - WARNING - __main__ - Slot 0 (Blumentopf): KEIN Icon gefunden in item_icons! Zeichne Text.
2025-04-14 12:57:55 - WARNING - __main__ - Slot 1 (Sack Erde): KEIN Icon gefunden in item_icons! Zeichne Text.
2025-04-14 12:57:55 - WARNING - __main__ - Slot 2 (Weed Seeds): KEIN Icon gefunden in item_icons! Zeichne Text.
2025-04-14 12:57:55 - WARNING - __main__ - Slot 0 (Blumentopf): KEIN Icon gefunden in item_icons! Zeichne Text.
2025-04-14 12:57:55 - WARNING - __main__ - Slot 1 (Sack Erde): KEIN Icon gefunden in item_icons! Zeichne Text.
2025-04-14 12:57:55 - WARNING - __main__ - Slot 2 (Weed Seeds): KEIN Icon gefunden in item_icons! Zeichne Text.
2025-04-14 12:57:55 - WARNING - __main__ - Slot 0 (Blumentopf): KEIN Icon gefunden in item_icons! Zeichne Text.
2025-04-14 12:57:55 - WARNING - __main__ - Slot 1 (Sack Erde): KEIN Icon gefunden in item_icons! Zeichne Text.
2025-04-14 12:57:55 - WARNING - __main__ - Slot 2 (Weed Seeds): KEIN Icon gefunden in item_icons! Zeichne Text.
2025-04-14 12:57:55 - WARNING - __main__ - Slot 0 (Blumentopf): KEIN Icon gefunden in item_icons! Zeichne Text.
2025-04-14 12:57:55 - WARNING - __main__ - Slot 1 (Sack Erde): KEIN Icon gefunden in item_icons! Zeichne Text.
2025-04-14 12:57:55 - WARNING - __main__ - Slot 2 (Weed Seeds): KEIN Icon gefunden in item_icons! Zeichne Text.
2025-04-14 12:57:55 - WARNING - __main__ - Slot 0 (Blumentopf): KEIN Icon gefunden in item_icons! Zeichne Text.
2025-04-14 12:57:55 - WARNING - __main__ - Slot 1 (Sack Erde): KEIN Icon gefunden in item_icons! Zeichne Text.
2025-04-14 12:57:55 - WARNING - __main__ - Slot 2 (Weed Seeds): KEIN Icon gefunden in item_icons! Zeichne Text.
2025-04-14 12:57:55 - WARNING - __main__ - Slot 0 (Blumentopf): KEIN Icon gefunden in item_icons! Zeichne Text.
2025-04-14 12:57:55 - WARNING - __main__ - Slot 1 (Sack Erde): KEIN Icon gefunden in item_icons! Zeichne Text.
2025-04-14 12:57:55 - WARNING - __main__ - Slot 2 (Weed Seeds): KEIN Icon gefunden in item_icons! Zeichne Text.
2025-04-14 12:57:55 - WARNING - __main__ - Slot 0 (Blumentopf): KEIN Icon gefunden in item_icons! Zeichne Text.
2025-04-14 12:57:55 - WARNING - __main__ - Slot 1 (Sack Erde): KEIN Icon gefunden in item_icons! Zeichne Text.
2025-04-14 12:57:55 - WARNING - __main__ - Slot 2 (Weed Seeds): KEIN Icon gefunden in item_icons! Zeichne Text.
2025-04-14 12:57:55 - WARNING - __main__ - Slot 0 (Blumentopf): KEIN Icon gefunden in item_icons! Zeichne Text.
2025-04-14 12:57:55 - WARNING - __main__ - Slot 1 (Sack Erde): KEIN Icon gefunden in item_icons! Zeichne Text.
2025-04-14 12:57:55 - WARNING - __main__ - Slot 2 (Weed Seeds): KEIN Icon gefunden in item_icons! Zeichne Text.
2025-04-14 12:57:55 - WARNING - __main__ - Slot 0 (Blumentopf): KEIN Icon gefunden in item_icons! Zeichne Text.
2025-04-14 12:57:55 - WARNING - __main__ - Slot 1 (Sack Erde): KEIN Icon gefunden in item_icons! Zeichne Text.
2025-04-14 12:57:55 - WARNING - __main__ - Slot 2 (Weed Seeds): KEIN Icon gefunden in item_icons! Zeichne Text.
2025-04-14 12:57:55 - WARNING - __main__ - Slot 0 (Blumentopf): KEIN Icon gefunden in item_icons! Zeichne Text.
2025-04-14 12:57:55 - WARNING - __main__ - Slot 1 (Sack Erde): KEIN Icon gefunden in item_icons! Zeichne Text.
2025-04-14 12:57:55 - WARNING - __main__ - Slot 2 (Weed Seeds): KEIN Icon gefunden in item_icons! Zeichne Text.
2025-04-14 12:57:55 - WARNING - __main__ - Slot 0 (Blumentopf): KEIN Icon gefunden in item_icons! Zeichne Text.
2025-04-14 12:57:55 - WARNING - __main__ - Slot 1 (Sack Erde): KEIN Icon gefunden in item_icons! Zeichne Text.
2025-04-14 12:57:55 - WARNING - __main__ - Slot 2 (Weed Seeds): KEIN Icon gefunden in item_icons! Zeichne Text.
2025-04-14 12:57:55 - WARNING - __main__ - Slot 0 (Blumentopf): KEIN Icon gefunden in item_icons! Zeichne Text.
2025-04-14 12:57:55 - WARNING - __main__ - Slot 1 (Sack Erde): KEIN Icon gefunden in item_icons! Zeichne Text.
2025-04-14 12:57:55 - WARNING - __main__ - Slot 2 (Weed Seeds): KEIN Icon gefunden in item_icons! Zeichne Text.
2025-04-14 12:57:55 - WARNING - __main__ - Slot 0 (Blumentopf): KEIN Icon gefunden in item_icons! Zeichne Text.
2025-04-14 12:57:55 - WARNING - __main__ - Slot 1 (Sack Erde): KEIN Icon gefunden in item_icons! Zeichne Text.
2025-04-14 12:57:55 - WARNING - __main__ - Slot 2 (Weed Seeds): KEIN Icon gefunden in item_icons! Zeichne Text.
2025-04-14 12:57:55 - WARNING - __main__ - Slot 0 (Blumentopf): KEIN Icon gefunden in item_icons! Zeichne Text.
2025-04-14 12:57:55 - WARNING - __main__ - Slot 1 (Sack Erde): KEIN Icon gefunden in item_icons! Zeichne Text.
2025-04-14 12:57:55 - WARNING - __main__ - Slot 2 (Weed Seeds): KEIN Icon gefunden in item_icons! Zeichne Text.
2025-04-14 12:57:55 - WARNING - __main__ - Slot 0 (Blumentopf): KEIN Icon gefunden in item_icons! Zeichne Text.
2025-04-14 12:57:55 - WARNING - __main__ - Slot 1 (Sack Erde): KEIN Icon gefunden in item_icons! Zeichne Text.
2025-04-14 12:57:55 - WARNING - __main__ - Slot 2 (Weed Seeds): KEIN Icon gefunden in item_icons! Zeichne Text.
2025-04-14 12:57:55 - WARNING - __main__ - Slot 0 (Blumentopf): KEIN Icon gefunden in item_icons! Zeichne Text.
2025-04-14 12:57:55 - WARNING - __main__ - Slot 1 (Sack Erde): KEIN Icon gefunden in item_icons! Zeichne Text.
2025-04-14 12:57:55 - WARNING - __main__ - Slot 2 (Weed Seeds): KEIN Icon gefunden in item_icons! Zeichne Text.
2025-04-14 12:57:55 - WARNING - __main__ - Slot 0 (Blumentopf): KEIN Icon gefunden in item_icons! Zeichne Text.
2025-04-14 12:57:55 - WARNING - __main__ - Slot 1 (Sack Erde): KEIN Icon gefunden in item_icons! Zeichne Text.
2025-04-14 12:57:55 - WARNING - __main__ - Slot 2 (Weed Seeds): KEIN Icon gefunden in item_icons! Zeichne Text.
2025-04-14 12:57:56 - WARNING - __main__ - Slot 0 (Blumentopf): KEIN Icon gefunden in item_icons! Zeichne Text.
2025-04-14 12:57:56 - WARNING - __main__ - Slot 1 (Sack Erde): KEIN Icon gefunden in item_icons! Zeichne Text.
2025-04-14 12:57:56 - WARNING - __main__ - Slot 2 (Weed Seeds): KEIN Icon gefunden in item_icons! Zeichne Text.
2025-04-14 12:57:56 - WARNING - __main__ - Slot 0 (Blumentopf): KEIN Icon gefunden in item_icons! Zeichne Text.
2025-04-14 12:57:56 - WARNING - __main__ - Slot 1 (Sack Erde): KEIN Icon gefunden in item_icons! Zeichne Text.
2025-04-14 12:57:56 - WARNING - __main__ - Slot 2 (Weed Seeds): KEIN Icon gefunden in item_icons! Zeichne Text.
2025-04-14 12:57:56 - WARNING - __main__ - Slot 0 (Blumentopf): KEIN Icon gefunden in item_icons! Zeichne Text.
2025-04-14 12:57:56 - WARNING - __main__ - Slot 1 (Sack Erde): KEIN Icon gefunden in item_icons! Zeichne Text.
2025-04-14 12:57:56 - WARNING - __main__ - Slot 2 (Weed Seeds): KEIN Icon gefunden in item_icons! Zeichne Text.
2025-04-14 12:57:56 - WARNING - __main__ - Slot 0 (Blumentopf): KEIN Icon gefunden in item_icons! Zeichne Text.
2025-04-14 12:57:56 - WARNING - __main__ - Slot 1 (Sack Erde): KEIN Icon gefunden in item_icons! Zeichne Text.
2025-04-14 12:57:56 - WARNING - __main__ - Slot 2 (Weed Seeds): KEIN Icon gefunden in item_icons! Zeichne Text.
2025-04-14 12:57:56 - WARNING - __main__ - Slot 0 (Blumentopf): KEIN Icon gefunden in item_icons! Zeichne Text.
2025-04-14 12:57:56 - WARNING - __main__ - Slot 1 (Sack Erde): KEIN Icon gefunden in item_icons! Zeichne Text.
2025-04-14 12:57:56 - WARNING - __main__ - Slot 2 (Weed Seeds): KEIN Icon gefunden in item_icons! Zeichne Text.
2025-04-14 12:57:56 - WARNING - __main__ - Slot 0 (Blumentopf): KEIN Icon gefunden in item_icons! Zeichne Text.
2025-04-14 12:57:56 - WARNING - __main__ - Slot 1 (Sack Erde): KEIN Icon gefunden in item_icons! Zeichne Text.
2025-04-14 12:57:56 - WARNING - __main__ - Slot 2 (Weed Seeds): KEIN Icon gefunden in item_icons! Zeichne Text.
2025-04-14 12:57:56 - WARNING - __main__ - Slot 0 (Blumentopf): KEIN Icon gefunden in item_icons! Zeichne Text.
2025-04-14 12:57:56 - WARNING - __main__ - Slot 1 (Sack Erde): KEIN Icon gefunden in item_icons! Zeichne Text.
2025-04-14 12:57:56 - WARNING - __main__ - Slot 2 (Weed Seeds): KEIN Icon gefunden in item_icons! Zeichne Text.
2025-04-14 12:57:56 - WARNING - __main__ - Slot 0 (Blumentopf): KEIN Icon gefunden in item_icons! Zeichne Text.
2025-04-14 12:57:56 - WARNING - __main__ - Slot 1 (Sack Erde): KEIN Icon gefunden in item_icons! Zeichne Text.
2025-04-14 12:57:56 - WARNING - __main__ - Slot 2 (Weed Seeds): KEIN Icon gefunden in item_icons! Zeichne Text.
2025-04-14 12:57:56 - WARNING - __main__ - Slot 0 (Blumentopf): KEIN Icon gefunden in item_icons! Zeichne Text.
2025-04-14 12:57:56 - WARNING - __main__ - Slot 1 (Sack Erde): KEIN Icon gefunden in item_icons! Zeichne Text.
2025-04-14 12:57:56 - WARNING - __main__ - Slot 2 (Weed Seeds): KEIN Icon gefunden in item_icons! Zeichne Text.
2025-04-14 12:57:56 - WARNING - __main__ - Slot 0 (Blumentopf): KEIN Icon gefunden in item_icons! Zeichne Text.
2025-04-14 12:57:56 - WARNING - __main__ - Slot 1 (Sack Erde): KEIN Icon gefunden in item_icons! Zeichne Text.
2025-04-14 12:57:56 - WARNING - __main__ - Slot 2 (Weed Seeds): KEIN Icon gefunden in item_icons! Zeichne Text.
2025-04-14 12:57:56 - WARNING - __main__ - Slot 0 (Blumentopf): KEIN Icon gefunden in item_icons! Zeichne Text.
2025-04-14 12:57:56 - WARNING - __main__ - Slot 1 (Sack Erde): KEIN Icon gefunden in item_icons! Zeichne Text.
2025-04-14 12:57:56 - WARNING - __main__ - Slot 2 (Weed Seeds): KEIN Icon gefunden in item_icons! Zeichne Text.
2025-04-14 12:57:56 - WARNING - __main__ - Slot 0 (Blumentopf): KEIN Icon gefunden in item_icons! Zeichne Text.
2025-04-14 12:57:56 - WARNING - __main__ - Slot 1 (Sack Erde): KEIN Icon gefunden in item_icons! Zeichne Text.
2025-04-14 12:57:56 - WARNING - __main__ - Slot 2 (Weed Seeds): KEIN Icon gefunden in item_icons! Zeichne Text.
2025-04-14 12:57:56 - WARNING - __main__ - Slot 0 (Blumentopf): KEIN Icon gefunden in item_icons! Zeichne Text.
2025-04-14 12:57:56 - WARNING - __main__ - Slot 1 (Sack Erde): KEIN Icon gefunden in item_icons! Zeichne Text.
2025-04-14 12:57:56 - WARNING - __main__ - Slot 2 (Weed Seeds): KEIN Icon gefunden in item_icons! Zeichne Text.
2025-04-14 12:57:56 - WARNING - __main__ - Slot 0 (Blumentopf): KEIN Icon gefunden in item_icons! Zeichne Text.
2025-04-14 12:57:56 - WARNING - __main__ - Slot 1 (Sack Erde): KEIN Icon gefunden in item_icons! Zeichne Text.
2025-04-14 12:57:56 - WARNING - __main__ - Slot 2 (Weed Seeds): KEIN Icon gefunden in item_icons! Zeichne Text.
2025-04-14 12:57:56 - WARNING - __main__ - Slot 0 (Blumentopf): KEIN Icon gefunden in item_icons! Zeichne Text.
2025-04-14 12:57:56 - WARNING - __main__ - Slot 1 (Sack Erde): KEIN Icon gefunden in item_icons! Zeichne Text.
2025-04-14 12:57:56 - WARNING - __main__ - Slot 2 (Weed Seeds): KEIN Icon gefunden in item_icons! Zeichne Text.
2025-04-14 12:57:56 - WARNING - __main__ - Slot 0 (Blumentopf): KEIN Icon gefunden in item_icons! Zeichne Text.
2025-04-14 12:57:56 - WARNING - __main__ - Slot 1 (Sack Erde): KEIN Icon gefunden in item_icons! Zeichne Text.
2025-04-14 12:57:56 - WARNING - __main__ - Slot 2 (Weed Seeds): KEIN Icon gefunden in item_icons! Zeichne Text.
2025-04-14 12:57:56 - WARNING - __main__ - Slot 0 (Blumentopf): KEIN Icon gefunden in item_icons! Zeichne Text.
2025-04-14 12:57:56 - WARNING - __main__ - Slot 1 (Sack Erde): KEIN Icon gefunden in item_icons! Zeichne Text.
2025-04-14 12:57:56 - WARNING - __main__ - Slot 2 (Weed Seeds): KEIN Icon gefunden in item_icons! Zeichne Text.
2025-04-14 12:57:56 - WARNING - __main__ - Slot 0 (Blumentopf): KEIN Icon gefunden in item_icons! Zeichne Text.
2025-04-14 12:57:56 - WARNING - __main__ - Slot 1 (Sack Erde): KEIN Icon gefunden in item_icons! Zeichne Text.
2025-04-14 12:57:56 - WARNING - __main__ - Slot 2 (Weed Seeds): KEIN Icon gefunden in item_icons! Zeichne Text.
2025-04-14 12:57:56 - WARNING - __main__ - Slot 0 (Blumentopf): KEIN Icon gefunden in item_icons! Zeichne Text.
2025-04-14 12:57:56 - WARNING - __main__ - Slot 1 (Sack Erde): KEIN Icon gefunden in item_icons! Zeichne Text.
2025-04-14 12:57:56 - WARNING - __main__ - Slot 2 (Weed Seeds): KEIN Icon gefunden in item_icons! Zeichne Text.
2025-04-14 12:57:56 - WARNING - __main__ - Slot 0 (Blumentopf): KEIN Icon gefunden in item_icons! Zeichne Text.
2025-04-14 12:57:56 - WARNING - __main__ - Slot 1 (Sack Erde): KEIN Icon gefunden in item_icons! Zeichne Text.
2025-04-14 12:57:56 - WARNING - __main__ - Slot 2 (Weed Seeds): KEIN Icon gefunden in item_icons! Zeichne Text.
2025-04-14 12:57:56 - WARNING - __main__ - Slot 0 (Blumentopf): KEIN Icon gefunden in item_icons! Zeichne Text.
2025-04-14 12:57:56 - WARNING - __main__ - Slot 1 (Sack Erde): KEIN Icon gefunden in item_icons! Zeichne Text.
2025-04-14 12:57:56 - WARNING - __main__ - Slot 2 (Weed Seeds): KEIN Icon gefunden in item_icons! Zeichne Text.
2025-04-14 12:57:56 - WARNING - __main__ - Slot 0 (Blumentopf): KEIN Icon gefunden in item_icons! Zeichne Text.
2025-04-14 12:57:56 - WARNING - __main__ - Slot 1 (Sack Erde): KEIN Icon gefunden in item_icons! Zeichne Text.
2025-04-14 12:57:56 - WARNING - __main__ - Slot 2 (Weed Seeds): KEIN Icon gefunden in item_icons! Zeichne Text.
2025-04-14 12:57:56 - WARNING - __main__ - Slot 0 (Blumentopf): KEIN Icon gefunden in item_icons! Zeichne Text.
2025-04-14 12:57:56 - WARNING - __main__ - Slot 1 (Sack Erde): KEIN Icon gefunden in item_icons! Zeichne Text.
2025-04-14 12:57:56 - WARNING - __main__ - Slot 2 (Weed Seeds): KEIN Icon gefunden in item_icons! Zeichne Text.
2025-04-14 12:57:56 - WARNING - __main__ - Slot 0 (Blumentopf): KEIN Icon gefunden in item_icons! Zeichne Text.
2025-04-14 12:57:56 - WARNING - __main__ - Slot 1 (Sack Erde): KEIN Icon gefunden in item_icons! Zeichne Text.
2025-04-14 12:57:56 - WARNING - __main__ - Slot 2 (Weed Seeds): KEIN Icon gefunden in item_icons! Zeichne Text.
2025-04-14 12:57:56 - WARNING - __main__ - Slot 0 (Blumentopf): KEIN Icon gefunden in item_icons! Zeichne Text.
2025-04-14 12:57:56 - WARNING - __main__ - Slot 1 (Sack Erde): KEIN Icon gefunden in item_icons! Zeichne Text.
2025-04-14 12:57:56 - WARNING - __main__ - Slot 2 (Weed Seeds): KEIN Icon gefunden in item_icons! Zeichne Text.
2025-04-14 12:57:56 - WARNING - __main__ - Slot 0 (Blumentopf): KEIN Icon gefunden in item_icons! Zeichne Text.
2025-04-14 12:57:56 - WARNING - __main__ - Slot 1 (Sack Erde): KEIN Icon gefunden in item_icons! Zeichne Text.
2025-04-14 12:57:56 - WARNING - __main__ - Slot 2 (Weed Seeds): KEIN Icon gefunden in item_icons! Zeichne Text.
2025-04-14 12:57:56 - WARNING - __main__ - Slot 0 (Blumentopf): KEIN Icon gefunden in item_icons! Zeichne Text.
2025-04-14 12:57:56 - WARNING - __main__ - Slot 1 (Sack Erde): KEIN Icon gefunden in item_icons! Zeichne Text.
2025-04-14 12:57:56 - WARNING - __main__ - Slot 2 (Weed Seeds): KEIN Icon gefunden in item_icons! Zeichne Text.
2025-04-14 12:57:56 - WARNING - __main__ - Slot 0 (Blumentopf): KEIN Icon gefunden in item_icons! Zeichne Text.
2025-04-14 12:57:56 - WARNING - __main__ - Slot 1 (Sack Erde): KEIN Icon gefunden in item_icons! Zeichne Text.
2025-04-14 12:57:56 - WARNING - __main__ - Slot 2 (Weed Seeds): KEIN Icon gefunden in item_icons! Zeichne Text.
2025-04-14 12:57:56 - WARNING - __main__ - Slot 0 (Blumentopf): KEIN Icon gefunden in item_icons! Zeichne Text.
2025-04-14 12:57:56 - WARNING - __main__ - Slot 1 (Sack Erde): KEIN Icon gefunden in item_icons! Zeichne Text.
2025-04-14 12:57:56 - WARNING - __main__ - Slot 2 (Weed Seeds): KEIN Icon gefunden in item_icons! Zeichne Text.
2025-04-14 12:57:56 - WARNING - __main__ - Slot 0 (Blumentopf): KEIN Icon gefunden in item_icons! Zeichne Text.
2025-04-14 12:57:56 - WARNING - __main__ - Slot 1 (Sack Erde): KEIN Icon gefunden in item_icons! Zeichne Text.
2025-04-14 12:57:56 - WARNING - __main__ - Slot 2 (Weed Seeds): KEIN Icon gefunden in item_icons! Zeichne Text.
2025-04-14 12:57:56 - WARNING - __main__ - Slot 0 (Blumentopf): KEIN Icon gefunden in item_icons! Zeichne Text.
2025-04-14 12:57:56 - WARNING - __main__ - Slot 1 (Sack Erde): KEIN Icon gefunden in item_icons! Zeichne Text.
2025-04-14 12:57:56 - WARNING - __main__ - Slot 2 (Weed Seeds): KEIN Icon gefunden in item_icons! Zeichne Text.
2025-04-14 12:57:56 - WARNING - __main__ - Slot 0 (Blumentopf): KEIN Icon gefunden in item_icons! Zeichne Text.
2025-04-14 12:57:56 - WARNING - __main__ - Slot 1 (Sack Erde): KEIN Icon gefunden in item_icons! Zeichne Text.
2025-04-14 12:57:56 - WARNING - __main__ - Slot 2 (Weed Seeds): KEIN Icon gefunden in item_icons! Zeichne Text.
2025-04-14 12:57:56 - WARNING - __main__ - Slot 0 (Blumentopf): KEIN Icon gefunden in item_icons! Zeichne Text.
2025-04-14 12:57:56 - WARNING - __main__ - Slot 1 (Sack Erde): KEIN Icon gefunden in item_icons! Zeichne Text.
2025-04-14 12:57:56 - WARNING - __main__ - Slot 2 (Weed Seeds): KEIN Icon gefunden in item_icons! Zeichne Text.
2025-04-14 12:57:56 - WARNING - __main__ - Slot 0 (Blumentopf): KEIN Icon gefunden in item_icons! Zeichne Text.
2025-04-14 12:57:56 - WARNING - __main__ - Slot 1 (Sack Erde): KEIN Icon gefunden in item_icons! Zeichne Text.
2025-04-14 12:57:56 - WARNING - __main__ - Slot 2 (Weed Seeds): KEIN Icon gefunden in item_icons! Zeichne Text.
2025-04-14 12:57:56 - WARNING - __main__ - Slot 0 (Blumentopf): KEIN Icon gefunden in item_icons! Zeichne Text.
2025-04-14 12:57:56 - WARNING - __main__ - Slot 1 (Sack Erde): KEIN Icon gefunden in item_icons! Zeichne Text.
2025-04-14 12:57:56 - WARNING - __main__ - Slot 2 (Weed Seeds): KEIN Icon gefunden in item_icons! Zeichne Text.
2025-04-14 12:57:56 - WARNING - __main__ - Slot 0 (Blumentopf): KEIN Icon gefunden in item_icons! Zeichne Text.
2025-04-14 12:57:56 - WARNING - __main__ - Slot 1 (Sack Erde): KEIN Icon gefunden in item_icons! Zeichne Text.
2025-04-14 12:57:56 - WARNING - __main__ - Slot 2 (Weed Seeds): KEIN Icon gefunden in item_icons! Zeichne Text.
2025-04-14 12:57:56 - WARNING - __main__ - Slot 0 (Blumentopf): KEIN Icon gefunden in item_icons! Zeichne Text.
2025-04-14 12:57:56 - WARNING - __main__ - Slot 1 (Sack Erde): KEIN Icon gefunden in item_icons! Zeichne Text.
2025-04-14 12:57:56 - WARNING - __main__ - Slot 2 (Weed Seeds): KEIN Icon gefunden in item_icons! Zeichne Text.
2025-04-14 12:57:56 - WARNING - __main__ - Slot 0 (Blumentopf): KEIN Icon gefunden in item_icons! Zeichne Text.
2025-04-14 12:57:56 - WARNING - __main__ - Slot 1 (Sack Erde): KEIN Icon gefunden in item_icons! Zeichne Text.
2025-04-14 12:57:56 - WARNING - __main__ - Slot 2 (Weed Seeds): KEIN Icon gefunden in item_icons! Zeichne Text.
2025-04-14 12:57:56 - WARNING - __main__ - Slot 0 (Blumentopf): KEIN Icon gefunden in item_icons! Zeichne Text.
2025-04-14 12:57:56 - WARNING - __main__ - Slot 1 (Sack Erde): KEIN Icon gefunden in item_icons! Zeichne Text.
2025-04-14 12:57:56 - WARNING - __main__ - Slot 2 (Weed Seeds): KEIN Icon gefunden in item_icons! Zeichne Text.
2025-04-14 12:57:56 - WARNING - __main__ - Slot 0 (Blumentopf): KEIN Icon gefunden in item_icons! Zeichne Text.
2025-04-14 12:57:56 - WARNING - __main__ - Slot 1 (Sack Erde): KEIN Icon gefunden in item_icons! Zeichne Text.
2025-04-14 12:57:56 - WARNING - __main__ - Slot 2 (Weed Seeds): KEIN Icon gefunden in item_icons! Zeichne Text.
2025-04-14 12:57:56 - WARNING - __main__ - Slot 0 (Blumentopf): KEIN Icon gefunden in item_icons! Zeichne Text.
2025-04-14 12:57:56 - WARNING - __main__ - Slot 1 (Sack Erde): KEIN Icon gefunden in item_icons! Zeichne Text.
2025-04-14 12:57:56 - WARNING - __main__ - Slot 2 (Weed Seeds): KEIN Icon gefunden in item_icons! Zeichne Text.
2025-04-14 12:57:56 - WARNING - __main__ - Slot 0 (Blumentopf): KEIN Icon gefunden in item_icons! Zeichne Text.
2025-04-14 12:57:56 - WARNING - __main__ - Slot 1 (Sack Erde): KEIN Icon gefunden in item_icons! Zeichne Text.
2025-04-14 12:57:56 - WARNING - __main__ - Slot 2 (Weed Seeds): KEIN Icon gefunden in item_icons! Zeichne Text.
2025-04-14 12:57:56 - WARNING - __main__ - Slot 0 (Blumentopf): KEIN Icon gefunden in item_icons! Zeichne Text.
2025-04-14 12:57:56 - WARNING - __main__ - Slot 1 (Sack Erde): KEIN Icon gefunden in item_icons! Zeichne Text.
2025-04-14 12:57:56 - WARNING - __main__ - Slot 2 (Weed Seeds): KEIN Icon gefunden in item_icons! Zeichne Text.
2025-04-14 12:57:56 - WARNING - __main__ - Slot 0 (Blumentopf): KEIN Icon gefunden in item_icons! Zeichne Text.
2025-04-14 12:57:56 - WARNING - __main__ - Slot 1 (Sack Erde): KEIN Icon gefunden in item_icons! Zeichne Text.
2025-04-14 12:57:56 - WARNING - __main__ - Slot 2 (Weed Seeds): KEIN Icon gefunden in item_icons! Zeichne Text.
2025-04-14 12:57:56 - WARNING - __main__ - Slot 0 (Blumentopf): KEIN Icon gefunden in item_icons! Zeichne Text.
2025-04-14 12:57:56 - WARNING - __main__ - Slot 1 (Sack Erde): KEIN Icon gefunden in item_icons! Zeichne Text.
2025-04-14 12:57:56 - WARNING - __main__ - Slot 2 (Weed Seeds): KEIN Icon gefunden in item_icons! Zeichne Text.
2025-04-14 12:57:56 - WARNING - __main__ - Slot 0 (Blumentopf): KEIN Icon gefunden in item_icons! Zeichne Text.
2025-04-14 12:57:56 - WARNING - __main__ - Slot 1 (Sack Erde): KEIN Icon gefunden in item_icons! Zeichne Text.
2025-04-14 12:57:56 - WARNING - __main__ - Slot 2 (Weed Seeds): KEIN Icon gefunden in item_icons! Zeichne Text.
2025-04-14 12:57:56 - WARNING - __main__ - Slot 0 (Blumentopf): KEIN Icon gefunden in item_icons! Zeichne Text.
2025-04-14 12:57:56 - WARNING - __main__ - Slot 1 (Sack Erde): KEIN Icon gefunden in item_icons! Zeichne Text.
2025-04-14 12:57:56 - WARNING - __main__ - Slot 2 (Weed Seeds): KEIN Icon gefunden in item_icons! Zeichne Text.
2025-04-14 12:57:56 - WARNING - __main__ - Slot 0 (Blumentopf): KEIN Icon gefunden in item_icons! Zeichne Text.
2025-04-14 12:57:56 - WARNING - __main__ - Slot 1 (Sack Erde): KEIN Icon gefunden in item_icons! Zeichne Text.
2025-04-14 12:57:56 - WARNING - __main__ - Slot 2 (Weed Seeds): KEIN Icon gefunden in item_icons! Zeichne Text.
2025-04-14 12:57:56 - WARNING - __main__ - Slot 0 (Blumentopf): KEIN Icon gefunden in item_icons! Zeichne Text.
2025-04-14 12:57:56 - WARNING - __main__ - Slot 1 (Sack Erde): KEIN Icon gefunden in item_icons! Zeichne Text.
2025-04-14 12:57:56 - WARNING - __main__ - Slot 2 (Weed Seeds): KEIN Icon gefunden in item_icons! Zeichne Text.
2025-04-14 12:57:56 - WARNING - __main__ - Slot 0 (Blumentopf): KEIN Icon gefunden in item_icons! Zeichne Text.
2025-04-14 12:57:56 - WARNING - __main__ - Slot 1 (Sack Erde): KEIN Icon gefunden in item_icons! Zeichne Text.
2025-04-14 12:57:56 - WARNING - __main__ - Slot 2 (Weed Seeds): KEIN Icon gefunden in item_icons! Zeichne Text.
2025-04-14 12:57:56 - WARNING - __main__ - Slot 0 (Blumentopf): KEIN Icon gefunden in item_icons! Zeichne Text.
2025-04-14 12:57:56 - WARNING - __main__ - Slot 1 (Sack Erde): KEIN Icon gefunden in item_icons! Zeichne Text.
2025-04-14 12:57:56 - WARNING - __main__ - Slot 2 (Weed Seeds): KEIN Icon gefunden in item_icons! Zeichne Text.
2025-04-14 12:57:56 - WARNING - __main__ - Slot 0 (Blumentopf): KEIN Icon gefunden in item_icons! Zeichne Text.
2025-04-14 12:57:56 - WARNING - __main__ - Slot 1 (Sack Erde): KEIN Icon gefunden in item_icons! Zeichne Text.
2025-04-14 12:57:56 - WARNING - __main__ - Slot 2 (Weed Seeds): KEIN Icon gefunden in item_icons! Zeichne Text.
2025-04-14 12:57:56 - WARNING - __main__ - Slot 0 (Blumentopf): KEIN Icon gefunden in item_icons! Zeichne Text.
2025-04-14 12:57:56 - WARNING - __main__ - Slot 1 (Sack Erde): KEIN Icon gefunden in item_icons! Zeichne Text.
2025-04-14 12:57:56 - WARNING - __main__ - Slot 2 (Weed Seeds): KEIN Icon gefunden in item_icons! Zeichne Text.
2025-04-14 12:57:56 - WARNING - __main__ - Slot 0 (Blumentopf): KEIN Icon gefunden in item_icons! Zeichne Text.
2025-04-14 12:57:56 - WARNING - __main__ - Slot 1 (Sack Erde): KEIN Icon gefunden in item_icons! Zeichne Text.
2025-04-14 12:57:56 - WARNING - __main__ - Slot 2 (Weed Seeds): KEIN Icon gefunden in item_icons! Zeichne Text.
2025-04-14 12:57:56 - WARNING - __main__ - Slot 0 (Blumentopf): KEIN Icon gefunden in item_icons! Zeichne Text.
2025-04-14 12:57:56 - WARNING - __main__ - Slot 1 (Sack Erde): KEIN Icon gefunden in item_icons! Zeichne Text.
2025-04-14 12:57:56 - WARNING - __main__ - Slot 2 (Weed Seeds): KEIN Icon gefunden in item_icons! Zeichne Text.
2025-04-14 12:57:56 - WARNING - __main__ - Slot 0 (Blumentopf): KEIN Icon gefunden in item_icons! Zeichne Text.
2025-04-14 12:57:56 - WARNING - __main__ - Slot 1 (Sack Erde): KEIN Icon gefunden in item_icons! Zeichne Text.
2025-04-14 12:57:56 - WARNING - __main__ - Slot 2 (Weed Seeds): KEIN Icon gefunden in item_icons! Zeichne Text.
2025-04-14 12:57:56 - WARNING - __main__ - Slot 0 (Blumentopf): KEIN Icon gefunden in item_icons! Zeichne Text.
2025-04-14 12:57:56 - WARNING - __main__ - Slot 1 (Sack Erde): KEIN Icon gefunden in item_icons! Zeichne Text.
2025-04-14 12:57:56 - WARNING - __main__ - Slot 2 (Weed Seeds): KEIN Icon gefunden in item_icons! Zeichne Text.
2025-04-14 12:57:56 - WARNING - __main__ - Slot 0 (Blumentopf): KEIN Icon gefunden in item_icons! Zeichne Text.
2025-04-14 12:57:56 - WARNING - __main__ - Slot 1 (Sack Erde): KEIN Icon gefunden in item_icons! Zeichne Text.
2025-04-14 12:57:56 - WARNING - __main__ - Slot 2 (Weed Seeds): KEIN Icon gefunden in item_icons! Zeichne Text.
2025-04-14 12:57:56 - WARNING - __main__ - Slot 0 (Blumentopf): KEIN Icon gefunden in item_icons! Zeichne Text.
2025-04-14 12:57:56 - WARNING - __main__ - Slot 1 (Sack Erde): KEIN Icon gefunden in item_icons! Zeichne Text.
2025-04-14 12:57:56 - WARNING - __main__ - Slot 2 (Weed Seeds): KEIN Icon gefunden in item_icons! Zeichne Text.
2025-04-14 12:57:56 - WARNING - __main__ - Slot 0 (Blumentopf): KEIN Icon gefunden in item_icons! Zeichne Text.
2025-04-14 12:57:56 - WARNING - __main__ - Slot 1 (Sack Erde): KEIN Icon gefunden in item_icons! Zeichne Text.
2025-04-14 12:57:56 - WARNING - __main__ - Slot 2 (Weed Seeds): KEIN Icon gefunden in item_icons! Zeichne Text.
2025-04-14 12:57:56 - WARNING - __main__ - Slot 0 (Blumentopf): KEIN Icon gefunden in item_icons! Zeichne Text.
2025-04-14 12:57:56 - WARNING - __main__ - Slot 1 (Sack Erde): KEIN Icon gefunden in item_icons! Zeichne Text.
2025-04-14 12:57:56 - WARNING - __main__ - Slot 2 (Weed Seeds): KEIN Icon gefunden in item_icons! Zeichne Text.
2025-04-14 12:57:57 - WARNING - __main__ - Slot 0 (Blumentopf): KEIN Icon gefunden in item_icons! Zeichne Text.
2025-04-14 12:57:57 - WARNING - __main__ - Slot 1 (Sack Erde): KEIN Icon gefunden in item_icons! Zeichne Text.
2025-04-14 12:57:57 - WARNING - __main__ - Slot 2 (Weed Seeds): KEIN Icon gefunden in item_icons! Zeichne Text.
2025-04-14 12:57:57 - WARNING - __main__ - Slot 0 (Blumentopf): KEIN Icon gefunden in item_icons! Zeichne Text.
2025-04-14 12:57:57 - WARNING - __main__ - Slot 1 (Sack Erde): KEIN Icon gefunden in item_icons! Zeichne Text.
2025-04-14 12:57:57 - WARNING - __main__ - Slot 2 (Weed Seeds): KEIN Icon gefunden in item_icons! Zeichne Text.
2025-04-14 12:57:57 - WARNING - __main__ - Slot 0 (Blumentopf): KEIN Icon gefunden in item_icons! Zeichne Text.
2025-04-14 12:57:57 - WARNING - __main__ - Slot 1 (Sack Erde): KEIN Icon gefunden in item_icons! Zeichne Text.
2025-04-14 12:57:57 - WARNING - __main__ - Slot 2 (Weed Seeds): KEIN Icon gefunden in item_icons! Zeichne Text.
2025-04-14 12:57:57 - WARNING - __main__ - Slot 0 (Blumentopf): KEIN Icon gefunden in item_icons! Zeichne Text.
2025-04-14 12:57:57 - WARNING - __main__ - Slot 1 (Sack Erde): KEIN Icon gefunden in item_icons! Zeichne Text.
2025-04-14 12:57:57 - WARNING - __main__ - Slot 2 (Weed Seeds): KEIN Icon gefunden in item_icons! Zeichne Text.
2025-04-14 12:57:57 - WARNING - __main__ - Slot 0 (Blumentopf): KEIN Icon gefunden in item_icons! Zeichne Text.
2025-04-14 12:57:57 - WARNING - __main__ - Slot 1 (Sack Erde): KEIN Icon gefunden in item_icons! Zeichne Text.
2025-04-14 12:57:57 - WARNING - __main__ - Slot 2 (Weed Seeds): KEIN Icon gefunden in item_icons! Zeichne Text.
2025-04-14 12:57:57 - WARNING - __main__ - Slot 0 (Blumentopf): KEIN Icon gefunden in item_icons! Zeichne Text.
2025-04-14 12:57:57 - WARNING - __main__ - Slot 1 (Sack Erde): KEIN Icon gefunden in item_icons! Zeichne Text.
2025-04-14 12:57:57 - WARNING - __main__ - Slot 2 (Weed Seeds): KEIN Icon gefunden in item_icons! Zeichne Text.
2025-04-14 12:57:57 - WARNING - __main__ - Slot 0 (Blumentopf): KEIN Icon gefunden in item_icons! Zeichne Text.
2025-04-14 12:57:57 - WARNING - __main__ - Slot 1 (Sack Erde): KEIN Icon gefunden in item_icons! Zeichne Text.
2025-04-14 12:57:57 - WARNING - __main__ - Slot 2 (Weed Seeds): KEIN Icon gefunden in item_icons! Zeichne Text.
2025-04-14 12:57:57 - WARNING - __main__ - Slot 0 (Blumentopf): KEIN Icon gefunden in item_icons! Zeichne Text.
2025-04-14 12:57:57 - WARNING - __main__ - Slot 1 (Sack Erde): KEIN Icon gefunden in item_icons! Zeichne Text.
2025-04-14 12:57:57 - WARNING - __main__ - Slot 2 (Weed Seeds): KEIN Icon gefunden in item_icons! Zeichne Text.
2025-04-14 12:57:57 - WARNING - __main__ - Slot 0 (Blumentopf): KEIN Icon gefunden in item_icons! Zeichne Text.
2025-04-14 12:57:57 - WARNING - __main__ - Slot 1 (Sack Erde): KEIN Icon gefunden in item_icons! Zeichne Text.
2025-04-14 12:57:57 - WARNING - __main__ - Slot 2 (Weed Seeds): KEIN Icon gefunden in item_icons! Zeichne Text.
2025-04-14 12:57:57 - WARNING - __main__ - Slot 0 (Blumentopf): KEIN Icon gefunden in item_icons! Zeichne Text.
2025-04-14 12:57:57 - WARNING - __main__ - Slot 1 (Sack Erde): KEIN Icon gefunden in item_icons! Zeichne Text.
2025-04-14 12:57:57 - WARNING - __main__ - Slot 2 (Weed Seeds): KEIN Icon gefunden in item_icons! Zeichne Text.
2025-04-14 12:57:57 - WARNING - __main__ - Slot 0 (Blumentopf): KEIN Icon gefunden in item_icons! Zeichne Text.
2025-04-14 12:57:57 - WARNING - __main__ - Slot 1 (Sack Erde): KEIN Icon gefunden in item_icons! Zeichne Text.
2025-04-14 12:57:57 - WARNING - __main__ - Slot 2 (Weed Seeds): KEIN Icon gefunden in item_icons! Zeichne Text.
2025-04-14 12:57:57 - WARNING - __main__ - Slot 0 (Blumentopf): KEIN Icon gefunden in item_icons! Zeichne Text.
2025-04-14 12:57:57 - WARNING - __main__ - Slot 1 (Sack Erde): KEIN Icon gefunden in item_icons! Zeichne Text.
2025-04-14 12:57:57 - WARNING - __main__ - Slot 2 (Weed Seeds): KEIN Icon gefunden in item_icons! Zeichne Text.
2025-04-14 12:57:57 - WARNING - __main__ - Slot 0 (Blumentopf): KEIN Icon gefunden in item_icons! Zeichne Text.
2025-04-14 12:57:57 - WARNING - __main__ - Slot 1 (Sack Erde): KEIN Icon gefunden in item_icons! Zeichne Text.
2025-04-14 12:57:57 - WARNING - __main__ - Slot 2 (Weed Seeds): KEIN Icon gefunden in item_icons! Zeichne Text.
2025-04-14 12:57:57 - WARNING - __main__ - Slot 0 (Blumentopf): KEIN Icon gefunden in item_icons! Zeichne Text.
2025-04-14 12:57:57 - WARNING - __main__ - Slot 1 (Sack Erde): KEIN Icon gefunden in item_icons! Zeichne Text.
2025-04-14 12:57:57 - WARNING - __main__ - Slot 2 (Weed Seeds): KEIN Icon gefunden in item_icons! Zeichne Text.
2025-04-14 12:57:57 - WARNING - __main__ - Slot 0 (Blumentopf): KEIN Icon gefunden in item_icons! Zeichne Text.
2025-04-14 12:57:57 - WARNING - __main__ - Slot 1 (Sack Erde): KEIN Icon gefunden in item_icons! Zeichne Text.
2025-04-14 12:57:57 - WARNING - __main__ - Slot 2 (Weed Seeds): KEIN Icon gefunden in item_icons! Zeichne Text.
2025-04-14 12:57:57 - WARNING - __main__ - Slot 0 (Blumentopf): KEIN Icon gefunden in item_icons! Zeichne Text.
2025-04-14 12:57:57 - WARNING - __main__ - Slot 1 (Sack Erde): KEIN Icon gefunden in item_icons! Zeichne Text.
2025-04-14 12:57:57 - WARNING - __main__ - Slot 2 (Weed Seeds): KEIN Icon gefunden in item_icons! Zeichne Text.
2025-04-14 12:57:57 - WARNING - __main__ - Slot 0 (Blumentopf): KEIN Icon gefunden in item_icons! Zeichne Text.
2025-04-14 12:57:57 - WARNING - __main__ - Slot 1 (Sack Erde): KEIN Icon gefunden in item_icons! Zeichne Text.
2025-04-14 12:57:57 - WARNING - __main__ - Slot 2 (Weed Seeds): KEIN Icon gefunden in item_icons! Zeichne Text.
2025-04-14 12:57:57 - WARNING - __main__ - Slot 0 (Blumentopf): KEIN Icon gefunden in item_icons! Zeichne Text.
2025-04-14 12:57:57 - WARNING - __main__ - Slot 1 (Sack Erde): KEIN Icon gefunden in item_icons! Zeichne Text.
2025-04-14 12:57:57 - WARNING - __main__ - Slot 2 (Weed Seeds): KEIN Icon gefunden in item_icons! Zeichne Text.
2025-04-14 12:57:57 - WARNING - __main__ - Slot 0 (Blumentopf): KEIN Icon gefunden in item_icons! Zeichne Text.
2025-04-14 12:57:57 - WARNING - __main__ - Slot 1 (Sack Erde): KEIN Icon gefunden in item_icons! Zeichne Text.
2025-04-14 12:57:57 - WARNING - __main__ - Slot 2 (Weed Seeds): KEIN Icon gefunden in item_icons! Zeichne Text.
2025-04-14 12:57:57 - WARNING - __main__ - Slot 0 (Blumentopf): KEIN Icon gefunden in item_icons! Zeichne Text.
2025-04-14 12:57:57 - WARNING - __main__ - Slot 1 (Sack Erde): KEIN Icon gefunden in item_icons! Zeichne Text.
2025-04-14 12:57:57 - WARNING - __main__ - Slot 2 (Weed Seeds): KEIN Icon gefunden in item_icons! Zeichne Text.
2025-04-14 12:57:57 - WARNING - __main__ - Slot 0 (Blumentopf): KEIN Icon gefunden in item_icons! Zeichne Text.
2025-04-14 12:57:57 - WARNING - __main__ - Slot 1 (Sack Erde): KEIN Icon gefunden in item_icons! Zeichne Text.
2025-04-14 12:57:57 - WARNING - __main__ - Slot 2 (Weed Seeds): KEIN Icon gefunden in item_icons! Zeichne Text.
2025-04-14 12:57:57 - WARNING - __main__ - Slot 0 (Blumentopf): KEIN Icon gefunden in item_icons! Zeichne Text.
2025-04-14 12:57:57 - WARNING - __main__ - Slot 1 (Sack Erde): KEIN Icon gefunden in item_icons! Zeichne Text.
2025-04-14 12:57:57 - WARNING - __main__ - Slot 2 (Weed Seeds): KEIN Icon gefunden in item_icons! Zeichne Text.
2025-04-14 12:57:57 - WARNING - __main__ - Slot 0 (Blumentopf): KEIN Icon gefunden in item_icons! Zeichne Text.
2025-04-14 12:57:57 - WARNING - __main__ - Slot 1 (Sack Erde): KEIN Icon gefunden in item_icons! Zeichne Text.
2025-04-14 12:57:57 - WARNING - __main__ - Slot 2 (Weed Seeds): KEIN Icon gefunden in item_icons! Zeichne Text.
2025-04-14 12:57:57 - WARNING - __main__ - Slot 0 (Blumentopf): KEIN Icon gefunden in item_icons! Zeichne Text.
2025-04-14 12:57:57 - WARNING - __main__ - Slot 1 (Sack Erde): KEIN Icon gefunden in item_icons! Zeichne Text.
2025-04-14 12:57:57 - WARNING - __main__ - Slot 2 (Weed Seeds): KEIN Icon gefunden in item_icons! Zeichne Text.
2025-04-14 12:57:57 - WARNING - __main__ - Slot 0 (Blumentopf): KEIN Icon gefunden in item_icons! Zeichne Text.
2025-04-14 12:57:57 - WARNING - __main__ - Slot 1 (Sack Erde): KEIN Icon gefunden in item_icons! Zeichne Text.
2025-04-14 12:57:57 - WARNING - __main__ - Slot 2 (Weed Seeds): KEIN Icon gefunden in item_icons! Zeichne Text.
2025-04-14 12:57:57 - WARNING - __main__ - Slot 0 (Blumentopf): KEIN Icon gefunden in item_icons! Zeichne Text.
2025-04-14 12:57:57 - WARNING - __main__ - Slot 1 (Sack Erde): KEIN Icon gefunden in item_icons! Zeichne Text.
2025-04-14 12:57:57 - WARNING - __main__ - Slot 2 (Weed Seeds): KEIN Icon gefunden in item_icons! Zeichne Text.
2025-04-14 12:57:57 - WARNING - __main__ - Slot 0 (Blumentopf): KEIN Icon gefunden in item_icons! Zeichne Text.
2025-04-14 12:57:57 - WARNING - __main__ - Slot 1 (Sack Erde): KEIN Icon gefunden in item_icons! Zeichne Text.
2025-04-14 12:57:57 - WARNING - __main__ - Slot 2 (Weed Seeds): KEIN Icon gefunden in item_icons! Zeichne Text.
2025-04-14 12:57:57 - WARNING - __main__ - Slot 0 (Blumentopf): KEIN Icon gefunden in item_icons! Zeichne Text.
2025-04-14 12:57:57 - WARNING - __main__ - Slot 1 (Sack Erde): KEIN Icon gefunden in item_icons! Zeichne Text.
2025-04-14 12:57:57 - WARNING - __main__ - Slot 2 (Weed Seeds): KEIN Icon gefunden in item_icons! Zeichne Text.
2025-04-14 12:57:57 - WARNING - __main__ - Slot 0 (Blumentopf): KEIN Icon gefunden in item_icons! Zeichne Text.
2025-04-14 12:57:57 - WARNING - __main__ - Slot 1 (Sack Erde): KEIN Icon gefunden in item_icons! Zeichne Text.
2025-04-14 12:57:57 - WARNING - __main__ - Slot 2 (Weed Seeds): KEIN Icon gefunden in item_icons! Zeichne Text.
2025-04-14 12:57:57 - WARNING - __main__ - Slot 0 (Blumentopf): KEIN Icon gefunden in item_icons! Zeichne Text.
2025-04-14 12:57:57 - WARNING - __main__ - Slot 1 (Sack Erde): KEIN Icon gefunden in item_icons! Zeichne Text.
2025-04-14 12:57:57 - WARNING - __main__ - Slot 2 (Weed Seeds): KEIN Icon gefunden in item_icons! Zeichne Text.
2025-04-14 12:57:57 - WARNING - __main__ - Slot 0 (Blumentopf): KEIN Icon gefunden in item_icons! Zeichne Text.
2025-04-14 12:57:57 - WARNING - __main__ - Slot 1 (Sack Erde): KEIN Icon gefunden in item_icons! Zeichne Text.
2025-04-14 12:57:57 - WARNING - __main__ - Slot 2 (Weed Seeds): KEIN Icon gefunden in item_icons! Zeichne Text.
2025-04-14 12:57:57 - WARNING - __main__ - Slot 0 (Blumentopf): KEIN Icon gefunden in item_icons! Zeichne Text.
2025-04-14 12:57:57 - WARNING - __main__ - Slot 1 (Sack Erde): KEIN Icon gefunden in item_icons! Zeichne Text.
2025-04-14 12:57:57 - WARNING - __main__ - Slot 2 (Weed Seeds): KEIN Icon gefunden in item_icons! Zeichne Text.
2025-04-14 12:57:57 - WARNING - __main__ - Slot 0 (Blumentopf): KEIN Icon gefunden in item_icons! Zeichne Text.
2025-04-14 12:57:57 - WARNING - __main__ - Slot 1 (Sack Erde): KEIN Icon gefunden in item_icons! Zeichne Text.
2025-04-14 12:57:57 - WARNING - __main__ - Slot 2 (Weed Seeds): KEIN Icon gefunden in item_icons! Zeichne Text.
2025-04-14 12:57:57 - WARNING - __main__ - Slot 0 (Blumentopf): KEIN Icon gefunden in item_icons! Zeichne Text.
2025-04-14 12:57:57 - WARNING - __main__ - Slot 1 (Sack Erde): KEIN Icon gefunden in item_icons! Zeichne Text.
2025-04-14 12:57:57 - WARNING - __main__ - Slot 2 (Weed Seeds): KEIN Icon gefunden in item_icons! Zeichne Text.
2025-04-14 12:57:57 - WARNING - __main__ - Slot 0 (Blumentopf): KEIN Icon gefunden in item_icons! Zeichne Text.
2025-04-14 12:57:57 - WARNING - __main__ - Slot 1 (Sack Erde): KEIN Icon gefunden in item_icons! Zeichne Text.
2025-04-14 12:57:57 - WARNING - __main__ - Slot 2 (Weed Seeds): KEIN Icon gefunden in item_icons! Zeichne Text.
2025-04-14 12:57:57 - WARNING - __main__ - Slot 0 (Blumentopf): KEIN Icon gefunden in item_icons! Zeichne Text.
2025-04-14 12:57:57 - WARNING - __main__ - Slot 1 (Sack Erde): KEIN Icon gefunden in item_icons! Zeichne Text.
2025-04-14 12:57:57 - WARNING - __main__ - Slot 2 (Weed Seeds): KEIN Icon gefunden in item_icons! Zeichne Text.
2025-04-14 12:57:57 - WARNING - __main__ - Slot 0 (Blumentopf): KEIN Icon gefunden in item_icons! Zeichne Text.
2025-04-14 12:57:57 - WARNING - __main__ - Slot 1 (Sack Erde): KEIN Icon gefunden in item_icons! Zeichne Text.
2025-04-14 12:57:57 - WARNING - __main__ - Slot 2 (Weed Seeds): KEIN Icon gefunden in item_icons! Zeichne Text.
2025-04-14 12:57:57 - WARNING - __main__ - Slot 0 (Blumentopf): KEIN Icon gefunden in item_icons! Zeichne Text.
2025-04-14 12:57:57 - WARNING - __main__ - Slot 1 (Sack Erde): KEIN Icon gefunden in item_icons! Zeichne Text.
2025-04-14 12:57:57 - WARNING - __main__ - Slot 2 (Weed Seeds): KEIN Icon gefunden in item_icons! Zeichne Text.
2025-04-14 12:57:57 - WARNING - __main__ - Slot 0 (Blumentopf): KEIN Icon gefunden in item_icons! Zeichne Text.
2025-04-14 12:57:57 - WARNING - __main__ - Slot 1 (Sack Erde): KEIN Icon gefunden in item_icons! Zeichne Text.
2025-04-14 12:57:57 - WARNING - __main__ - Slot 2 (Weed Seeds): KEIN Icon gefunden in item_icons! Zeichne Text.
2025-04-14 12:57:57 - WARNING - __main__ - Slot 0 (Blumentopf): KEIN Icon gefunden in item_icons! Zeichne Text.
2025-04-14 12:57:57 - WARNING - __main__ - Slot 1 (Sack Erde): KEIN Icon gefunden in item_icons! Zeichne Text.
2025-04-14 12:57:57 - WARNING - __main__ - Slot 2 (Weed Seeds): KEIN Icon gefunden in item_icons! Zeichne Text.
2025-04-14 12:57:57 - WARNING - __main__ - Slot 0 (Blumentopf): KEIN Icon gefunden in item_icons! Zeichne Text.
2025-04-14 12:57:57 - WARNING - __main__ - Slot 1 (Sack Erde): KEIN Icon gefunden in item_icons! Zeichne Text.
2025-04-14 12:57:57 - WARNING - __main__ - Slot 2 (Weed Seeds): KEIN Icon gefunden in item_icons! Zeichne Text.
2025-04-14 12:57:57 - WARNING - __main__ - Slot 0 (Blumentopf): KEIN Icon gefunden in item_icons! Zeichne Text.
2025-04-14 12:57:57 - WARNING - __main__ - Slot 1 (Sack Erde): KEIN Icon gefunden in item_icons! Zeichne Text.
2025-04-14 12:57:57 - WARNING - __main__ - Slot 2 (Weed Seeds): KEIN Icon gefunden in item_icons! Zeichne Text.
2025-04-14 12:57:57 - WARNING - __main__ - Slot 0 (Blumentopf): KEIN Icon gefunden in item_icons! Zeichne Text.
2025-04-14 12:57:57 - WARNING - __main__ - Slot 1 (Sack Erde): KEIN Icon gefunden in item_icons! Zeichne Text.
2025-04-14 12:57:57 - WARNING - __main__ - Slot 2 (Weed Seeds): KEIN Icon gefunden in item_icons! Zeichne Text.
2025-04-14 12:57:57 - WARNING - __main__ - Slot 0 (Blumentopf): KEIN Icon gefunden in item_icons! Zeichne Text.
2025-04-14 12:57:57 - WARNING - __main__ - Slot 1 (Sack Erde): KEIN Icon gefunden in item_icons! Zeichne Text.
2025-04-14 12:57:57 - WARNING - __main__ - Slot 2 (Weed Seeds): KEIN Icon gefunden in item_icons! Zeichne Text.
2025-04-14 12:57:57 - WARNING - __main__ - Slot 0 (Blumentopf): KEIN Icon gefunden in item_icons! Zeichne Text.
2025-04-14 12:57:57 - WARNING - __main__ - Slot 1 (Sack Erde): KEIN Icon gefunden in item_icons! Zeichne Text.
2025-04-14 12:57:57 - WARNING - __main__ - Slot 2 (Weed Seeds): KEIN Icon gefunden in item_icons! Zeichne Text.
2025-04-14 12:57:57 - WARNING - __main__ - Slot 0 (Blumentopf): KEIN Icon gefunden in item_icons! Zeichne Text.
2025-04-14 12:57:57 - WARNING - __main__ - Slot 1 (Sack Erde): KEIN Icon gefunden in item_icons! Zeichne Text.
2025-04-14 12:57:57 - WARNING - __main__ - Slot 2 (Weed Seeds): KEIN Icon gefunden in item_icons! Zeichne Text.
2025-04-14 12:57:57 - WARNING - __main__ - Slot 0 (Blumentopf): KEIN Icon gefunden in item_icons! Zeichne Text.
2025-04-14 12:57:57 - WARNING - __main__ - Slot 1 (Sack Erde): KEIN Icon gefunden in item_icons! Zeichne Text.
2025-04-14 12:57:57 - WARNING - __main__ - Slot 2 (Weed Seeds): KEIN Icon gefunden in item_icons! Zeichne Text.
2025-04-14 12:57:57 - WARNING - __main__ - Slot 0 (Blumentopf): KEIN Icon gefunden in item_icons! Zeichne Text.
2025-04-14 12:57:57 - WARNING - __main__ - Slot 1 (Sack Erde): KEIN Icon gefunden in item_icons! Zeichne Text.
2025-04-14 12:57:57 - WARNING - __main__ - Slot 2 (Weed Seeds): KEIN Icon gefunden in item_icons! Zeichne Text.
2025-04-14 12:57:57 - WARNING - __main__ - Slot 0 (Blumentopf): KEIN Icon gefunden in item_icons! Zeichne Text.
2025-04-14 12:57:57 - WARNING - __main__ - Slot 1 (Sack Erde): KEIN Icon gefunden in item_icons! Zeichne Text.
2025-04-14 12:57:57 - WARNING - __main__ - Slot 2 (Weed Seeds): KEIN Icon gefunden in item_icons! Zeichne Text.
2025-04-14 12:57:57 - WARNING - __main__ - Slot 0 (Blumentopf): KEIN Icon gefunden in item_icons! Zeichne Text.
2025-04-14 12:57:57 - WARNING - __main__ - Slot 1 (Sack Erde): KEIN Icon gefunden in item_icons! Zeichne Text.
2025-04-14 12:57:57 - WARNING - __main__ - Slot 2 (Weed Seeds): KEIN Icon gefunden in item_icons! Zeichne Text.
2025-04-14 12:57:57 - WARNING - __main__ - Slot 0 (Blumentopf): KEIN Icon gefunden in item_icons! Zeichne Text.
2025-04-14 12:57:57 - WARNING - __main__ - Slot 1 (Sack Erde): KEIN Icon gefunden in item_icons! Zeichne Text.
2025-04-14 12:57:57 - WARNING - __main__ - Slot 2 (Weed Seeds): KEIN Icon gefunden in item_icons! Zeichne Text.
2025-04-14 12:57:57 - WARNING - __main__ - Slot 0 (Blumentopf): KEIN Icon gefunden in item_icons! Zeichne Text.
2025-04-14 12:57:57 - WARNING - __main__ - Slot 1 (Sack Erde): KEIN Icon gefunden in item_icons! Zeichne Text.
2025-04-14 12:57:57 - WARNING - __main__ - Slot 2 (Weed Seeds): KEIN Icon gefunden in item_icons! Zeichne Text.
2025-04-14 12:57:57 - WARNING - __main__ - Slot 0 (Blumentopf): KEIN Icon gefunden in item_icons! Zeichne Text.
2025-04-14 12:57:57 - WARNING - __main__ - Slot 1 (Sack Erde): KEIN Icon gefunden in item_icons! Zeichne Text.
2025-04-14 12:57:57 - WARNING - __main__ - Slot 2 (Weed Seeds): KEIN Icon gefunden in item_icons! Zeichne Text.
2025-04-14 12:57:57 - WARNING - __main__ - Slot 0 (Blumentopf): KEIN Icon gefunden in item_icons! Zeichne Text.
2025-04-14 12:57:57 - WARNING - __main__ - Slot 1 (Sack Erde): KEIN Icon gefunden in item_icons! Zeichne Text.
2025-04-14 12:57:57 - WARNING - __main__ - Slot 2 (Weed Seeds): KEIN Icon gefunden in item_icons! Zeichne Text.
2025-04-14 12:57:57 - WARNING - __main__ - Slot 0 (Blumentopf): KEIN Icon gefunden in item_icons! Zeichne Text.
2025-04-14 12:57:57 - WARNING - __main__ - Slot 1 (Sack Erde): KEIN Icon gefunden in item_icons! Zeichne Text.
2025-04-14 12:57:57 - WARNING - __main__ - Slot 2 (Weed Seeds): KEIN Icon gefunden in item_icons! Zeichne Text.
2025-04-14 12:57:57 - WARNING - __main__ - Slot 0 (Blumentopf): KEIN Icon gefunden in item_icons! Zeichne Text.
2025-04-14 12:57:57 - WARNING - __main__ - Slot 1 (Sack Erde): KEIN Icon gefunden in item_icons! Zeichne Text.
2025-04-14 12:57:57 - WARNING - __main__ - Slot 2 (Weed Seeds): KEIN Icon gefunden in item_icons! Zeichne Text.
2025-04-14 12:57:57 - WARNING - __main__ - Slot 0 (Blumentopf): KEIN Icon gefunden in item_icons! Zeichne Text.
2025-04-14 12:57:57 - WARNING - __main__ - Slot 1 (Sack Erde): KEIN Icon gefunden in item_icons! Zeichne Text.
2025-04-14 12:57:57 - WARNING - __main__ - Slot 2 (Weed Seeds): KEIN Icon gefunden in item_icons! Zeichne Text.
2025-04-14 12:57:57 - WARNING - __main__ - Slot 0 (Blumentopf): KEIN Icon gefunden in item_icons! Zeichne Text.
2025-04-14 12:57:57 - WARNING - __main__ - Slot 1 (Sack Erde): KEIN Icon gefunden in item_icons! Zeichne Text.
2025-04-14 12:57:57 - WARNING - __main__ - Slot 2 (Weed Seeds): KEIN Icon gefunden in item_icons! Zeichne Text.
2025-04-14 12:57:57 - WARNING - __main__ - Slot 0 (Blumentopf): KEIN Icon gefunden in item_icons! Zeichne Text.
2025-04-14 12:57:57 - WARNING - __main__ - Slot 1 (Sack Erde): KEIN Icon gefunden in item_icons! Zeichne Text.
2025-04-14 12:57:57 - WARNING - __main__ - Slot 2 (Weed Seeds): KEIN Icon gefunden in item_icons! Zeichne Text.
2025-04-14 12:57:57 - WARNING - __main__ - Slot 0 (Blumentopf): KEIN Icon gefunden in item_icons! Zeichne Text.
2025-04-14 12:57:57 - WARNING - __main__ - Slot 1 (Sack Erde): KEIN Icon gefunden in item_icons! Zeichne Text.
2025-04-14 12:57:57 - WARNING - __main__ - Slot 2 (Weed Seeds): KEIN Icon gefunden in item_icons! Zeichne Text.
2025-04-14 12:57:57 - WARNING - __main__ - Slot 0 (Blumentopf): KEIN Icon gefunden in item_icons! Zeichne Text.
2025-04-14 12:57:57 - WARNING - __main__ - Slot 1 (Sack Erde): KEIN Icon gefunden in item_icons! Zeichne Text.
2025-04-14 12:57:57 - WARNING - __main__ - Slot 2 (Weed Seeds): KEIN Icon gefunden in item_icons! Zeichne Text.
2025-04-14 12:57:58 - WARNING - __main__ - Slot 0 (Blumentopf): KEIN Icon gefunden in item_icons! Zeichne Text.
2025-04-14 12:57:58 - WARNING - __main__ - Slot 1 (Sack Erde): KEIN Icon gefunden in item_icons! Zeichne Text.
2025-04-14 12:57:58 - WARNING - __main__ - Slot 2 (Weed Seeds): KEIN Icon gefunden in item_icons! Zeichne Text.
2025-04-14 12:57:58 - WARNING - __main__ - Slot 0 (Blumentopf): KEIN Icon gefunden in item_icons! Zeichne Text.
2025-04-14 12:57:58 - WARNING - __main__ - Slot 1 (Sack Erde): KEIN Icon gefunden in item_icons! Zeichne Text.
2025-04-14 12:57:58 - WARNING - __main__ - Slot 2 (Weed Seeds): KEIN Icon gefunden in item_icons! Zeichne Text.
2025-04-14 12:57:58 - WARNING - __main__ - Slot 0 (Blumentopf): KEIN Icon gefunden in item_icons! Zeichne Text.
2025-04-14 12:57:58 - WARNING - __main__ - Slot 1 (Sack Erde): KEIN Icon gefunden in item_icons! Zeichne Text.
2025-04-14 12:57:58 - WARNING - __main__ - Slot 2 (Weed Seeds): KEIN Icon gefunden in item_icons! Zeichne Text.
2025-04-14 12:57:58 - WARNING - __main__ - Slot 0 (Blumentopf): KEIN Icon gefunden in item_icons! Zeichne Text.
2025-04-14 12:57:58 - WARNING - __main__ - Slot 1 (Sack Erde): KEIN Icon gefunden in item_icons! Zeichne Text.
2025-04-14 12:57:58 - WARNING - __main__ - Slot 2 (Weed Seeds): KEIN Icon gefunden in item_icons! Zeichne Text.
2025-04-14 12:57:58 - WARNING - __main__ - Slot 0 (Blumentopf): KEIN Icon gefunden in item_icons! Zeichne Text.
2025-04-14 12:57:58 - WARNING - __main__ - Slot 1 (Sack Erde): KEIN Icon gefunden in item_icons! Zeichne Text.
2025-04-14 12:57:58 - WARNING - __main__ - Slot 2 (Weed Seeds): KEIN Icon gefunden in item_icons! Zeichne Text.
2025-04-14 12:57:58 - WARNING - __main__ - Slot 0 (Blumentopf): KEIN Icon gefunden in item_icons! Zeichne Text.
2025-04-14 12:57:58 - WARNING - __main__ - Slot 1 (Sack Erde): KEIN Icon gefunden in item_icons! Zeichne Text.
2025-04-14 12:57:58 - WARNING - __main__ - Slot 2 (Weed Seeds): KEIN Icon gefunden in item_icons! Zeichne Text.
2025-04-14 12:57:58 - WARNING - __main__ - Slot 0 (Blumentopf): KEIN Icon gefunden in item_icons! Zeichne Text.
2025-04-14 12:57:58 - WARNING - __main__ - Slot 1 (Sack Erde): KEIN Icon gefunden in item_icons! Zeichne Text.
2025-04-14 12:57:58 - WARNING - __main__ - Slot 2 (Weed Seeds): KEIN Icon gefunden in item_icons! Zeichne Text.
2025-04-14 12:57:58 - WARNING - __main__ - Slot 0 (Blumentopf): KEIN Icon gefunden in item_icons! Zeichne Text.
2025-04-14 12:57:58 - WARNING - __main__ - Slot 1 (Sack Erde): KEIN Icon gefunden in item_icons! Zeichne Text.
2025-04-14 12:57:58 - WARNING - __main__ - Slot 2 (Weed Seeds): KEIN Icon gefunden in item_icons! Zeichne Text.
2025-04-14 12:57:58 - WARNING - __main__ - Slot 0 (Blumentopf): KEIN Icon gefunden in item_icons! Zeichne Text.
2025-04-14 12:57:58 - WARNING - __main__ - Slot 1 (Sack Erde): KEIN Icon gefunden in item_icons! Zeichne Text.
2025-04-14 12:57:58 - WARNING - __main__ - Slot 2 (Weed Seeds): KEIN Icon gefunden in item_icons! Zeichne Text.
2025-04-14 12:57:58 - WARNING - __main__ - Slot 0 (Blumentopf): KEIN Icon gefunden in item_icons! Zeichne Text.
2025-04-14 12:57:58 - WARNING - __main__ - Slot 1 (Sack Erde): KEIN Icon gefunden in item_icons! Zeichne Text.
2025-04-14 12:57:58 - WARNING - __main__ - Slot 2 (Weed Seeds): KEIN Icon gefunden in item_icons! Zeichne Text.
2025-04-14 12:57:58 - WARNING - __main__ - Slot 0 (Blumentopf): KEIN Icon gefunden in item_icons! Zeichne Text.
2025-04-14 12:57:58 - WARNING - __main__ - Slot 1 (Sack Erde): KEIN Icon gefunden in item_icons! Zeichne Text.
2025-04-14 12:57:58 - WARNING - __main__ - Slot 2 (Weed Seeds): KEIN Icon gefunden in item_icons! Zeichne Text.
2025-04-14 12:57:58 - WARNING - __main__ - Slot 0 (Blumentopf): KEIN Icon gefunden in item_icons! Zeichne Text.
2025-04-14 12:57:58 - WARNING - __main__ - Slot 1 (Sack Erde): KEIN Icon gefunden in item_icons! Zeichne Text.
2025-04-14 12:57:58 - WARNING - __main__ - Slot 2 (Weed Seeds): KEIN Icon gefunden in item_icons! Zeichne Text.
2025-04-14 12:57:58 - WARNING - __main__ - Slot 0 (Blumentopf): KEIN Icon gefunden in item_icons! Zeichne Text.
2025-04-14 12:57:58 - WARNING - __main__ - Slot 1 (Sack Erde): KEIN Icon gefunden in item_icons! Zeichne Text.
2025-04-14 12:57:58 - WARNING - __main__ - Slot 2 (Weed Seeds): KEIN Icon gefunden in item_icons! Zeichne Text.
2025-04-14 12:57:58 - WARNING - __main__ - Slot 0 (Blumentopf): KEIN Icon gefunden in item_icons! Zeichne Text.
2025-04-14 12:57:58 - WARNING - __main__ - Slot 1 (Sack Erde): KEIN Icon gefunden in item_icons! Zeichne Text.
2025-04-14 12:57:58 - WARNING - __main__ - Slot 2 (Weed Seeds): KEIN Icon gefunden in item_icons! Zeichne Text.
2025-04-14 12:57:58 - WARNING - __main__ - Slot 0 (Blumentopf): KEIN Icon gefunden in item_icons! Zeichne Text.
2025-04-14 12:57:58 - WARNING - __main__ - Slot 1 (Sack Erde): KEIN Icon gefunden in item_icons! Zeichne Text.
2025-04-14 12:57:58 - WARNING - __main__ - Slot 2 (Weed Seeds): KEIN Icon gefunden in item_icons! Zeichne Text.
2025-04-14 12:57:58 - WARNING - __main__ - Slot 0 (Blumentopf): KEIN Icon gefunden in item_icons! Zeichne Text.
2025-04-14 12:57:58 - WARNING - __main__ - Slot 1 (Sack Erde): KEIN Icon gefunden in item_icons! Zeichne Text.
2025-04-14 12:57:58 - WARNING - __main__ - Slot 2 (Weed Seeds): KEIN Icon gefunden in item_icons! Zeichne Text.
2025-04-14 12:57:58 - WARNING - __main__ - Slot 0 (Blumentopf): KEIN Icon gefunden in item_icons! Zeichne Text.
2025-04-14 12:57:58 - WARNING - __main__ - Slot 1 (Sack Erde): KEIN Icon gefunden in item_icons! Zeichne Text.
2025-04-14 12:57:58 - WARNING - __main__ - Slot 2 (Weed Seeds): KEIN Icon gefunden in item_icons! Zeichne Text.
2025-04-14 12:57:58 - WARNING - __main__ - Slot 0 (Blumentopf): KEIN Icon gefunden in item_icons! Zeichne Text.
2025-04-14 12:57:58 - WARNING - __main__ - Slot 1 (Sack Erde): KEIN Icon gefunden in item_icons! Zeichne Text.
2025-04-14 12:57:58 - WARNING - __main__ - Slot 2 (Weed Seeds): KEIN Icon gefunden in item_icons! Zeichne Text.
2025-04-14 12:57:58 - WARNING - __main__ - Slot 0 (Blumentopf): KEIN Icon gefunden in item_icons! Zeichne Text.
2025-04-14 12:57:58 - WARNING - __main__ - Slot 1 (Sack Erde): KEIN Icon gefunden in item_icons! Zeichne Text.
2025-04-14 12:57:58 - WARNING - __main__ - Slot 2 (Weed Seeds): KEIN Icon gefunden in item_icons! Zeichne Text.
2025-04-14 12:57:58 - WARNING - __main__ - Slot 0 (Blumentopf): KEIN Icon gefunden in item_icons! Zeichne Text.
2025-04-14 12:57:58 - WARNING - __main__ - Slot 1 (Sack Erde): KEIN Icon gefunden in item_icons! Zeichne Text.
2025-04-14 12:57:58 - WARNING - __main__ - Slot 2 (Weed Seeds): KEIN Icon gefunden in item_icons! Zeichne Text.
2025-04-14 12:57:58 - WARNING - __main__ - Slot 0 (Blumentopf): KEIN Icon gefunden in item_icons! Zeichne Text.
2025-04-14 12:57:58 - WARNING - __main__ - Slot 1 (Sack Erde): KEIN Icon gefunden in item_icons! Zeichne Text.
2025-04-14 12:57:58 - WARNING - __main__ - Slot 2 (Weed Seeds): KEIN Icon gefunden in item_icons! Zeichne Text.
2025-04-14 12:57:58 - WARNING - __main__ - Slot 0 (Blumentopf): KEIN Icon gefunden in item_icons! Zeichne Text.
2025-04-14 12:57:58 - WARNING - __main__ - Slot 1 (Sack Erde): KEIN Icon gefunden in item_icons! Zeichne Text.
2025-04-14 12:57:58 - WARNING - __main__ - Slot 2 (Weed Seeds): KEIN Icon gefunden in item_icons! Zeichne Text.
2025-04-14 12:57:58 - WARNING - __main__ - Slot 0 (Blumentopf): KEIN Icon gefunden in item_icons! Zeichne Text.
2025-04-14 12:57:58 - WARNING - __main__ - Slot 1 (Sack Erde): KEIN Icon gefunden in item_icons! Zeichne Text.
2025-04-14 12:57:58 - WARNING - __main__ - Slot 2 (Weed Seeds): KEIN Icon gefunden in item_icons! Zeichne Text.
2025-04-14 12:57:58 - WARNING - __main__ - Slot 0 (Blumentopf): KEIN Icon gefunden in item_icons! Zeichne Text.
2025-04-14 12:57:58 - WARNING - __main__ - Slot 1 (Sack Erde): KEIN Icon gefunden in item_icons! Zeichne Text.
2025-04-14 12:57:58 - WARNING - __main__ - Slot 2 (Weed Seeds): KEIN Icon gefunden in item_icons! Zeichne Text.
2025-04-14 12:57:58 - WARNING - __main__ - Slot 0 (Blumentopf): KEIN Icon gefunden in item_icons! Zeichne Text.
2025-04-14 12:57:58 - WARNING - __main__ - Slot 1 (Sack Erde): KEIN Icon gefunden in item_icons! Zeichne Text.
2025-04-14 12:57:58 - WARNING - __main__ - Slot 2 (Weed Seeds): KEIN Icon gefunden in item_icons! Zeichne Text.
2025-04-14 12:57:58 - WARNING - __main__ - Slot 0 (Blumentopf): KEIN Icon gefunden in item_icons! Zeichne Text.
2025-04-14 12:57:58 - WARNING - __main__ - Slot 1 (Sack Erde): KEIN Icon gefunden in item_icons! Zeichne Text.
2025-04-14 12:57:58 - WARNING - __main__ - Slot 2 (Weed Seeds): KEIN Icon gefunden in item_icons! Zeichne Text.
2025-04-14 12:57:58 - WARNING - __main__ - Slot 0 (Blumentopf): KEIN Icon gefunden in item_icons! Zeichne Text.
2025-04-14 12:57:58 - WARNING - __main__ - Slot 1 (Sack Erde): KEIN Icon gefunden in item_icons! Zeichne Text.
2025-04-14 12:57:58 - WARNING - __main__ - Slot 2 (Weed Seeds): KEIN Icon gefunden in item_icons! Zeichne Text.
2025-04-14 12:57:58 - WARNING - __main__ - Slot 0 (Blumentopf): KEIN Icon gefunden in item_icons! Zeichne Text.
2025-04-14 12:57:58 - WARNING - __main__ - Slot 1 (Sack Erde): KEIN Icon gefunden in item_icons! Zeichne Text.
2025-04-14 12:57:58 - WARNING - __main__ - Slot 2 (Weed Seeds): KEIN Icon gefunden in item_icons! Zeichne Text.
2025-04-14 12:57:58 - WARNING - __main__ - Slot 0 (Blumentopf): KEIN Icon gefunden in item_icons! Zeichne Text.
2025-04-14 12:57:58 - WARNING - __main__ - Slot 1 (Sack Erde): KEIN Icon gefunden in item_icons! Zeichne Text.
2025-04-14 12:57:58 - WARNING - __main__ - Slot 2 (Weed Seeds): KEIN Icon gefunden in item_icons! Zeichne Text.
2025-04-14 12:57:58 - WARNING - __main__ - Slot 0 (Blumentopf): KEIN Icon gefunden in item_icons! Zeichne Text.
2025-04-14 12:57:58 - WARNING - __main__ - Slot 1 (Sack Erde): KEIN Icon gefunden in item_icons! Zeichne Text.
2025-04-14 12:57:58 - WARNING - __main__ - Slot 2 (Weed Seeds): KEIN Icon gefunden in item_icons! Zeichne Text.
2025-04-14 12:57:58 - WARNING - __main__ - Slot 0 (Blumentopf): KEIN Icon gefunden in item_icons! Zeichne Text.
2025-04-14 12:57:58 - WARNING - __main__ - Slot 1 (Sack Erde): KEIN Icon gefunden in item_icons! Zeichne Text.
2025-04-14 12:57:58 - WARNING - __main__ - Slot 2 (Weed Seeds): KEIN Icon gefunden in item_icons! Zeichne Text.
2025-04-14 12:57:58 - WARNING - __main__ - Slot 0 (Blumentopf): KEIN Icon gefunden in item_icons! Zeichne Text.
2025-04-14 12:57:58 - WARNING - __main__ - Slot 1 (Sack Erde): KEIN Icon gefunden in item_icons! Zeichne Text.
2025-04-14 12:57:58 - WARNING - __main__ - Slot 2 (Weed Seeds): KEIN Icon gefunden in item_icons! Zeichne Text.
2025-04-14 12:57:58 - WARNING - __main__ - Slot 0 (Blumentopf): KEIN Icon gefunden in item_icons! Zeichne Text.
2025-04-14 12:57:58 - WARNING - __main__ - Slot 1 (Sack Erde): KEIN Icon gefunden in item_icons! Zeichne Text.
2025-04-14 12:57:58 - WARNING - __main__ - Slot 2 (Weed Seeds): KEIN Icon gefunden in item_icons! Zeichne Text.
2025-04-14 12:57:58 - WARNING - __main__ - Slot 0 (Blumentopf): KEIN Icon gefunden in item_icons! Zeichne Text.
2025-04-14 12:57:58 - WARNING - __main__ - Slot 1 (Sack Erde): KEIN Icon gefunden in item_icons! Zeichne Text.
2025-04-14 12:57:58 - WARNING - __main__ - Slot 2 (Weed Seeds): KEIN Icon gefunden in item_icons! Zeichne Text.
2025-04-14 12:57:58 - WARNING - __main__ - Slot 0 (Blumentopf): KEIN Icon gefunden in item_icons! Zeichne Text.
2025-04-14 12:57:58 - WARNING - __main__ - Slot 1 (Sack Erde): KEIN Icon gefunden in item_icons! Zeichne Text.
2025-04-14 12:57:58 - WARNING - __main__ - Slot 2 (Weed Seeds): KEIN Icon gefunden in item_icons! Zeichne Text.
2025-04-14 12:57:58 - WARNING - __main__ - Slot 0 (Blumentopf): KEIN Icon gefunden in item_icons! Zeichne Text.
2025-04-14 12:57:58 - WARNING - __main__ - Slot 1 (Sack Erde): KEIN Icon gefunden in item_icons! Zeichne Text.
2025-04-14 12:57:58 - WARNING - __main__ - Slot 2 (Weed Seeds): KEIN Icon gefunden in item_icons! Zeichne Text.
2025-04-14 12:57:58 - WARNING - __main__ - Slot 0 (Blumentopf): KEIN Icon gefunden in item_icons! Zeichne Text.
2025-04-14 12:57:58 - WARNING - __main__ - Slot 1 (Sack Erde): KEIN Icon gefunden in item_icons! Zeichne Text.
2025-04-14 12:57:58 - WARNING - __main__ - Slot 2 (Weed Seeds): KEIN Icon gefunden in item_icons! Zeichne Text.
2025-04-14 12:57:58 - WARNING - __main__ - Slot 0 (Blumentopf): KEIN Icon gefunden in item_icons! Zeichne Text.
2025-04-14 12:57:58 - WARNING - __main__ - Slot 1 (Sack Erde): KEIN Icon gefunden in item_icons! Zeichne Text.
2025-04-14 12:57:58 - WARNING - __main__ - Slot 2 (Weed Seeds): KEIN Icon gefunden in item_icons! Zeichne Text.
2025-04-14 12:57:58 - WARNING - __main__ - Slot 0 (Blumentopf): KEIN Icon gefunden in item_icons! Zeichne Text.
2025-04-14 12:57:58 - WARNING - __main__ - Slot 1 (Sack Erde): KEIN Icon gefunden in item_icons! Zeichne Text.
2025-04-14 12:57:58 - WARNING - __main__ - Slot 2 (Weed Seeds): KEIN Icon gefunden in item_icons! Zeichne Text.
2025-04-14 12:57:58 - WARNING - __main__ - Slot 0 (Blumentopf): KEIN Icon gefunden in item_icons! Zeichne Text.
2025-04-14 12:57:58 - WARNING - __main__ - Slot 1 (Sack Erde): KEIN Icon gefunden in item_icons! Zeichne Text.
2025-04-14 12:57:58 - WARNING - __main__ - Slot 2 (Weed Seeds): KEIN Icon gefunden in item_icons! Zeichne Text.
2025-04-14 12:57:58 - WARNING - __main__ - Slot 0 (Blumentopf): KEIN Icon gefunden in item_icons! Zeichne Text.
2025-04-14 12:57:58 - WARNING - __main__ - Slot 1 (Sack Erde): KEIN Icon gefunden in item_icons! Zeichne Text.
2025-04-14 12:57:58 - WARNING - __main__ - Slot 2 (Weed Seeds): KEIN Icon gefunden in item_icons! Zeichne Text.
2025-04-14 12:57:58 - WARNING - __main__ - Slot 0 (Blumentopf): KEIN Icon gefunden in item_icons! Zeichne Text.
2025-04-14 12:57:58 - WARNING - __main__ - Slot 1 (Sack Erde): KEIN Icon gefunden in item_icons! Zeichne Text.
2025-04-14 12:57:58 - WARNING - __main__ - Slot 2 (Weed Seeds): KEIN Icon gefunden in item_icons! Zeichne Text.
2025-04-14 12:57:58 - WARNING - __main__ - Slot 0 (Blumentopf): KEIN Icon gefunden in item_icons! Zeichne Text.
2025-04-14 12:57:58 - WARNING - __main__ - Slot 1 (Sack Erde): KEIN Icon gefunden in item_icons! Zeichne Text.
2025-04-14 12:57:58 - WARNING - __main__ - Slot 2 (Weed Seeds): KEIN Icon gefunden in item_icons! Zeichne Text.
2025-04-14 12:57:58 - WARNING - __main__ - Slot 0 (Blumentopf): KEIN Icon gefunden in item_icons! Zeichne Text.
2025-04-14 12:57:58 - WARNING - __main__ - Slot 1 (Sack Erde): KEIN Icon gefunden in item_icons! Zeichne Text.
2025-04-14 12:57:58 - WARNING - __main__ - Slot 2 (Weed Seeds): KEIN Icon gefunden in item_icons! Zeichne Text.
2025-04-14 12:57:58 - WARNING - __main__ - Slot 0 (Blumentopf): KEIN Icon gefunden in item_icons! Zeichne Text.
2025-04-14 12:57:58 - WARNING - __main__ - Slot 1 (Sack Erde): KEIN Icon gefunden in item_icons! Zeichne Text.
2025-04-14 12:57:58 - WARNING - __main__ - Slot 2 (Weed Seeds): KEIN Icon gefunden in item_icons! Zeichne Text.
2025-04-14 12:57:58 - WARNING - __main__ - Slot 0 (Blumentopf): KEIN Icon gefunden in item_icons! Zeichne Text.
2025-04-14 12:57:58 - WARNING - __main__ - Slot 1 (Sack Erde): KEIN Icon gefunden in item_icons! Zeichne Text.
2025-04-14 12:57:58 - WARNING - __main__ - Slot 2 (Weed Seeds): KEIN Icon gefunden in item_icons! Zeichne Text.
2025-04-14 12:57:58 - WARNING - __main__ - Slot 0 (Blumentopf): KEIN Icon gefunden in item_icons! Zeichne Text.
2025-04-14 12:57:58 - WARNING - __main__ - Slot 1 (Sack Erde): KEIN Icon gefunden in item_icons! Zeichne Text.
2025-04-14 12:57:58 - WARNING - __main__ - Slot 2 (Weed Seeds): KEIN Icon gefunden in item_icons! Zeichne Text.
2025-04-14 12:57:58 - WARNING - __main__ - Slot 0 (Blumentopf): KEIN Icon gefunden in item_icons! Zeichne Text.
2025-04-14 12:57:58 - WARNING - __main__ - Slot 1 (Sack Erde): KEIN Icon gefunden in item_icons! Zeichne Text.
2025-04-14 12:57:58 - WARNING - __main__ - Slot 2 (Weed Seeds): KEIN Icon gefunden in item_icons! Zeichne Text.
2025-04-14 12:57:58 - WARNING - __main__ - Slot 0 (Blumentopf): KEIN Icon gefunden in item_icons! Zeichne Text.
2025-04-14 12:57:58 - WARNING - __main__ - Slot 1 (Sack Erde): KEIN Icon gefunden in item_icons! Zeichne Text.
2025-04-14 12:57:58 - WARNING - __main__ - Slot 2 (Weed Seeds): KEIN Icon gefunden in item_icons! Zeichne Text.
2025-04-14 12:57:58 - WARNING - __main__ - Slot 0 (Blumentopf): KEIN Icon gefunden in item_icons! Zeichne Text.
2025-04-14 12:57:58 - WARNING - __main__ - Slot 1 (Sack Erde): KEIN Icon gefunden in item_icons! Zeichne Text.
2025-04-14 12:57:58 - WARNING - __main__ - Slot 2 (Weed Seeds): KEIN Icon gefunden in item_icons! Zeichne Text.
2025-04-14 12:57:58 - WARNING - __main__ - Slot 0 (Blumentopf): KEIN Icon gefunden in item_icons! Zeichne Text.
2025-04-14 12:57:58 - WARNING - __main__ - Slot 1 (Sack Erde): KEIN Icon gefunden in item_icons! Zeichne Text.
2025-04-14 12:57:58 - WARNING - __main__ - Slot 2 (Weed Seeds): KEIN Icon gefunden in item_icons! Zeichne Text.
2025-04-14 12:57:58 - WARNING - __main__ - Slot 0 (Blumentopf): KEIN Icon gefunden in item_icons! Zeichne Text.
2025-04-14 12:57:58 - WARNING - __main__ - Slot 1 (Sack Erde): KEIN Icon gefunden in item_icons! Zeichne Text.
2025-04-14 12:57:58 - WARNING - __main__ - Slot 2 (Weed Seeds): KEIN Icon gefunden in item_icons! Zeichne Text.
2025-04-14 12:57:58 - WARNING - __main__ - Slot 0 (Blumentopf): KEIN Icon gefunden in item_icons! Zeichne Text.
2025-04-14 12:57:58 - WARNING - __main__ - Slot 1 (Sack Erde): KEIN Icon gefunden in item_icons! Zeichne Text.
2025-04-14 12:57:58 - WARNING - __main__ - Slot 2 (Weed Seeds): KEIN Icon gefunden in item_icons! Zeichne Text.
2025-04-14 12:57:58 - WARNING - __main__ - Slot 0 (Blumentopf): KEIN Icon gefunden in item_icons! Zeichne Text.
2025-04-14 12:57:58 - WARNING - __main__ - Slot 1 (Sack Erde): KEIN Icon gefunden in item_icons! Zeichne Text.
2025-04-14 12:57:58 - WARNING - __main__ - Slot 2 (Weed Seeds): KEIN Icon gefunden in item_icons! Zeichne Text.
2025-04-14 12:57:58 - WARNING - __main__ - Slot 0 (Blumentopf): KEIN Icon gefunden in item_icons! Zeichne Text.
2025-04-14 12:57:58 - WARNING - __main__ - Slot 1 (Sack Erde): KEIN Icon gefunden in item_icons! Zeichne Text.
2025-04-14 12:57:58 - WARNING - __main__ - Slot 2 (Weed Seeds): KEIN Icon gefunden in item_icons! Zeichne Text.
2025-04-14 12:57:58 - WARNING - __main__ - Slot 0 (Blumentopf): KEIN Icon gefunden in item_icons! Zeichne Text.
2025-04-14 12:57:58 - WARNING - __main__ - Slot 1 (Sack Erde): KEIN Icon gefunden in item_icons! Zeichne Text.
2025-04-14 12:57:58 - WARNING - __main__ - Slot 2 (Weed Seeds): KEIN Icon gefunden in item_icons! Zeichne Text.
2025-04-14 12:57:58 - WARNING - __main__ - Slot 0 (Blumentopf): KEIN Icon gefunden in item_icons! Zeichne Text.
2025-04-14 12:57:58 - WARNING - __main__ - Slot 1 (Sack Erde): KEIN Icon gefunden in item_icons! Zeichne Text.
2025-04-14 12:57:58 - WARNING - __main__ - Slot 2 (Weed Seeds): KEIN Icon gefunden in item_icons! Zeichne Text.
2025-04-14 12:57:58 - WARNING - __main__ - Slot 0 (Blumentopf): KEIN Icon gefunden in item_icons! Zeichne Text.
2025-04-14 12:57:58 - WARNING - __main__ - Slot 1 (Sack Erde): KEIN Icon gefunden in item_icons! Zeichne Text.
2025-04-14 12:57:58 - WARNING - __main__ - Slot 2 (Weed Seeds): KEIN Icon gefunden in item_icons! Zeichne Text.
2025-04-14 12:57:58 - WARNING - __main__ - Slot 0 (Blumentopf): KEIN Icon gefunden in item_icons! Zeichne Text.
2025-04-14 12:57:58 - WARNING - __main__ - Slot 1 (Sack Erde): KEIN Icon gefunden in item_icons! Zeichne Text.
2025-04-14 12:57:58 - WARNING - __main__ - Slot 2 (Weed Seeds): KEIN Icon gefunden in item_icons! Zeichne Text.
2025-04-14 12:57:59 - WARNING - __main__ - Slot 0 (Blumentopf): KEIN Icon gefunden in item_icons! Zeichne Text.
2025-04-14 12:57:59 - WARNING - __main__ - Slot 1 (Sack Erde): KEIN Icon gefunden in item_icons! Zeichne Text.
2025-04-14 12:57:59 - WARNING - __main__ - Slot 2 (Weed Seeds): KEIN Icon gefunden in item_icons! Zeichne Text.
2025-04-14 12:57:59 - WARNING - __main__ - Slot 0 (Blumentopf): KEIN Icon gefunden in item_icons! Zeichne Text.
2025-04-14 12:57:59 - WARNING - __main__ - Slot 1 (Sack Erde): KEIN Icon gefunden in item_icons! Zeichne Text.
2025-04-14 12:57:59 - WARNING - __main__ - Slot 2 (Weed Seeds): KEIN Icon gefunden in item_icons! Zeichne Text.
2025-04-14 12:57:59 - WARNING - __main__ - Slot 0 (Blumentopf): KEIN Icon gefunden in item_icons! Zeichne Text.
2025-04-14 12:57:59 - WARNING - __main__ - Slot 1 (Sack Erde): KEIN Icon gefunden in item_icons! Zeichne Text.
2025-04-14 12:57:59 - WARNING - __main__ - Slot 2 (Weed Seeds): KEIN Icon gefunden in item_icons! Zeichne Text.
2025-04-14 12:57:59 - WARNING - __main__ - Slot 0 (Blumentopf): KEIN Icon gefunden in item_icons! Zeichne Text.
2025-04-14 12:57:59 - WARNING - __main__ - Slot 1 (Sack Erde): KEIN Icon gefunden in item_icons! Zeichne Text.
2025-04-14 12:57:59 - WARNING - __main__ - Slot 2 (Weed Seeds): KEIN Icon gefunden in item_icons! Zeichne Text.
2025-04-14 12:57:59 - WARNING - __main__ - Slot 0 (Blumentopf): KEIN Icon gefunden in item_icons! Zeichne Text.
2025-04-14 12:57:59 - WARNING - __main__ - Slot 1 (Sack Erde): KEIN Icon gefunden in item_icons! Zeichne Text.
2025-04-14 12:57:59 - WARNING - __main__ - Slot 2 (Weed Seeds): KEIN Icon gefunden in item_icons! Zeichne Text.
2025-04-14 12:57:59 - WARNING - __main__ - Slot 0 (Blumentopf): KEIN Icon gefunden in item_icons! Zeichne Text.
2025-04-14 12:57:59 - WARNING - __main__ - Slot 1 (Sack Erde): KEIN Icon gefunden in item_icons! Zeichne Text.
2025-04-14 12:57:59 - WARNING - __main__ - Slot 2 (Weed Seeds): KEIN Icon gefunden in item_icons! Zeichne Text.
2025-04-14 12:57:59 - WARNING - __main__ - Slot 0 (Blumentopf): KEIN Icon gefunden in item_icons! Zeichne Text.
2025-04-14 12:57:59 - WARNING - __main__ - Slot 1 (Sack Erde): KEIN Icon gefunden in item_icons! Zeichne Text.
2025-04-14 12:57:59 - WARNING - __main__ - Slot 2 (Weed Seeds): KEIN Icon gefunden in item_icons! Zeichne Text.
2025-04-14 12:57:59 - WARNING - __main__ - Slot 0 (Blumentopf): KEIN Icon gefunden in item_icons! Zeichne Text.
2025-04-14 12:57:59 - WARNING - __main__ - Slot 1 (Sack Erde): KEIN Icon gefunden in item_icons! Zeichne Text.
2025-04-14 12:57:59 - WARNING - __main__ - Slot 2 (Weed Seeds): KEIN Icon gefunden in item_icons! Zeichne Text.
2025-04-14 12:57:59 - WARNING - __main__ - Slot 0 (Blumentopf): KEIN Icon gefunden in item_icons! Zeichne Text.
2025-04-14 12:57:59 - WARNING - __main__ - Slot 1 (Sack Erde): KEIN Icon gefunden in item_icons! Zeichne Text.
2025-04-14 12:57:59 - WARNING - __main__ - Slot 2 (Weed Seeds): KEIN Icon gefunden in item_icons! Zeichne Text.
2025-04-14 12:57:59 - WARNING - __main__ - Slot 0 (Blumentopf): KEIN Icon gefunden in item_icons! Zeichne Text.
2025-04-14 12:57:59 - WARNING - __main__ - Slot 1 (Sack Erde): KEIN Icon gefunden in item_icons! Zeichne Text.
2025-04-14 12:57:59 - WARNING - __main__ - Slot 2 (Weed Seeds): KEIN Icon gefunden in item_icons! Zeichne Text.
2025-04-14 12:57:59 - WARNING - __main__ - Slot 0 (Blumentopf): KEIN Icon gefunden in item_icons! Zeichne Text.
2025-04-14 12:57:59 - WARNING - __main__ - Slot 1 (Sack Erde): KEIN Icon gefunden in item_icons! Zeichne Text.
2025-04-14 12:57:59 - WARNING - __main__ - Slot 2 (Weed Seeds): KEIN Icon gefunden in item_icons! Zeichne Text.
2025-04-14 12:57:59 - WARNING - __main__ - Slot 0 (Blumentopf): KEIN Icon gefunden in item_icons! Zeichne Text.
2025-04-14 12:57:59 - WARNING - __main__ - Slot 1 (Sack Erde): KEIN Icon gefunden in item_icons! Zeichne Text.
2025-04-14 12:57:59 - WARNING - __main__ - Slot 2 (Weed Seeds): KEIN Icon gefunden in item_icons! Zeichne Text.
2025-04-14 12:57:59 - WARNING - __main__ - Slot 0 (Blumentopf): KEIN Icon gefunden in item_icons! Zeichne Text.
2025-04-14 12:57:59 - WARNING - __main__ - Slot 1 (Sack Erde): KEIN Icon gefunden in item_icons! Zeichne Text.
2025-04-14 12:57:59 - WARNING - __main__ - Slot 2 (Weed Seeds): KEIN Icon gefunden in item_icons! Zeichne Text.
2025-04-14 12:57:59 - WARNING - __main__ - Slot 0 (Blumentopf): KEIN Icon gefunden in item_icons! Zeichne Text.
2025-04-14 12:57:59 - WARNING - __main__ - Slot 1 (Sack Erde): KEIN Icon gefunden in item_icons! Zeichne Text.
2025-04-14 12:57:59 - WARNING - __main__ - Slot 2 (Weed Seeds): KEIN Icon gefunden in item_icons! Zeichne Text.
2025-04-14 12:57:59 - WARNING - __main__ - Slot 0 (Blumentopf): KEIN Icon gefunden in item_icons! Zeichne Text.
2025-04-14 12:57:59 - WARNING - __main__ - Slot 1 (Sack Erde): KEIN Icon gefunden in item_icons! Zeichne Text.
2025-04-14 12:57:59 - WARNING - __main__ - Slot 2 (Weed Seeds): KEIN Icon gefunden in item_icons! Zeichne Text.
2025-04-14 12:57:59 - WARNING - __main__ - Slot 0 (Blumentopf): KEIN Icon gefunden in item_icons! Zeichne Text.
2025-04-14 12:57:59 - WARNING - __main__ - Slot 1 (Sack Erde): KEIN Icon gefunden in item_icons! Zeichne Text.
2025-04-14 12:57:59 - WARNING - __main__ - Slot 2 (Weed Seeds): KEIN Icon gefunden in item_icons! Zeichne Text.
2025-04-14 12:57:59 - WARNING - __main__ - Slot 0 (Blumentopf): KEIN Icon gefunden in item_icons! Zeichne Text.
2025-04-14 12:57:59 - WARNING - __main__ - Slot 1 (Sack Erde): KEIN Icon gefunden in item_icons! Zeichne Text.
2025-04-14 12:57:59 - WARNING - __main__ - Slot 2 (Weed Seeds): KEIN Icon gefunden in item_icons! Zeichne Text.
2025-04-14 12:57:59 - WARNING - __main__ - Slot 0 (Blumentopf): KEIN Icon gefunden in item_icons! Zeichne Text.
2025-04-14 12:57:59 - WARNING - __main__ - Slot 1 (Sack Erde): KEIN Icon gefunden in item_icons! Zeichne Text.
2025-04-14 12:57:59 - WARNING - __main__ - Slot 2 (Weed Seeds): KEIN Icon gefunden in item_icons! Zeichne Text.
2025-04-14 12:57:59 - WARNING - __main__ - Slot 0 (Blumentopf): KEIN Icon gefunden in item_icons! Zeichne Text.
2025-04-14 12:57:59 - WARNING - __main__ - Slot 1 (Sack Erde): KEIN Icon gefunden in item_icons! Zeichne Text.
2025-04-14 12:57:59 - WARNING - __main__ - Slot 2 (Weed Seeds): KEIN Icon gefunden in item_icons! Zeichne Text.
2025-04-14 12:57:59 - WARNING - __main__ - Slot 0 (Blumentopf): KEIN Icon gefunden in item_icons! Zeichne Text.
2025-04-14 12:57:59 - WARNING - __main__ - Slot 1 (Sack Erde): KEIN Icon gefunden in item_icons! Zeichne Text.
2025-04-14 12:57:59 - WARNING - __main__ - Slot 2 (Weed Seeds): KEIN Icon gefunden in item_icons! Zeichne Text.
2025-04-14 12:57:59 - WARNING - __main__ - Slot 0 (Blumentopf): KEIN Icon gefunden in item_icons! Zeichne Text.
2025-04-14 12:57:59 - WARNING - __main__ - Slot 1 (Sack Erde): KEIN Icon gefunden in item_icons! Zeichne Text.
2025-04-14 12:57:59 - WARNING - __main__ - Slot 2 (Weed Seeds): KEIN Icon gefunden in item_icons! Zeichne Text.
2025-04-14 12:57:59 - WARNING - __main__ - Slot 0 (Blumentopf): KEIN Icon gefunden in item_icons! Zeichne Text.
2025-04-14 12:57:59 - WARNING - __main__ - Slot 1 (Sack Erde): KEIN Icon gefunden in item_icons! Zeichne Text.
2025-04-14 12:57:59 - WARNING - __main__ - Slot 2 (Weed Seeds): KEIN Icon gefunden in item_icons! Zeichne Text.
2025-04-14 12:57:59 - WARNING - __main__ - Slot 0 (Blumentopf): KEIN Icon gefunden in item_icons! Zeichne Text.
2025-04-14 12:57:59 - WARNING - __main__ - Slot 1 (Sack Erde): KEIN Icon gefunden in item_icons! Zeichne Text.
2025-04-14 12:57:59 - WARNING - __main__ - Slot 2 (Weed Seeds): KEIN Icon gefunden in item_icons! Zeichne Text.
2025-04-14 12:57:59 - WARNING - __main__ - Slot 0 (Blumentopf): KEIN Icon gefunden in item_icons! Zeichne Text.
2025-04-14 12:57:59 - WARNING - __main__ - Slot 1 (Sack Erde): KEIN Icon gefunden in item_icons! Zeichne Text.
2025-04-14 12:57:59 - WARNING - __main__ - Slot 2 (Weed Seeds): KEIN Icon gefunden in item_icons! Zeichne Text.
2025-04-14 12:57:59 - WARNING - __main__ - Slot 0 (Blumentopf): KEIN Icon gefunden in item_icons! Zeichne Text.
2025-04-14 12:57:59 - WARNING - __main__ - Slot 1 (Sack Erde): KEIN Icon gefunden in item_icons! Zeichne Text.
2025-04-14 12:57:59 - WARNING - __main__ - Slot 2 (Weed Seeds): KEIN Icon gefunden in item_icons! Zeichne Text.
2025-04-14 12:57:59 - WARNING - __main__ - Slot 0 (Blumentopf): KEIN Icon gefunden in item_icons! Zeichne Text.
2025-04-14 12:57:59 - WARNING - __main__ - Slot 1 (Sack Erde): KEIN Icon gefunden in item_icons! Zeichne Text.
2025-04-14 12:57:59 - WARNING - __main__ - Slot 2 (Weed Seeds): KEIN Icon gefunden in item_icons! Zeichne Text.
2025-04-14 12:57:59 - WARNING - __main__ - Slot 0 (Blumentopf): KEIN Icon gefunden in item_icons! Zeichne Text.
2025-04-14 12:57:59 - WARNING - __main__ - Slot 1 (Sack Erde): KEIN Icon gefunden in item_icons! Zeichne Text.
2025-04-14 12:57:59 - WARNING - __main__ - Slot 2 (Weed Seeds): KEIN Icon gefunden in item_icons! Zeichne Text.
2025-04-14 12:57:59 - WARNING - __main__ - Slot 0 (Blumentopf): KEIN Icon gefunden in item_icons! Zeichne Text.
2025-04-14 12:57:59 - WARNING - __main__ - Slot 1 (Sack Erde): KEIN Icon gefunden in item_icons! Zeichne Text.
2025-04-14 12:57:59 - WARNING - __main__ - Slot 2 (Weed Seeds): KEIN Icon gefunden in item_icons! Zeichne Text.
2025-04-14 12:57:59 - WARNING - __main__ - Slot 0 (Blumentopf): KEIN Icon gefunden in item_icons! Zeichne Text.
2025-04-14 12:57:59 - WARNING - __main__ - Slot 1 (Sack Erde): KEIN Icon gefunden in item_icons! Zeichne Text.
2025-04-14 12:57:59 - WARNING - __main__ - Slot 2 (Weed Seeds): KEIN Icon gefunden in item_icons! Zeichne Text.
2025-04-14 12:57:59 - WARNING - __main__ - Slot 0 (Blumentopf): KEIN Icon gefunden in item_icons! Zeichne Text.
2025-04-14 12:57:59 - WARNING - __main__ - Slot 1 (Sack Erde): KEIN Icon gefunden in item_icons! Zeichne Text.
2025-04-14 12:57:59 - WARNING - __main__ - Slot 2 (Weed Seeds): KEIN Icon gefunden in item_icons! Zeichne Text.
2025-04-14 12:57:59 - WARNING - __main__ - Slot 0 (Blumentopf): KEIN Icon gefunden in item_icons! Zeichne Text.
2025-04-14 12:57:59 - WARNING - __main__ - Slot 1 (Sack Erde): KEIN Icon gefunden in item_icons! Zeichne Text.
2025-04-14 12:57:59 - WARNING - __main__ - Slot 2 (Weed Seeds): KEIN Icon gefunden in item_icons! Zeichne Text.
2025-04-14 12:57:59 - WARNING - __main__ - Slot 0 (Blumentopf): KEIN Icon gefunden in item_icons! Zeichne Text.
2025-04-14 12:57:59 - WARNING - __main__ - Slot 1 (Sack Erde): KEIN Icon gefunden in item_icons! Zeichne Text.
2025-04-14 12:57:59 - WARNING - __main__ - Slot 2 (Weed Seeds): KEIN Icon gefunden in item_icons! Zeichne Text.
2025-04-14 12:57:59 - WARNING - __main__ - Slot 0 (Blumentopf): KEIN Icon gefunden in item_icons! Zeichne Text.
2025-04-14 12:57:59 - WARNING - __main__ - Slot 1 (Sack Erde): KEIN Icon gefunden in item_icons! Zeichne Text.
2025-04-14 12:57:59 - WARNING - __main__ - Slot 2 (Weed Seeds): KEIN Icon gefunden in item_icons! Zeichne Text.
2025-04-14 12:57:59 - WARNING - __main__ - Slot 0 (Blumentopf): KEIN Icon gefunden in item_icons! Zeichne Text.
2025-04-14 12:57:59 - WARNING - __main__ - Slot 1 (Sack Erde): KEIN Icon gefunden in item_icons! Zeichne Text.
2025-04-14 12:57:59 - WARNING - __main__ - Slot 2 (Weed Seeds): KEIN Icon gefunden in item_icons! Zeichne Text.
2025-04-14 12:57:59 - WARNING - __main__ - Slot 0 (Blumentopf): KEIN Icon gefunden in item_icons! Zeichne Text.
2025-04-14 12:57:59 - WARNING - __main__ - Slot 1 (Sack Erde): KEIN Icon gefunden in item_icons! Zeichne Text.
2025-04-14 12:57:59 - WARNING - __main__ - Slot 2 (Weed Seeds): KEIN Icon gefunden in item_icons! Zeichne Text.
2025-04-14 12:57:59 - WARNING - __main__ - Slot 0 (Blumentopf): KEIN Icon gefunden in item_icons! Zeichne Text.
2025-04-14 12:57:59 - WARNING - __main__ - Slot 1 (Sack Erde): KEIN Icon gefunden in item_icons! Zeichne Text.
2025-04-14 12:57:59 - WARNING - __main__ - Slot 2 (Weed Seeds): KEIN Icon gefunden in item_icons! Zeichne Text.
2025-04-14 12:57:59 - WARNING - __main__ - Slot 0 (Blumentopf): KEIN Icon gefunden in item_icons! Zeichne Text.
2025-04-14 12:57:59 - WARNING - __main__ - Slot 1 (Sack Erde): KEIN Icon gefunden in item_icons! Zeichne Text.
2025-04-14 12:57:59 - WARNING - __main__ - Slot 2 (Weed Seeds): KEIN Icon gefunden in item_icons! Zeichne Text.
2025-04-14 12:57:59 - WARNING - __main__ - Slot 0 (Blumentopf): KEIN Icon gefunden in item_icons! Zeichne Text.
2025-04-14 12:57:59 - WARNING - __main__ - Slot 1 (Sack Erde): KEIN Icon gefunden in item_icons! Zeichne Text.
2025-04-14 12:57:59 - WARNING - __main__ - Slot 2 (Weed Seeds): KEIN Icon gefunden in item_icons! Zeichne Text.
2025-04-14 12:57:59 - WARNING - __main__ - Slot 0 (Blumentopf): KEIN Icon gefunden in item_icons! Zeichne Text.
2025-04-14 12:57:59 - WARNING - __main__ - Slot 1 (Sack Erde): KEIN Icon gefunden in item_icons! Zeichne Text.
2025-04-14 12:57:59 - WARNING - __main__ - Slot 2 (Weed Seeds): KEIN Icon gefunden in item_icons! Zeichne Text.
2025-04-14 12:57:59 - WARNING - __main__ - Slot 0 (Blumentopf): KEIN Icon gefunden in item_icons! Zeichne Text.
2025-04-14 12:57:59 - WARNING - __main__ - Slot 1 (Sack Erde): KEIN Icon gefunden in item_icons! Zeichne Text.
2025-04-14 12:57:59 - WARNING - __main__ - Slot 2 (Weed Seeds): KEIN Icon gefunden in item_icons! Zeichne Text.
2025-04-14 12:57:59 - WARNING - __main__ - Slot 0 (Blumentopf): KEIN Icon gefunden in item_icons! Zeichne Text.
2025-04-14 12:57:59 - WARNING - __main__ - Slot 1 (Sack Erde): KEIN Icon gefunden in item_icons! Zeichne Text.
2025-04-14 12:57:59 - WARNING - __main__ - Slot 2 (Weed Seeds): KEIN Icon gefunden in item_icons! Zeichne Text.
2025-04-14 12:57:59 - WARNING - __main__ - Slot 0 (Blumentopf): KEIN Icon gefunden in item_icons! Zeichne Text.
2025-04-14 12:57:59 - WARNING - __main__ - Slot 1 (Sack Erde): KEIN Icon gefunden in item_icons! Zeichne Text.
2025-04-14 12:57:59 - WARNING - __main__ - Slot 2 (Weed Seeds): KEIN Icon gefunden in item_icons! Zeichne Text.
2025-04-14 12:57:59 - WARNING - __main__ - Slot 0 (Blumentopf): KEIN Icon gefunden in item_icons! Zeichne Text.
2025-04-14 12:57:59 - WARNING - __main__ - Slot 1 (Sack Erde): KEIN Icon gefunden in item_icons! Zeichne Text.
2025-04-14 12:57:59 - WARNING - __main__ - Slot 2 (Weed Seeds): KEIN Icon gefunden in item_icons! Zeichne Text.
2025-04-14 12:57:59 - WARNING - __main__ - Slot 0 (Blumentopf): KEIN Icon gefunden in item_icons! Zeichne Text.
2025-04-14 12:57:59 - WARNING - __main__ - Slot 1 (Sack Erde): KEIN Icon gefunden in item_icons! Zeichne Text.
2025-04-14 12:57:59 - WARNING - __main__ - Slot 2 (Weed Seeds): KEIN Icon gefunden in item_icons! Zeichne Text.
2025-04-14 12:57:59 - WARNING - __main__ - Slot 0 (Blumentopf): KEIN Icon gefunden in item_icons! Zeichne Text.
2025-04-14 12:57:59 - WARNING - __main__ - Slot 1 (Sack Erde): KEIN Icon gefunden in item_icons! Zeichne Text.
2025-04-14 12:57:59 - WARNING - __main__ - Slot 2 (Weed Seeds): KEIN Icon gefunden in item_icons! Zeichne Text.
2025-04-14 12:57:59 - WARNING - __main__ - Slot 0 (Blumentopf): KEIN Icon gefunden in item_icons! Zeichne Text.
2025-04-14 12:57:59 - WARNING - __main__ - Slot 1 (Sack Erde): KEIN Icon gefunden in item_icons! Zeichne Text.
2025-04-14 12:57:59 - WARNING - __main__ - Slot 2 (Weed Seeds): KEIN Icon gefunden in item_icons! Zeichne Text.
2025-04-14 12:57:59 - WARNING - __main__ - Slot 0 (Blumentopf): KEIN Icon gefunden in item_icons! Zeichne Text.
2025-04-14 12:57:59 - WARNING - __main__ - Slot 1 (Sack Erde): KEIN Icon gefunden in item_icons! Zeichne Text.
2025-04-14 12:57:59 - WARNING - __main__ - Slot 2 (Weed Seeds): KEIN Icon gefunden in item_icons! Zeichne Text.
2025-04-14 12:57:59 - WARNING - __main__ - Slot 0 (Blumentopf): KEIN Icon gefunden in item_icons! Zeichne Text.
2025-04-14 12:57:59 - WARNING - __main__ - Slot 1 (Sack Erde): KEIN Icon gefunden in item_icons! Zeichne Text.
2025-04-14 12:57:59 - WARNING - __main__ - Slot 2 (Weed Seeds): KEIN Icon gefunden in item_icons! Zeichne Text.
2025-04-14 12:57:59 - WARNING - __main__ - Slot 0 (Blumentopf): KEIN Icon gefunden in item_icons! Zeichne Text.
2025-04-14 12:57:59 - WARNING - __main__ - Slot 1 (Sack Erde): KEIN Icon gefunden in item_icons! Zeichne Text.
2025-04-14 12:57:59 - WARNING - __main__ - Slot 2 (Weed Seeds): KEIN Icon gefunden in item_icons! Zeichne Text.
2025-04-14 12:57:59 - WARNING - __main__ - Slot 0 (Blumentopf): KEIN Icon gefunden in item_icons! Zeichne Text.
2025-04-14 12:57:59 - WARNING - __main__ - Slot 1 (Sack Erde): KEIN Icon gefunden in item_icons! Zeichne Text.
2025-04-14 12:57:59 - WARNING - __main__ - Slot 2 (Weed Seeds): KEIN Icon gefunden in item_icons! Zeichne Text.
2025-04-14 12:57:59 - WARNING - __main__ - Slot 0 (Blumentopf): KEIN Icon gefunden in item_icons! Zeichne Text.
2025-04-14 12:57:59 - WARNING - __main__ - Slot 1 (Sack Erde): KEIN Icon gefunden in item_icons! Zeichne Text.
2025-04-14 12:57:59 - WARNING - __main__ - Slot 2 (Weed Seeds): KEIN Icon gefunden in item_icons! Zeichne Text.
2025-04-14 12:57:59 - WARNING - __main__ - Slot 0 (Blumentopf): KEIN Icon gefunden in item_icons! Zeichne Text.
2025-04-14 12:57:59 - WARNING - __main__ - Slot 1 (Sack Erde): KEIN Icon gefunden in item_icons! Zeichne Text.
2025-04-14 12:57:59 - WARNING - __main__ - Slot 2 (Weed Seeds): KEIN Icon gefunden in item_icons! Zeichne Text.
2025-04-14 12:57:59 - WARNING - __main__ - Slot 0 (Blumentopf): KEIN Icon gefunden in item_icons! Zeichne Text.
2025-04-14 12:57:59 - WARNING - __main__ - Slot 1 (Sack Erde): KEIN Icon gefunden in item_icons! Zeichne Text.
2025-04-14 12:57:59 - WARNING - __main__ - Slot 2 (Weed Seeds): KEIN Icon gefunden in item_icons! Zeichne Text.
2025-04-14 12:57:59 - WARNING - __main__ - Slot 0 (Blumentopf): KEIN Icon gefunden in item_icons! Zeichne Text.
2025-04-14 12:57:59 - WARNING - __main__ - Slot 1 (Sack Erde): KEIN Icon gefunden in item_icons! Zeichne Text.
2025-04-14 12:57:59 - WARNING - __main__ - Slot 2 (Weed Seeds): KEIN Icon gefunden in item_icons! Zeichne Text.
2025-04-14 12:57:59 - WARNING - __main__ - Slot 0 (Blumentopf): KEIN Icon gefunden in item_icons! Zeichne Text.
2025-04-14 12:57:59 - WARNING - __main__ - Slot 1 (Sack Erde): KEIN Icon gefunden in item_icons! Zeichne Text.
2025-04-14 12:57:59 - WARNING - __main__ - Slot 2 (Weed Seeds): KEIN Icon gefunden in item_icons! Zeichne Text.
2025-04-14 12:57:59 - WARNING - __main__ - Slot 0 (Blumentopf): KEIN Icon gefunden in item_icons! Zeichne Text.
2025-04-14 12:57:59 - WARNING - __main__ - Slot 1 (Sack Erde): KEIN Icon gefunden in item_icons! Zeichne Text.
2025-04-14 12:57:59 - WARNING - __main__ - Slot 2 (Weed Seeds): KEIN Icon gefunden in item_icons! Zeichne Text.
2025-04-14 12:57:59 - WARNING - __main__ - Slot 0 (Blumentopf): KEIN Icon gefunden in item_icons! Zeichne Text.
2025-04-14 12:57:59 - WARNING - __main__ - Slot 1 (Sack Erde): KEIN Icon gefunden in item_icons! Zeichne Text.
2025-04-14 12:57:59 - WARNING - __main__ - Slot 2 (Weed Seeds): KEIN Icon gefunden in item_icons! Zeichne Text.
2025-04-14 12:57:59 - WARNING - __main__ - Slot 0 (Blumentopf): KEIN Icon gefunden in item_icons! Zeichne Text.
2025-04-14 12:57:59 - WARNING - __main__ - Slot 1 (Sack Erde): KEIN Icon gefunden in item_icons! Zeichne Text.
2025-04-14 12:57:59 - WARNING - __main__ - Slot 2 (Weed Seeds): KEIN Icon gefunden in item_icons! Zeichne Text.
2025-04-14 12:57:59 - WARNING - __main__ - Slot 0 (Blumentopf): KEIN Icon gefunden in item_icons! Zeichne Text.
2025-04-14 12:57:59 - WARNING - __main__ - Slot 1 (Sack Erde): KEIN Icon gefunden in item_icons! Zeichne Text.
2025-04-14 12:57:59 - WARNING - __main__ - Slot 2 (Weed Seeds): KEIN Icon gefunden in item_icons! Zeichne Text.
2025-04-14 12:57:59 - WARNING - __main__ - Slot 0 (Blumentopf): KEIN Icon gefunden in item_icons! Zeichne Text.
2025-04-14 12:57:59 - WARNING - __main__ - Slot 1 (Sack Erde): KEIN Icon gefunden in item_icons! Zeichne Text.
2025-04-14 12:57:59 - WARNING - __main__ - Slot 2 (Weed Seeds): KEIN Icon gefunden in item_icons! Zeichne Text.
2025-04-14 12:57:59 - WARNING - __main__ - Slot 0 (Blumentopf): KEIN Icon gefunden in item_icons! Zeichne Text.
2025-04-14 12:57:59 - WARNING - __main__ - Slot 1 (Sack Erde): KEIN Icon gefunden in item_icons! Zeichne Text.
2025-04-14 12:57:59 - WARNING - __main__ - Slot 2 (Weed Seeds): KEIN Icon gefunden in item_icons! Zeichne Text.
2025-04-14 12:58:00 - WARNING - __main__ - Slot 0 (Blumentopf): KEIN Icon gefunden in item_icons! Zeichne Text.
2025-04-14 12:58:00 - WARNING - __main__ - Slot 1 (Sack Erde): KEIN Icon gefunden in item_icons! Zeichne Text.
2025-04-14 12:58:00 - WARNING - __main__ - Slot 2 (Weed Seeds): KEIN Icon gefunden in item_icons! Zeichne Text.
2025-04-14 12:58:00 - WARNING - __main__ - Slot 0 (Blumentopf): KEIN Icon gefunden in item_icons! Zeichne Text.
2025-04-14 12:58:00 - WARNING - __main__ - Slot 1 (Sack Erde): KEIN Icon gefunden in item_icons! Zeichne Text.
2025-04-14 12:58:00 - WARNING - __main__ - Slot 2 (Weed Seeds): KEIN Icon gefunden in item_icons! Zeichne Text.
2025-04-14 12:58:00 - WARNING - __main__ - Slot 0 (Blumentopf): KEIN Icon gefunden in item_icons! Zeichne Text.
2025-04-14 12:58:00 - WARNING - __main__ - Slot 1 (Sack Erde): KEIN Icon gefunden in item_icons! Zeichne Text.
2025-04-14 12:58:00 - WARNING - __main__ - Slot 2 (Weed Seeds): KEIN Icon gefunden in item_icons! Zeichne Text.
2025-04-14 12:58:00 - WARNING - __main__ - Slot 0 (Blumentopf): KEIN Icon gefunden in item_icons! Zeichne Text.
2025-04-14 12:58:00 - WARNING - __main__ - Slot 1 (Sack Erde): KEIN Icon gefunden in item_icons! Zeichne Text.
2025-04-14 12:58:00 - WARNING - __main__ - Slot 2 (Weed Seeds): KEIN Icon gefunden in item_icons! Zeichne Text.
2025-04-14 12:58:00 - WARNING - __main__ - Slot 0 (Blumentopf): KEIN Icon gefunden in item_icons! Zeichne Text.
2025-04-14 12:58:00 - WARNING - __main__ - Slot 1 (Sack Erde): KEIN Icon gefunden in item_icons! Zeichne Text.
2025-04-14 12:58:00 - WARNING - __main__ - Slot 2 (Weed Seeds): KEIN Icon gefunden in item_icons! Zeichne Text.
2025-04-14 12:58:00 - WARNING - __main__ - Slot 0 (Blumentopf): KEIN Icon gefunden in item_icons! Zeichne Text.
2025-04-14 12:58:00 - WARNING - __main__ - Slot 1 (Sack Erde): KEIN Icon gefunden in item_icons! Zeichne Text.
2025-04-14 12:58:00 - WARNING - __main__ - Slot 2 (Weed Seeds): KEIN Icon gefunden in item_icons! Zeichne Text.
2025-04-14 12:58:00 - WARNING - __main__ - Slot 0 (Blumentopf): KEIN Icon gefunden in item_icons! Zeichne Text.
2025-04-14 12:58:00 - WARNING - __main__ - Slot 1 (Sack Erde): KEIN Icon gefunden in item_icons! Zeichne Text.
2025-04-14 12:58:00 - WARNING - __main__ - Slot 2 (Weed Seeds): KEIN Icon gefunden in item_icons! Zeichne Text.
2025-04-14 12:58:00 - WARNING - __main__ - Slot 0 (Blumentopf): KEIN Icon gefunden in item_icons! Zeichne Text.
2025-04-14 12:58:00 - WARNING - __main__ - Slot 1 (Sack Erde): KEIN Icon gefunden in item_icons! Zeichne Text.
2025-04-14 12:58:00 - WARNING - __main__ - Slot 2 (Weed Seeds): KEIN Icon gefunden in item_icons! Zeichne Text.
2025-04-14 12:58:00 - WARNING - __main__ - Slot 0 (Blumentopf): KEIN Icon gefunden in item_icons! Zeichne Text.
2025-04-14 12:58:00 - WARNING - __main__ - Slot 1 (Sack Erde): KEIN Icon gefunden in item_icons! Zeichne Text.
2025-04-14 12:58:00 - WARNING - __main__ - Slot 2 (Weed Seeds): KEIN Icon gefunden in item_icons! Zeichne Text.
2025-04-14 12:58:00 - WARNING - __main__ - Slot 0 (Blumentopf): KEIN Icon gefunden in item_icons! Zeichne Text.
2025-04-14 12:58:00 - WARNING - __main__ - Slot 1 (Sack Erde): KEIN Icon gefunden in item_icons! Zeichne Text.
2025-04-14 12:58:00 - WARNING - __main__ - Slot 2 (Weed Seeds): KEIN Icon gefunden in item_icons! Zeichne Text.
2025-04-14 12:58:00 - WARNING - __main__ - Slot 0 (Blumentopf): KEIN Icon gefunden in item_icons! Zeichne Text.
2025-04-14 12:58:00 - WARNING - __main__ - Slot 1 (Sack Erde): KEIN Icon gefunden in item_icons! Zeichne Text.
2025-04-14 12:58:00 - WARNING - __main__ - Slot 2 (Weed Seeds): KEIN Icon gefunden in item_icons! Zeichne Text.
2025-04-14 12:58:00 - WARNING - __main__ - Slot 0 (Blumentopf): KEIN Icon gefunden in item_icons! Zeichne Text.
2025-04-14 12:58:00 - WARNING - __main__ - Slot 1 (Sack Erde): KEIN Icon gefunden in item_icons! Zeichne Text.
2025-04-14 12:58:00 - WARNING - __main__ - Slot 2 (Weed Seeds): KEIN Icon gefunden in item_icons! Zeichne Text.
2025-04-14 12:58:00 - WARNING - __main__ - Slot 0 (Blumentopf): KEIN Icon gefunden in item_icons! Zeichne Text.
2025-04-14 12:58:00 - WARNING - __main__ - Slot 1 (Sack Erde): KEIN Icon gefunden in item_icons! Zeichne Text.
2025-04-14 12:58:00 - WARNING - __main__ - Slot 2 (Weed Seeds): KEIN Icon gefunden in item_icons! Zeichne Text.
2025-04-14 12:58:00 - WARNING - __main__ - Slot 0 (Blumentopf): KEIN Icon gefunden in item_icons! Zeichne Text.
2025-04-14 12:58:00 - WARNING - __main__ - Slot 1 (Sack Erde): KEIN Icon gefunden in item_icons! Zeichne Text.
2025-04-14 12:58:00 - WARNING - __main__ - Slot 2 (Weed Seeds): KEIN Icon gefunden in item_icons! Zeichne Text.
2025-04-14 12:58:00 - WARNING - __main__ - Slot 0 (Blumentopf): KEIN Icon gefunden in item_icons! Zeichne Text.
2025-04-14 12:58:00 - WARNING - __main__ - Slot 1 (Sack Erde): KEIN Icon gefunden in item_icons! Zeichne Text.
2025-04-14 12:58:00 - WARNING - __main__ - Slot 2 (Weed Seeds): KEIN Icon gefunden in item_icons! Zeichne Text.
2025-04-14 12:58:00 - WARNING - __main__ - Slot 0 (Blumentopf): KEIN Icon gefunden in item_icons! Zeichne Text.
2025-04-14 12:58:00 - WARNING - __main__ - Slot 1 (Sack Erde): KEIN Icon gefunden in item_icons! Zeichne Text.
2025-04-14 12:58:00 - WARNING - __main__ - Slot 2 (Weed Seeds): KEIN Icon gefunden in item_icons! Zeichne Text.
2025-04-14 12:58:00 - WARNING - __main__ - Slot 0 (Blumentopf): KEIN Icon gefunden in item_icons! Zeichne Text.
2025-04-14 12:58:00 - WARNING - __main__ - Slot 1 (Sack Erde): KEIN Icon gefunden in item_icons! Zeichne Text.
2025-04-14 12:58:00 - WARNING - __main__ - Slot 2 (Weed Seeds): KEIN Icon gefunden in item_icons! Zeichne Text.
2025-04-14 12:58:00 - WARNING - __main__ - Slot 0 (Blumentopf): KEIN Icon gefunden in item_icons! Zeichne Text.
2025-04-14 12:58:00 - WARNING - __main__ - Slot 1 (Sack Erde): KEIN Icon gefunden in item_icons! Zeichne Text.
2025-04-14 12:58:00 - WARNING - __main__ - Slot 2 (Weed Seeds): KEIN Icon gefunden in item_icons! Zeichne Text.
2025-04-14 12:58:00 - WARNING - __main__ - Slot 0 (Blumentopf): KEIN Icon gefunden in item_icons! Zeichne Text.
2025-04-14 12:58:00 - WARNING - __main__ - Slot 1 (Sack Erde): KEIN Icon gefunden in item_icons! Zeichne Text.
2025-04-14 12:58:00 - WARNING - __main__ - Slot 2 (Weed Seeds): KEIN Icon gefunden in item_icons! Zeichne Text.
2025-04-14 12:58:00 - WARNING - __main__ - Slot 0 (Blumentopf): KEIN Icon gefunden in item_icons! Zeichne Text.
2025-04-14 12:58:00 - WARNING - __main__ - Slot 1 (Sack Erde): KEIN Icon gefunden in item_icons! Zeichne Text.
2025-04-14 12:58:00 - WARNING - __main__ - Slot 2 (Weed Seeds): KEIN Icon gefunden in item_icons! Zeichne Text.
2025-04-14 12:58:00 - WARNING - __main__ - Slot 0 (Blumentopf): KEIN Icon gefunden in item_icons! Zeichne Text.
2025-04-14 12:58:00 - WARNING - __main__ - Slot 1 (Sack Erde): KEIN Icon gefunden in item_icons! Zeichne Text.
2025-04-14 12:58:00 - WARNING - __main__ - Slot 2 (Weed Seeds): KEIN Icon gefunden in item_icons! Zeichne Text.
2025-04-14 12:58:00 - WARNING - __main__ - Slot 0 (Blumentopf): KEIN Icon gefunden in item_icons! Zeichne Text.
2025-04-14 12:58:00 - WARNING - __main__ - Slot 1 (Sack Erde): KEIN Icon gefunden in item_icons! Zeichne Text.
2025-04-14 12:58:00 - WARNING - __main__ - Slot 2 (Weed Seeds): KEIN Icon gefunden in item_icons! Zeichne Text.
2025-04-14 12:58:00 - WARNING - __main__ - Slot 0 (Blumentopf): KEIN Icon gefunden in item_icons! Zeichne Text.
2025-04-14 12:58:00 - WARNING - __main__ - Slot 1 (Sack Erde): KEIN Icon gefunden in item_icons! Zeichne Text.
2025-04-14 12:58:00 - WARNING - __main__ - Slot 2 (Weed Seeds): KEIN Icon gefunden in item_icons! Zeichne Text.
2025-04-14 12:58:00 - WARNING - __main__ - Slot 0 (Blumentopf): KEIN Icon gefunden in item_icons! Zeichne Text.
2025-04-14 12:58:00 - WARNING - __main__ - Slot 1 (Sack Erde): KEIN Icon gefunden in item_icons! Zeichne Text.
2025-04-14 12:58:00 - WARNING - __main__ - Slot 2 (Weed Seeds): KEIN Icon gefunden in item_icons! Zeichne Text.
2025-04-14 12:58:00 - WARNING - __main__ - Slot 0 (Blumentopf): KEIN Icon gefunden in item_icons! Zeichne Text.
2025-04-14 12:58:00 - WARNING - __main__ - Slot 1 (Sack Erde): KEIN Icon gefunden in item_icons! Zeichne Text.
2025-04-14 12:58:00 - WARNING - __main__ - Slot 2 (Weed Seeds): KEIN Icon gefunden in item_icons! Zeichne Text.
2025-04-14 12:58:00 - WARNING - __main__ - Slot 0 (Blumentopf): KEIN Icon gefunden in item_icons! Zeichne Text.
2025-04-14 12:58:00 - WARNING - __main__ - Slot 1 (Sack Erde): KEIN Icon gefunden in item_icons! Zeichne Text.
2025-04-14 12:58:00 - WARNING - __main__ - Slot 2 (Weed Seeds): KEIN Icon gefunden in item_icons! Zeichne Text.
2025-04-14 12:58:00 - WARNING - __main__ - Slot 0 (Blumentopf): KEIN Icon gefunden in item_icons! Zeichne Text.
2025-04-14 12:58:00 - WARNING - __main__ - Slot 1 (Sack Erde): KEIN Icon gefunden in item_icons! Zeichne Text.
2025-04-14 12:58:00 - WARNING - __main__ - Slot 2 (Weed Seeds): KEIN Icon gefunden in item_icons! Zeichne Text.
2025-04-14 12:58:00 - WARNING - __main__ - Slot 0 (Blumentopf): KEIN Icon gefunden in item_icons! Zeichne Text.
2025-04-14 12:58:00 - WARNING - __main__ - Slot 1 (Sack Erde): KEIN Icon gefunden in item_icons! Zeichne Text.
2025-04-14 12:58:00 - WARNING - __main__ - Slot 2 (Weed Seeds): KEIN Icon gefunden in item_icons! Zeichne Text.
2025-04-14 12:58:00 - WARNING - __main__ - Slot 0 (Blumentopf): KEIN Icon gefunden in item_icons! Zeichne Text.
2025-04-14 12:58:00 - WARNING - __main__ - Slot 1 (Sack Erde): KEIN Icon gefunden in item_icons! Zeichne Text.
2025-04-14 12:58:00 - WARNING - __main__ - Slot 2 (Weed Seeds): KEIN Icon gefunden in item_icons! Zeichne Text.
2025-04-14 12:58:00 - WARNING - __main__ - Slot 0 (Blumentopf): KEIN Icon gefunden in item_icons! Zeichne Text.
2025-04-14 12:58:00 - WARNING - __main__ - Slot 1 (Sack Erde): KEIN Icon gefunden in item_icons! Zeichne Text.
2025-04-14 12:58:00 - WARNING - __main__ - Slot 2 (Weed Seeds): KEIN Icon gefunden in item_icons! Zeichne Text.
2025-04-14 12:58:00 - WARNING - __main__ - Slot 0 (Blumentopf): KEIN Icon gefunden in item_icons! Zeichne Text.
2025-04-14 12:58:00 - WARNING - __main__ - Slot 1 (Sack Erde): KEIN Icon gefunden in item_icons! Zeichne Text.
2025-04-14 12:58:00 - WARNING - __main__ - Slot 2 (Weed Seeds): KEIN Icon gefunden in item_icons! Zeichne Text.
2025-04-14 12:58:00 - WARNING - __main__ - Slot 0 (Blumentopf): KEIN Icon gefunden in item_icons! Zeichne Text.
2025-04-14 12:58:00 - WARNING - __main__ - Slot 1 (Sack Erde): KEIN Icon gefunden in item_icons! Zeichne Text.
2025-04-14 12:58:00 - WARNING - __main__ - Slot 2 (Weed Seeds): KEIN Icon gefunden in item_icons! Zeichne Text.
2025-04-14 12:58:00 - WARNING - __main__ - Slot 0 (Blumentopf): KEIN Icon gefunden in item_icons! Zeichne Text.
2025-04-14 12:58:00 - WARNING - __main__ - Slot 1 (Sack Erde): KEIN Icon gefunden in item_icons! Zeichne Text.
2025-04-14 12:58:00 - WARNING - __main__ - Slot 2 (Weed Seeds): KEIN Icon gefunden in item_icons! Zeichne Text.
2025-04-14 12:58:00 - WARNING - __main__ - Slot 0 (Blumentopf): KEIN Icon gefunden in item_icons! Zeichne Text.
2025-04-14 12:58:00 - WARNING - __main__ - Slot 1 (Sack Erde): KEIN Icon gefunden in item_icons! Zeichne Text.
2025-04-14 12:58:00 - WARNING - __main__ - Slot 2 (Weed Seeds): KEIN Icon gefunden in item_icons! Zeichne Text.
2025-04-14 12:58:00 - WARNING - __main__ - Slot 0 (Blumentopf): KEIN Icon gefunden in item_icons! Zeichne Text.
2025-04-14 12:58:00 - WARNING - __main__ - Slot 1 (Sack Erde): KEIN Icon gefunden in item_icons! Zeichne Text.
2025-04-14 12:58:00 - WARNING - __main__ - Slot 2 (Weed Seeds): KEIN Icon gefunden in item_icons! Zeichne Text.
2025-04-14 12:58:00 - WARNING - __main__ - Slot 0 (Blumentopf): KEIN Icon gefunden in item_icons! Zeichne Text.
2025-04-14 12:58:00 - WARNING - __main__ - Slot 1 (Sack Erde): KEIN Icon gefunden in item_icons! Zeichne Text.
2025-04-14 12:58:00 - WARNING - __main__ - Slot 2 (Weed Seeds): KEIN Icon gefunden in item_icons! Zeichne Text.
2025-04-14 12:58:00 - WARNING - __main__ - Slot 0 (Blumentopf): KEIN Icon gefunden in item_icons! Zeichne Text.
2025-04-14 12:58:00 - WARNING - __main__ - Slot 1 (Sack Erde): KEIN Icon gefunden in item_icons! Zeichne Text.
2025-04-14 12:58:00 - WARNING - __main__ - Slot 2 (Weed Seeds): KEIN Icon gefunden in item_icons! Zeichne Text.
2025-04-14 12:58:00 - WARNING - __main__ - Slot 0 (Blumentopf): KEIN Icon gefunden in item_icons! Zeichne Text.
2025-04-14 12:58:00 - WARNING - __main__ - Slot 1 (Sack Erde): KEIN Icon gefunden in item_icons! Zeichne Text.
2025-04-14 12:58:00 - WARNING - __main__ - Slot 2 (Weed Seeds): KEIN Icon gefunden in item_icons! Zeichne Text.
2025-04-14 12:58:00 - WARNING - __main__ - Slot 0 (Blumentopf): KEIN Icon gefunden in item_icons! Zeichne Text.
2025-04-14 12:58:00 - WARNING - __main__ - Slot 1 (Sack Erde): KEIN Icon gefunden in item_icons! Zeichne Text.
2025-04-14 12:58:00 - WARNING - __main__ - Slot 2 (Weed Seeds): KEIN Icon gefunden in item_icons! Zeichne Text.
2025-04-14 12:58:00 - WARNING - __main__ - Slot 0 (Blumentopf): KEIN Icon gefunden in item_icons! Zeichne Text.
2025-04-14 12:58:00 - WARNING - __main__ - Slot 1 (Sack Erde): KEIN Icon gefunden in item_icons! Zeichne Text.
2025-04-14 12:58:00 - WARNING - __main__ - Slot 2 (Weed Seeds): KEIN Icon gefunden in item_icons! Zeichne Text.
2025-04-14 12:58:00 - WARNING - __main__ - Slot 0 (Blumentopf): KEIN Icon gefunden in item_icons! Zeichne Text.
2025-04-14 12:58:00 - WARNING - __main__ - Slot 1 (Sack Erde): KEIN Icon gefunden in item_icons! Zeichne Text.
2025-04-14 12:58:00 - WARNING - __main__ - Slot 2 (Weed Seeds): KEIN Icon gefunden in item_icons! Zeichne Text.
2025-04-14 12:58:00 - WARNING - __main__ - Slot 0 (Blumentopf): KEIN Icon gefunden in item_icons! Zeichne Text.
2025-04-14 12:58:00 - WARNING - __main__ - Slot 1 (Sack Erde): KEIN Icon gefunden in item_icons! Zeichne Text.
2025-04-14 12:58:00 - WARNING - __main__ - Slot 2 (Weed Seeds): KEIN Icon gefunden in item_icons! Zeichne Text.
2025-04-14 12:58:00 - WARNING - __main__ - Slot 0 (Blumentopf): KEIN Icon gefunden in item_icons! Zeichne Text.
2025-04-14 12:58:00 - WARNING - __main__ - Slot 1 (Sack Erde): KEIN Icon gefunden in item_icons! Zeichne Text.
2025-04-14 12:58:00 - WARNING - __main__ - Slot 2 (Weed Seeds): KEIN Icon gefunden in item_icons! Zeichne Text.
2025-04-14 12:58:00 - WARNING - __main__ - Slot 0 (Blumentopf): KEIN Icon gefunden in item_icons! Zeichne Text.
2025-04-14 12:58:00 - WARNING - __main__ - Slot 1 (Sack Erde): KEIN Icon gefunden in item_icons! Zeichne Text.
2025-04-14 12:58:00 - WARNING - __main__ - Slot 2 (Weed Seeds): KEIN Icon gefunden in item_icons! Zeichne Text.
2025-04-14 12:58:00 - WARNING - __main__ - Slot 0 (Blumentopf): KEIN Icon gefunden in item_icons! Zeichne Text.
2025-04-14 12:58:00 - WARNING - __main__ - Slot 1 (Sack Erde): KEIN Icon gefunden in item_icons! Zeichne Text.
2025-04-14 12:58:00 - WARNING - __main__ - Slot 2 (Weed Seeds): KEIN Icon gefunden in item_icons! Zeichne Text.
2025-04-14 12:58:00 - WARNING - __main__ - Slot 0 (Blumentopf): KEIN Icon gefunden in item_icons! Zeichne Text.
2025-04-14 12:58:00 - WARNING - __main__ - Slot 1 (Sack Erde): KEIN Icon gefunden in item_icons! Zeichne Text.
2025-04-14 12:58:00 - WARNING - __main__ - Slot 2 (Weed Seeds): KEIN Icon gefunden in item_icons! Zeichne Text.
2025-04-14 12:58:00 - WARNING - __main__ - Slot 0 (Blumentopf): KEIN Icon gefunden in item_icons! Zeichne Text.
2025-04-14 12:58:00 - WARNING - __main__ - Slot 1 (Sack Erde): KEIN Icon gefunden in item_icons! Zeichne Text.
2025-04-14 12:58:00 - WARNING - __main__ - Slot 2 (Weed Seeds): KEIN Icon gefunden in item_icons! Zeichne Text.
2025-04-14 12:58:00 - WARNING - __main__ - Slot 0 (Blumentopf): KEIN Icon gefunden in item_icons! Zeichne Text.
2025-04-14 12:58:00 - WARNING - __main__ - Slot 1 (Sack Erde): KEIN Icon gefunden in item_icons! Zeichne Text.
2025-04-14 12:58:00 - WARNING - __main__ - Slot 2 (Weed Seeds): KEIN Icon gefunden in item_icons! Zeichne Text.
2025-04-14 12:58:00 - WARNING - __main__ - Slot 0 (Blumentopf): KEIN Icon gefunden in item_icons! Zeichne Text.
2025-04-14 12:58:00 - WARNING - __main__ - Slot 1 (Sack Erde): KEIN Icon gefunden in item_icons! Zeichne Text.
2025-04-14 12:58:00 - WARNING - __main__ - Slot 2 (Weed Seeds): KEIN Icon gefunden in item_icons! Zeichne Text.
2025-04-14 12:58:00 - WARNING - __main__ - Slot 0 (Blumentopf): KEIN Icon gefunden in item_icons! Zeichne Text.
2025-04-14 12:58:00 - WARNING - __main__ - Slot 1 (Sack Erde): KEIN Icon gefunden in item_icons! Zeichne Text.
2025-04-14 12:58:00 - WARNING - __main__ - Slot 2 (Weed Seeds): KEIN Icon gefunden in item_icons! Zeichne Text.
2025-04-14 12:58:00 - WARNING - __main__ - Slot 0 (Blumentopf): KEIN Icon gefunden in item_icons! Zeichne Text.
2025-04-14 12:58:00 - WARNING - __main__ - Slot 1 (Sack Erde): KEIN Icon gefunden in item_icons! Zeichne Text.
2025-04-14 12:58:00 - WARNING - __main__ - Slot 2 (Weed Seeds): KEIN Icon gefunden in item_icons! Zeichne Text.
2025-04-14 12:58:00 - WARNING - __main__ - Slot 0 (Blumentopf): KEIN Icon gefunden in item_icons! Zeichne Text.
2025-04-14 12:58:00 - WARNING - __main__ - Slot 1 (Sack Erde): KEIN Icon gefunden in item_icons! Zeichne Text.
2025-04-14 12:58:00 - WARNING - __main__ - Slot 2 (Weed Seeds): KEIN Icon gefunden in item_icons! Zeichne Text.
2025-04-14 12:58:00 - WARNING - __main__ - Slot 0 (Blumentopf): KEIN Icon gefunden in item_icons! Zeichne Text.
2025-04-14 12:58:00 - WARNING - __main__ - Slot 1 (Sack Erde): KEIN Icon gefunden in item_icons! Zeichne Text.
2025-04-14 12:58:00 - WARNING - __main__ - Slot 2 (Weed Seeds): KEIN Icon gefunden in item_icons! Zeichne Text.
2025-04-14 12:58:00 - WARNING - __main__ - Slot 0 (Blumentopf): KEIN Icon gefunden in item_icons! Zeichne Text.
2025-04-14 12:58:00 - WARNING - __main__ - Slot 1 (Sack Erde): KEIN Icon gefunden in item_icons! Zeichne Text.
2025-04-14 12:58:00 - WARNING - __main__ - Slot 2 (Weed Seeds): KEIN Icon gefunden in item_icons! Zeichne Text.
2025-04-14 12:58:00 - WARNING - __main__ - Slot 0 (Blumentopf): KEIN Icon gefunden in item_icons! Zeichne Text.
2025-04-14 12:58:00 - WARNING - __main__ - Slot 1 (Sack Erde): KEIN Icon gefunden in item_icons! Zeichne Text.
2025-04-14 12:58:00 - WARNING - __main__ - Slot 2 (Weed Seeds): KEIN Icon gefunden in item_icons! Zeichne Text.
2025-04-14 12:58:00 - WARNING - __main__ - Slot 0 (Blumentopf): KEIN Icon gefunden in item_icons! Zeichne Text.
2025-04-14 12:58:00 - WARNING - __main__ - Slot 1 (Sack Erde): KEIN Icon gefunden in item_icons! Zeichne Text.
2025-04-14 12:58:00 - WARNING - __main__ - Slot 2 (Weed Seeds): KEIN Icon gefunden in item_icons! Zeichne Text.
2025-04-14 12:58:00 - WARNING - __main__ - Slot 0 (Blumentopf): KEIN Icon gefunden in item_icons! Zeichne Text.
2025-04-14 12:58:00 - WARNING - __main__ - Slot 1 (Sack Erde): KEIN Icon gefunden in item_icons! Zeichne Text.
2025-04-14 12:58:00 - WARNING - __main__ - Slot 2 (Weed Seeds): KEIN Icon gefunden in item_icons! Zeichne Text.
2025-04-14 12:58:00 - WARNING - __main__ - Slot 0 (Blumentopf): KEIN Icon gefunden in item_icons! Zeichne Text.
2025-04-14 12:58:00 - WARNING - __main__ - Slot 1 (Sack Erde): KEIN Icon gefunden in item_icons! Zeichne Text.
2025-04-14 12:58:00 - WARNING - __main__ - Slot 2 (Weed Seeds): KEIN Icon gefunden in item_icons! Zeichne Text.
2025-04-14 12:58:00 - WARNING - __main__ - Slot 0 (Blumentopf): KEIN Icon gefunden in item_icons! Zeichne Text.
2025-04-14 12:58:00 - WARNING - __main__ - Slot 1 (Sack Erde): KEIN Icon gefunden in item_icons! Zeichne Text.
2025-04-14 12:58:00 - WARNING - __main__ - Slot 2 (Weed Seeds): KEIN Icon gefunden in item_icons! Zeichne Text.
2025-04-14 12:58:00 - WARNING - __main__ - Slot 0 (Blumentopf): KEIN Icon gefunden in item_icons! Zeichne Text.
2025-04-14 12:58:00 - WARNING - __main__ - Slot 1 (Sack Erde): KEIN Icon gefunden in item_icons! Zeichne Text.
2025-04-14 12:58:00 - WARNING - __main__ - Slot 2 (Weed Seeds): KEIN Icon gefunden in item_icons! Zeichne Text.
2025-04-14 12:58:00 - WARNING - __main__ - Slot 0 (Blumentopf): KEIN Icon gefunden in item_icons! Zeichne Text.
2025-04-14 12:58:00 - WARNING - __main__ - Slot 1 (Sack Erde): KEIN Icon gefunden in item_icons! Zeichne Text.
2025-04-14 12:58:00 - WARNING - __main__ - Slot 2 (Weed Seeds): KEIN Icon gefunden in item_icons! Zeichne Text.
2025-04-14 12:58:00 - WARNING - __main__ - Slot 0 (Blumentopf): KEIN Icon gefunden in item_icons! Zeichne Text.
2025-04-14 12:58:00 - WARNING - __main__ - Slot 1 (Sack Erde): KEIN Icon gefunden in item_icons! Zeichne Text.
2025-04-14 12:58:00 - WARNING - __main__ - Slot 2 (Weed Seeds): KEIN Icon gefunden in item_icons! Zeichne Text.
2025-04-14 12:58:01 - WARNING - __main__ - Slot 0 (Blumentopf): KEIN Icon gefunden in item_icons! Zeichne Text.
2025-04-14 12:58:01 - WARNING - __main__ - Slot 1 (Sack Erde): KEIN Icon gefunden in item_icons! Zeichne Text.
2025-04-14 12:58:01 - WARNING - __main__ - Slot 2 (Weed Seeds): KEIN Icon gefunden in item_icons! Zeichne Text.
2025-04-14 12:58:01 - WARNING - __main__ - Slot 0 (Blumentopf): KEIN Icon gefunden in item_icons! Zeichne Text.
2025-04-14 12:58:01 - WARNING - __main__ - Slot 1 (Sack Erde): KEIN Icon gefunden in item_icons! Zeichne Text.
2025-04-14 12:58:01 - WARNING - __main__ - Slot 2 (Weed Seeds): KEIN Icon gefunden in item_icons! Zeichne Text.
2025-04-14 12:58:01 - WARNING - __main__ - Slot 0 (Blumentopf): KEIN Icon gefunden in item_icons! Zeichne Text.
2025-04-14 12:58:01 - WARNING - __main__ - Slot 1 (Sack Erde): KEIN Icon gefunden in item_icons! Zeichne Text.
2025-04-14 12:58:01 - WARNING - __main__ - Slot 2 (Weed Seeds): KEIN Icon gefunden in item_icons! Zeichne Text.
2025-04-14 12:58:01 - WARNING - __main__ - Slot 0 (Blumentopf): KEIN Icon gefunden in item_icons! Zeichne Text.
2025-04-14 12:58:01 - WARNING - __main__ - Slot 1 (Sack Erde): KEIN Icon gefunden in item_icons! Zeichne Text.
2025-04-14 12:58:01 - WARNING - __main__ - Slot 2 (Weed Seeds): KEIN Icon gefunden in item_icons! Zeichne Text.
2025-04-14 12:58:01 - WARNING - __main__ - Slot 0 (Blumentopf): KEIN Icon gefunden in item_icons! Zeichne Text.
2025-04-14 12:58:01 - WARNING - __main__ - Slot 1 (Sack Erde): KEIN Icon gefunden in item_icons! Zeichne Text.
2025-04-14 12:58:01 - WARNING - __main__ - Slot 2 (Weed Seeds): KEIN Icon gefunden in item_icons! Zeichne Text.
2025-04-14 12:58:01 - WARNING - __main__ - Slot 0 (Blumentopf): KEIN Icon gefunden in item_icons! Zeichne Text.
2025-04-14 12:58:01 - WARNING - __main__ - Slot 1 (Sack Erde): KEIN Icon gefunden in item_icons! Zeichne Text.
2025-04-14 12:58:01 - WARNING - __main__ - Slot 2 (Weed Seeds): KEIN Icon gefunden in item_icons! Zeichne Text.
2025-04-14 12:58:01 - WARNING - __main__ - Slot 0 (Blumentopf): KEIN Icon gefunden in item_icons! Zeichne Text.
2025-04-14 12:58:01 - WARNING - __main__ - Slot 1 (Sack Erde): KEIN Icon gefunden in item_icons! Zeichne Text.
2025-04-14 12:58:01 - WARNING - __main__ - Slot 2 (Weed Seeds): KEIN Icon gefunden in item_icons! Zeichne Text.
2025-04-14 12:58:01 - WARNING - __main__ - Slot 0 (Blumentopf): KEIN Icon gefunden in item_icons! Zeichne Text.
2025-04-14 12:58:01 - WARNING - __main__ - Slot 1 (Sack Erde): KEIN Icon gefunden in item_icons! Zeichne Text.
2025-04-14 12:58:01 - WARNING - __main__ - Slot 2 (Weed Seeds): KEIN Icon gefunden in item_icons! Zeichne Text.
2025-04-14 12:58:01 - WARNING - __main__ - Slot 0 (Blumentopf): KEIN Icon gefunden in item_icons! Zeichne Text.
2025-04-14 12:58:01 - WARNING - __main__ - Slot 1 (Sack Erde): KEIN Icon gefunden in item_icons! Zeichne Text.
2025-04-14 12:58:01 - WARNING - __main__ - Slot 2 (Weed Seeds): KEIN Icon gefunden in item_icons! Zeichne Text.
2025-04-14 12:58:01 - WARNING - __main__ - Slot 0 (Blumentopf): KEIN Icon gefunden in item_icons! Zeichne Text.
2025-04-14 12:58:01 - WARNING - __main__ - Slot 1 (Sack Erde): KEIN Icon gefunden in item_icons! Zeichne Text.
2025-04-14 12:58:01 - WARNING - __main__ - Slot 2 (Weed Seeds): KEIN Icon gefunden in item_icons! Zeichne Text.
2025-04-14 12:58:01 - WARNING - __main__ - Slot 0 (Blumentopf): KEIN Icon gefunden in item_icons! Zeichne Text.
2025-04-14 12:58:01 - WARNING - __main__ - Slot 1 (Sack Erde): KEIN Icon gefunden in item_icons! Zeichne Text.
2025-04-14 12:58:01 - WARNING - __main__ - Slot 2 (Weed Seeds): KEIN Icon gefunden in item_icons! Zeichne Text.
2025-04-14 12:58:01 - WARNING - __main__ - Slot 0 (Blumentopf): KEIN Icon gefunden in item_icons! Zeichne Text.
2025-04-14 12:58:01 - WARNING - __main__ - Slot 1 (Sack Erde): KEIN Icon gefunden in item_icons! Zeichne Text.
2025-04-14 12:58:01 - WARNING - __main__ - Slot 2 (Weed Seeds): KEIN Icon gefunden in item_icons! Zeichne Text.
2025-04-14 12:58:01 - WARNING - __main__ - Slot 0 (Blumentopf): KEIN Icon gefunden in item_icons! Zeichne Text.
2025-04-14 12:58:01 - WARNING - __main__ - Slot 1 (Sack Erde): KEIN Icon gefunden in item_icons! Zeichne Text.
2025-04-14 12:58:01 - WARNING - __main__ - Slot 2 (Weed Seeds): KEIN Icon gefunden in item_icons! Zeichne Text.
2025-04-14 12:58:01 - WARNING - __main__ - Slot 0 (Blumentopf): KEIN Icon gefunden in item_icons! Zeichne Text.
2025-04-14 12:58:01 - WARNING - __main__ - Slot 1 (Sack Erde): KEIN Icon gefunden in item_icons! Zeichne Text.
2025-04-14 12:58:01 - WARNING - __main__ - Slot 2 (Weed Seeds): KEIN Icon gefunden in item_icons! Zeichne Text.
2025-04-14 12:58:01 - WARNING - __main__ - Slot 0 (Blumentopf): KEIN Icon gefunden in item_icons! Zeichne Text.
2025-04-14 12:58:01 - WARNING - __main__ - Slot 1 (Sack Erde): KEIN Icon gefunden in item_icons! Zeichne Text.
2025-04-14 12:58:01 - WARNING - __main__ - Slot 2 (Weed Seeds): KEIN Icon gefunden in item_icons! Zeichne Text.
2025-04-14 12:58:01 - WARNING - __main__ - Slot 0 (Blumentopf): KEIN Icon gefunden in item_icons! Zeichne Text.
2025-04-14 12:58:01 - WARNING - __main__ - Slot 1 (Sack Erde): KEIN Icon gefunden in item_icons! Zeichne Text.
2025-04-14 12:58:01 - WARNING - __main__ - Slot 2 (Weed Seeds): KEIN Icon gefunden in item_icons! Zeichne Text.
2025-04-14 12:58:01 - WARNING - __main__ - Slot 0 (Blumentopf): KEIN Icon gefunden in item_icons! Zeichne Text.
2025-04-14 12:58:01 - WARNING - __main__ - Slot 1 (Sack Erde): KEIN Icon gefunden in item_icons! Zeichne Text.
2025-04-14 12:58:01 - WARNING - __main__ - Slot 2 (Weed Seeds): KEIN Icon gefunden in item_icons! Zeichne Text.
2025-04-14 12:58:01 - WARNING - __main__ - Slot 0 (Blumentopf): KEIN Icon gefunden in item_icons! Zeichne Text.
2025-04-14 12:58:01 - WARNING - __main__ - Slot 1 (Sack Erde): KEIN Icon gefunden in item_icons! Zeichne Text.
2025-04-14 12:58:01 - WARNING - __main__ - Slot 2 (Weed Seeds): KEIN Icon gefunden in item_icons! Zeichne Text.
2025-04-14 12:58:01 - WARNING - __main__ - Slot 0 (Blumentopf): KEIN Icon gefunden in item_icons! Zeichne Text.
2025-04-14 12:58:01 - WARNING - __main__ - Slot 1 (Sack Erde): KEIN Icon gefunden in item_icons! Zeichne Text.
2025-04-14 12:58:01 - WARNING - __main__ - Slot 2 (Weed Seeds): KEIN Icon gefunden in item_icons! Zeichne Text.
2025-04-14 12:58:01 - WARNING - __main__ - Slot 0 (Blumentopf): KEIN Icon gefunden in item_icons! Zeichne Text.
2025-04-14 12:58:01 - WARNING - __main__ - Slot 1 (Sack Erde): KEIN Icon gefunden in item_icons! Zeichne Text.
2025-04-14 12:58:01 - WARNING - __main__ - Slot 2 (Weed Seeds): KEIN Icon gefunden in item_icons! Zeichne Text.
2025-04-14 12:58:01 - WARNING - __main__ - Slot 0 (Blumentopf): KEIN Icon gefunden in item_icons! Zeichne Text.
2025-04-14 12:58:01 - WARNING - __main__ - Slot 1 (Sack Erde): KEIN Icon gefunden in item_icons! Zeichne Text.
2025-04-14 12:58:01 - WARNING - __main__ - Slot 2 (Weed Seeds): KEIN Icon gefunden in item_icons! Zeichne Text.
2025-04-14 12:58:01 - WARNING - __main__ - Slot 0 (Blumentopf): KEIN Icon gefunden in item_icons! Zeichne Text.
2025-04-14 12:58:01 - WARNING - __main__ - Slot 1 (Sack Erde): KEIN Icon gefunden in item_icons! Zeichne Text.
2025-04-14 12:58:01 - WARNING - __main__ - Slot 2 (Weed Seeds): KEIN Icon gefunden in item_icons! Zeichne Text.
2025-04-14 12:58:01 - WARNING - __main__ - Slot 0 (Blumentopf): KEIN Icon gefunden in item_icons! Zeichne Text.
2025-04-14 12:58:01 - WARNING - __main__ - Slot 1 (Sack Erde): KEIN Icon gefunden in item_icons! Zeichne Text.
2025-04-14 12:58:01 - WARNING - __main__ - Slot 2 (Weed Seeds): KEIN Icon gefunden in item_icons! Zeichne Text.
2025-04-14 12:58:01 - WARNING - __main__ - Slot 0 (Blumentopf): KEIN Icon gefunden in item_icons! Zeichne Text.
2025-04-14 12:58:01 - WARNING - __main__ - Slot 1 (Sack Erde): KEIN Icon gefunden in item_icons! Zeichne Text.
2025-04-14 12:58:01 - WARNING - __main__ - Slot 2 (Weed Seeds): KEIN Icon gefunden in item_icons! Zeichne Text.
2025-04-14 12:58:01 - WARNING - __main__ - Slot 0 (Blumentopf): KEIN Icon gefunden in item_icons! Zeichne Text.
2025-04-14 12:58:01 - WARNING - __main__ - Slot 1 (Sack Erde): KEIN Icon gefunden in item_icons! Zeichne Text.
2025-04-14 12:58:01 - WARNING - __main__ - Slot 2 (Weed Seeds): KEIN Icon gefunden in item_icons! Zeichne Text.
2025-04-14 12:58:01 - WARNING - __main__ - Slot 0 (Blumentopf): KEIN Icon gefunden in item_icons! Zeichne Text.
2025-04-14 12:58:01 - WARNING - __main__ - Slot 1 (Sack Erde): KEIN Icon gefunden in item_icons! Zeichne Text.
2025-04-14 12:58:01 - WARNING - __main__ - Slot 2 (Weed Seeds): KEIN Icon gefunden in item_icons! Zeichne Text.
2025-04-14 12:58:01 - WARNING - __main__ - Slot 0 (Blumentopf): KEIN Icon gefunden in item_icons! Zeichne Text.
2025-04-14 12:58:01 - WARNING - __main__ - Slot 1 (Sack Erde): KEIN Icon gefunden in item_icons! Zeichne Text.
2025-04-14 12:58:01 - WARNING - __main__ - Slot 2 (Weed Seeds): KEIN Icon gefunden in item_icons! Zeichne Text.
2025-04-14 12:58:01 - WARNING - __main__ - Slot 0 (Blumentopf): KEIN Icon gefunden in item_icons! Zeichne Text.
2025-04-14 12:58:01 - WARNING - __main__ - Slot 1 (Sack Erde): KEIN Icon gefunden in item_icons! Zeichne Text.
2025-04-14 12:58:01 - WARNING - __main__ - Slot 2 (Weed Seeds): KEIN Icon gefunden in item_icons! Zeichne Text.
2025-04-14 12:58:01 - WARNING - __main__ - Slot 0 (Blumentopf): KEIN Icon gefunden in item_icons! Zeichne Text.
2025-04-14 12:58:01 - WARNING - __main__ - Slot 1 (Sack Erde): KEIN Icon gefunden in item_icons! Zeichne Text.
2025-04-14 12:58:01 - WARNING - __main__ - Slot 2 (Weed Seeds): KEIN Icon gefunden in item_icons! Zeichne Text.
2025-04-14 12:58:01 - WARNING - __main__ - Slot 0 (Blumentopf): KEIN Icon gefunden in item_icons! Zeichne Text.
2025-04-14 12:58:01 - WARNING - __main__ - Slot 1 (Sack Erde): KEIN Icon gefunden in item_icons! Zeichne Text.
2025-04-14 12:58:01 - WARNING - __main__ - Slot 2 (Weed Seeds): KEIN Icon gefunden in item_icons! Zeichne Text.
2025-04-14 12:58:01 - WARNING - __main__ - Slot 0 (Blumentopf): KEIN Icon gefunden in item_icons! Zeichne Text.
2025-04-14 12:58:01 - WARNING - __main__ - Slot 1 (Sack Erde): KEIN Icon gefunden in item_icons! Zeichne Text.
2025-04-14 12:58:01 - WARNING - __main__ - Slot 2 (Weed Seeds): KEIN Icon gefunden in item_icons! Zeichne Text.
2025-04-14 12:58:01 - WARNING - __main__ - Slot 0 (Blumentopf): KEIN Icon gefunden in item_icons! Zeichne Text.
2025-04-14 12:58:01 - WARNING - __main__ - Slot 1 (Sack Erde): KEIN Icon gefunden in item_icons! Zeichne Text.
2025-04-14 12:58:01 - WARNING - __main__ - Slot 2 (Weed Seeds): KEIN Icon gefunden in item_icons! Zeichne Text.
2025-04-14 12:58:01 - WARNING - __main__ - Slot 0 (Blumentopf): KEIN Icon gefunden in item_icons! Zeichne Text.
2025-04-14 12:58:01 - WARNING - __main__ - Slot 1 (Sack Erde): KEIN Icon gefunden in item_icons! Zeichne Text.
2025-04-14 12:58:01 - WARNING - __main__ - Slot 2 (Weed Seeds): KEIN Icon gefunden in item_icons! Zeichne Text.
2025-04-14 12:58:01 - WARNING - __main__ - Slot 0 (Blumentopf): KEIN Icon gefunden in item_icons! Zeichne Text.
2025-04-14 12:58:01 - WARNING - __main__ - Slot 1 (Sack Erde): KEIN Icon gefunden in item_icons! Zeichne Text.
2025-04-14 12:58:01 - WARNING - __main__ - Slot 2 (Weed Seeds): KEIN Icon gefunden in item_icons! Zeichne Text.
2025-04-14 12:58:01 - WARNING - __main__ - Slot 0 (Blumentopf): KEIN Icon gefunden in item_icons! Zeichne Text.
2025-04-14 12:58:01 - WARNING - __main__ - Slot 1 (Sack Erde): KEIN Icon gefunden in item_icons! Zeichne Text.
2025-04-14 12:58:01 - WARNING - __main__ - Slot 2 (Weed Seeds): KEIN Icon gefunden in item_icons! Zeichne Text.
2025-04-14 12:58:01 - WARNING - __main__ - Slot 0 (Blumentopf): KEIN Icon gefunden in item_icons! Zeichne Text.
2025-04-14 12:58:01 - WARNING - __main__ - Slot 1 (Sack Erde): KEIN Icon gefunden in item_icons! Zeichne Text.
2025-04-14 12:58:01 - WARNING - __main__ - Slot 2 (Weed Seeds): KEIN Icon gefunden in item_icons! Zeichne Text.
2025-04-14 12:58:01 - WARNING - __main__ - Slot 0 (Blumentopf): KEIN Icon gefunden in item_icons! Zeichne Text.
2025-04-14 12:58:01 - WARNING - __main__ - Slot 1 (Sack Erde): KEIN Icon gefunden in item_icons! Zeichne Text.
2025-04-14 12:58:01 - WARNING - __main__ - Slot 2 (Weed Seeds): KEIN Icon gefunden in item_icons! Zeichne Text.
2025-04-14 12:58:01 - WARNING - __main__ - Slot 0 (Blumentopf): KEIN Icon gefunden in item_icons! Zeichne Text.
2025-04-14 12:58:01 - WARNING - __main__ - Slot 1 (Sack Erde): KEIN Icon gefunden in item_icons! Zeichne Text.
2025-04-14 12:58:01 - WARNING - __main__ - Slot 2 (Weed Seeds): KEIN Icon gefunden in item_icons! Zeichne Text.
2025-04-14 12:58:01 - WARNING - __main__ - Slot 0 (Blumentopf): KEIN Icon gefunden in item_icons! Zeichne Text.
2025-04-14 12:58:01 - WARNING - __main__ - Slot 1 (Sack Erde): KEIN Icon gefunden in item_icons! Zeichne Text.
2025-04-14 12:58:01 - WARNING - __main__ - Slot 2 (Weed Seeds): KEIN Icon gefunden in item_icons! Zeichne Text.
2025-04-14 12:58:01 - WARNING - __main__ - Slot 0 (Blumentopf): KEIN Icon gefunden in item_icons! Zeichne Text.
2025-04-14 12:58:01 - WARNING - __main__ - Slot 1 (Sack Erde): KEIN Icon gefunden in item_icons! Zeichne Text.
2025-04-14 12:58:01 - WARNING - __main__ - Slot 2 (Weed Seeds): KEIN Icon gefunden in item_icons! Zeichne Text.
2025-04-14 12:58:01 - WARNING - __main__ - Slot 0 (Blumentopf): KEIN Icon gefunden in item_icons! Zeichne Text.
2025-04-14 12:58:01 - WARNING - __main__ - Slot 1 (Sack Erde): KEIN Icon gefunden in item_icons! Zeichne Text.
2025-04-14 12:58:01 - WARNING - __main__ - Slot 2 (Weed Seeds): KEIN Icon gefunden in item_icons! Zeichne Text.
2025-04-14 12:58:01 - WARNING - __main__ - Slot 0 (Blumentopf): KEIN Icon gefunden in item_icons! Zeichne Text.
2025-04-14 12:58:01 - WARNING - __main__ - Slot 1 (Sack Erde): KEIN Icon gefunden in item_icons! Zeichne Text.
2025-04-14 12:58:01 - WARNING - __main__ - Slot 2 (Weed Seeds): KEIN Icon gefunden in item_icons! Zeichne Text.
2025-04-14 12:58:01 - WARNING - __main__ - Slot 0 (Blumentopf): KEIN Icon gefunden in item_icons! Zeichne Text.
2025-04-14 12:58:01 - WARNING - __main__ - Slot 1 (Sack Erde): KEIN Icon gefunden in item_icons! Zeichne Text.
2025-04-14 12:58:01 - WARNING - __main__ - Slot 2 (Weed Seeds): KEIN Icon gefunden in item_icons! Zeichne Text.
2025-04-14 12:58:01 - WARNING - __main__ - Slot 0 (Blumentopf): KEIN Icon gefunden in item_icons! Zeichne Text.
2025-04-14 12:58:01 - WARNING - __main__ - Slot 1 (Sack Erde): KEIN Icon gefunden in item_icons! Zeichne Text.
2025-04-14 12:58:01 - WARNING - __main__ - Slot 2 (Weed Seeds): KEIN Icon gefunden in item_icons! Zeichne Text.
2025-04-14 12:58:01 - WARNING - __main__ - Slot 0 (Blumentopf): KEIN Icon gefunden in item_icons! Zeichne Text.
2025-04-14 12:58:01 - WARNING - __main__ - Slot 1 (Sack Erde): KEIN Icon gefunden in item_icons! Zeichne Text.
2025-04-14 12:58:01 - WARNING - __main__ - Slot 2 (Weed Seeds): KEIN Icon gefunden in item_icons! Zeichne Text.
2025-04-14 12:58:01 - WARNING - __main__ - Slot 0 (Blumentopf): KEIN Icon gefunden in item_icons! Zeichne Text.
2025-04-14 12:58:01 - WARNING - __main__ - Slot 1 (Sack Erde): KEIN Icon gefunden in item_icons! Zeichne Text.
2025-04-14 12:58:01 - WARNING - __main__ - Slot 2 (Weed Seeds): KEIN Icon gefunden in item_icons! Zeichne Text.
2025-04-14 12:58:01 - WARNING - __main__ - Slot 0 (Blumentopf): KEIN Icon gefunden in item_icons! Zeichne Text.
2025-04-14 12:58:01 - WARNING - __main__ - Slot 1 (Sack Erde): KEIN Icon gefunden in item_icons! Zeichne Text.
2025-04-14 12:58:01 - WARNING - __main__ - Slot 2 (Weed Seeds): KEIN Icon gefunden in item_icons! Zeichne Text.
2025-04-14 12:58:01 - WARNING - __main__ - Slot 0 (Blumentopf): KEIN Icon gefunden in item_icons! Zeichne Text.
2025-04-14 12:58:01 - WARNING - __main__ - Slot 1 (Sack Erde): KEIN Icon gefunden in item_icons! Zeichne Text.
2025-04-14 12:58:01 - WARNING - __main__ - Slot 2 (Weed Seeds): KEIN Icon gefunden in item_icons! Zeichne Text.
2025-04-14 12:58:01 - WARNING - __main__ - Slot 0 (Blumentopf): KEIN Icon gefunden in item_icons! Zeichne Text.
2025-04-14 12:58:01 - WARNING - __main__ - Slot 1 (Sack Erde): KEIN Icon gefunden in item_icons! Zeichne Text.
2025-04-14 12:58:01 - WARNING - __main__ - Slot 2 (Weed Seeds): KEIN Icon gefunden in item_icons! Zeichne Text.
2025-04-14 12:58:01 - WARNING - __main__ - Slot 0 (Blumentopf): KEIN Icon gefunden in item_icons! Zeichne Text.
2025-04-14 12:58:01 - WARNING - __main__ - Slot 1 (Sack Erde): KEIN Icon gefunden in item_icons! Zeichne Text.
2025-04-14 12:58:01 - WARNING - __main__ - Slot 2 (Weed Seeds): KEIN Icon gefunden in item_icons! Zeichne Text.
2025-04-14 12:58:01 - WARNING - __main__ - Slot 0 (Blumentopf): KEIN Icon gefunden in item_icons! Zeichne Text.
2025-04-14 12:58:01 - WARNING - __main__ - Slot 1 (Sack Erde): KEIN Icon gefunden in item_icons! Zeichne Text.
2025-04-14 12:58:01 - WARNING - __main__ - Slot 2 (Weed Seeds): KEIN Icon gefunden in item_icons! Zeichne Text.
2025-04-14 12:58:01 - WARNING - __main__ - Slot 0 (Blumentopf): KEIN Icon gefunden in item_icons! Zeichne Text.
2025-04-14 12:58:01 - WARNING - __main__ - Slot 1 (Sack Erde): KEIN Icon gefunden in item_icons! Zeichne Text.
2025-04-14 12:58:01 - WARNING - __main__ - Slot 2 (Weed Seeds): KEIN Icon gefunden in item_icons! Zeichne Text.
2025-04-14 12:58:01 - WARNING - __main__ - Slot 0 (Blumentopf): KEIN Icon gefunden in item_icons! Zeichne Text.
2025-04-14 12:58:01 - WARNING - __main__ - Slot 1 (Sack Erde): KEIN Icon gefunden in item_icons! Zeichne Text.
2025-04-14 12:58:01 - WARNING - __main__ - Slot 2 (Weed Seeds): KEIN Icon gefunden in item_icons! Zeichne Text.
2025-04-14 12:58:01 - WARNING - __main__ - Slot 0 (Blumentopf): KEIN Icon gefunden in item_icons! Zeichne Text.
2025-04-14 12:58:01 - WARNING - __main__ - Slot 1 (Sack Erde): KEIN Icon gefunden in item_icons! Zeichne Text.
2025-04-14 12:58:01 - WARNING - __main__ - Slot 2 (Weed Seeds): KEIN Icon gefunden in item_icons! Zeichne Text.
2025-04-14 12:58:01 - WARNING - __main__ - Slot 0 (Blumentopf): KEIN Icon gefunden in item_icons! Zeichne Text.
2025-04-14 12:58:01 - WARNING - __main__ - Slot 1 (Sack Erde): KEIN Icon gefunden in item_icons! Zeichne Text.
2025-04-14 12:58:01 - WARNING - __main__ - Slot 2 (Weed Seeds): KEIN Icon gefunden in item_icons! Zeichne Text.
2025-04-14 12:58:01 - WARNING - __main__ - Slot 0 (Blumentopf): KEIN Icon gefunden in item_icons! Zeichne Text.
2025-04-14 12:58:01 - WARNING - __main__ - Slot 1 (Sack Erde): KEIN Icon gefunden in item_icons! Zeichne Text.
2025-04-14 12:58:01 - WARNING - __main__ - Slot 2 (Weed Seeds): KEIN Icon gefunden in item_icons! Zeichne Text.
2025-04-14 12:58:01 - WARNING - __main__ - Slot 0 (Blumentopf): KEIN Icon gefunden in item_icons! Zeichne Text.
2025-04-14 12:58:01 - WARNING - __main__ - Slot 1 (Sack Erde): KEIN Icon gefunden in item_icons! Zeichne Text.
2025-04-14 12:58:01 - WARNING - __main__ - Slot 2 (Weed Seeds): KEIN Icon gefunden in item_icons! Zeichne Text.
2025-04-14 12:58:01 - WARNING - __main__ - Slot 0 (Blumentopf): KEIN Icon gefunden in item_icons! Zeichne Text.
2025-04-14 12:58:01 - WARNING - __main__ - Slot 1 (Sack Erde): KEIN Icon gefunden in item_icons! Zeichne Text.
2025-04-14 12:58:01 - WARNING - __main__ - Slot 2 (Weed Seeds): KEIN Icon gefunden in item_icons! Zeichne Text.
2025-04-14 12:58:01 - WARNING - __main__ - Slot 0 (Blumentopf): KEIN Icon gefunden in item_icons! Zeichne Text.
2025-04-14 12:58:01 - WARNING - __main__ - Slot 1 (Sack Erde): KEIN Icon gefunden in item_icons! Zeichne Text.
2025-04-14 12:58:01 - WARNING - __main__ - Slot 2 (Weed Seeds): KEIN Icon gefunden in item_icons! Zeichne Text.
2025-04-14 12:58:01 - WARNING - __main__ - Slot 0 (Blumentopf): KEIN Icon gefunden in item_icons! Zeichne Text.
2025-04-14 12:58:01 - WARNING - __main__ - Slot 1 (Sack Erde): KEIN Icon gefunden in item_icons! Zeichne Text.
2025-04-14 12:58:01 - WARNING - __main__ - Slot 2 (Weed Seeds): KEIN Icon gefunden in item_icons! Zeichne Text.
2025-04-14 12:58:01 - WARNING - __main__ - Slot 0 (Blumentopf): KEIN Icon gefunden in item_icons! Zeichne Text.
2025-04-14 12:58:01 - WARNING - __main__ - Slot 1 (Sack Erde): KEIN Icon gefunden in item_icons! Zeichne Text.
2025-04-14 12:58:01 - WARNING - __main__ - Slot 2 (Weed Seeds): KEIN Icon gefunden in item_icons! Zeichne Text.
2025-04-14 12:58:02 - WARNING - __main__ - Slot 0 (Blumentopf): KEIN Icon gefunden in item_icons! Zeichne Text.
2025-04-14 12:58:02 - WARNING - __main__ - Slot 1 (Sack Erde): KEIN Icon gefunden in item_icons! Zeichne Text.
2025-04-14 12:58:02 - WARNING - __main__ - Slot 2 (Weed Seeds): KEIN Icon gefunden in item_icons! Zeichne Text.
2025-04-14 12:58:02 - WARNING - __main__ - Slot 0 (Blumentopf): KEIN Icon gefunden in item_icons! Zeichne Text.
2025-04-14 12:58:02 - WARNING - __main__ - Slot 1 (Sack Erde): KEIN Icon gefunden in item_icons! Zeichne Text.
2025-04-14 12:58:02 - WARNING - __main__ - Slot 2 (Weed Seeds): KEIN Icon gefunden in item_icons! Zeichne Text.
2025-04-14 12:58:02 - WARNING - __main__ - Slot 0 (Blumentopf): KEIN Icon gefunden in item_icons! Zeichne Text.
2025-04-14 12:58:02 - WARNING - __main__ - Slot 1 (Sack Erde): KEIN Icon gefunden in item_icons! Zeichne Text.
2025-04-14 12:58:02 - WARNING - __main__ - Slot 2 (Weed Seeds): KEIN Icon gefunden in item_icons! Zeichne Text.
2025-04-14 12:58:02 - WARNING - __main__ - Slot 0 (Blumentopf): KEIN Icon gefunden in item_icons! Zeichne Text.
2025-04-14 12:58:02 - WARNING - __main__ - Slot 1 (Sack Erde): KEIN Icon gefunden in item_icons! Zeichne Text.
2025-04-14 12:58:02 - WARNING - __main__ - Slot 2 (Weed Seeds): KEIN Icon gefunden in item_icons! Zeichne Text.
2025-04-14 12:58:02 - WARNING - __main__ - Slot 0 (Blumentopf): KEIN Icon gefunden in item_icons! Zeichne Text.
2025-04-14 12:58:02 - WARNING - __main__ - Slot 1 (Sack Erde): KEIN Icon gefunden in item_icons! Zeichne Text.
2025-04-14 12:58:02 - WARNING - __main__ - Slot 2 (Weed Seeds): KEIN Icon gefunden in item_icons! Zeichne Text.
2025-04-14 12:58:02 - WARNING - __main__ - Slot 0 (Blumentopf): KEIN Icon gefunden in item_icons! Zeichne Text.
2025-04-14 12:58:02 - WARNING - __main__ - Slot 1 (Sack Erde): KEIN Icon gefunden in item_icons! Zeichne Text.
2025-04-14 12:58:02 - WARNING - __main__ - Slot 2 (Weed Seeds): KEIN Icon gefunden in item_icons! Zeichne Text.
2025-04-14 12:58:02 - WARNING - __main__ - Slot 0 (Blumentopf): KEIN Icon gefunden in item_icons! Zeichne Text.
2025-04-14 12:58:02 - WARNING - __main__ - Slot 1 (Sack Erde): KEIN Icon gefunden in item_icons! Zeichne Text.
2025-04-14 12:58:02 - WARNING - __main__ - Slot 2 (Weed Seeds): KEIN Icon gefunden in item_icons! Zeichne Text.
2025-04-14 12:58:02 - WARNING - __main__ - Slot 0 (Blumentopf): KEIN Icon gefunden in item_icons! Zeichne Text.
2025-04-14 12:58:02 - WARNING - __main__ - Slot 1 (Sack Erde): KEIN Icon gefunden in item_icons! Zeichne Text.
2025-04-14 12:58:02 - WARNING - __main__ - Slot 2 (Weed Seeds): KEIN Icon gefunden in item_icons! Zeichne Text.
2025-04-14 12:58:02 - WARNING - __main__ - Slot 0 (Blumentopf): KEIN Icon gefunden in item_icons! Zeichne Text.
2025-04-14 12:58:02 - WARNING - __main__ - Slot 1 (Sack Erde): KEIN Icon gefunden in item_icons! Zeichne Text.
2025-04-14 12:58:02 - WARNING - __main__ - Slot 2 (Weed Seeds): KEIN Icon gefunden in item_icons! Zeichne Text.
2025-04-14 12:58:02 - WARNING - __main__ - Slot 0 (Blumentopf): KEIN Icon gefunden in item_icons! Zeichne Text.
2025-04-14 12:58:02 - WARNING - __main__ - Slot 1 (Sack Erde): KEIN Icon gefunden in item_icons! Zeichne Text.
2025-04-14 12:58:02 - WARNING - __main__ - Slot 2 (Weed Seeds): KEIN Icon gefunden in item_icons! Zeichne Text.
2025-04-14 12:58:02 - WARNING - __main__ - Slot 0 (Blumentopf): KEIN Icon gefunden in item_icons! Zeichne Text.
2025-04-14 12:58:02 - WARNING - __main__ - Slot 1 (Sack Erde): KEIN Icon gefunden in item_icons! Zeichne Text.
2025-04-14 12:58:02 - WARNING - __main__ - Slot 2 (Weed Seeds): KEIN Icon gefunden in item_icons! Zeichne Text.
2025-04-14 12:58:02 - WARNING - __main__ - Slot 0 (Blumentopf): KEIN Icon gefunden in item_icons! Zeichne Text.
2025-04-14 12:58:02 - WARNING - __main__ - Slot 1 (Sack Erde): KEIN Icon gefunden in item_icons! Zeichne Text.
2025-04-14 12:58:02 - WARNING - __main__ - Slot 2 (Weed Seeds): KEIN Icon gefunden in item_icons! Zeichne Text.
2025-04-14 12:58:02 - WARNING - __main__ - Slot 0 (Blumentopf): KEIN Icon gefunden in item_icons! Zeichne Text.
2025-04-14 12:58:02 - WARNING - __main__ - Slot 1 (Sack Erde): KEIN Icon gefunden in item_icons! Zeichne Text.
2025-04-14 12:58:02 - WARNING - __main__ - Slot 2 (Weed Seeds): KEIN Icon gefunden in item_icons! Zeichne Text.
2025-04-14 12:58:02 - WARNING - __main__ - Slot 0 (Blumentopf): KEIN Icon gefunden in item_icons! Zeichne Text.
2025-04-14 12:58:02 - WARNING - __main__ - Slot 1 (Sack Erde): KEIN Icon gefunden in item_icons! Zeichne Text.
2025-04-14 12:58:02 - WARNING - __main__ - Slot 2 (Weed Seeds): KEIN Icon gefunden in item_icons! Zeichne Text.
2025-04-14 12:58:02 - WARNING - __main__ - Slot 0 (Blumentopf): KEIN Icon gefunden in item_icons! Zeichne Text.
2025-04-14 12:58:02 - WARNING - __main__ - Slot 1 (Sack Erde): KEIN Icon gefunden in item_icons! Zeichne Text.
2025-04-14 12:58:02 - WARNING - __main__ - Slot 2 (Weed Seeds): KEIN Icon gefunden in item_icons! Zeichne Text.
2025-04-14 12:58:02 - WARNING - __main__ - Slot 0 (Blumentopf): KEIN Icon gefunden in item_icons! Zeichne Text.
2025-04-14 12:58:02 - WARNING - __main__ - Slot 1 (Sack Erde): KEIN Icon gefunden in item_icons! Zeichne Text.
2025-04-14 12:58:02 - WARNING - __main__ - Slot 2 (Weed Seeds): KEIN Icon gefunden in item_icons! Zeichne Text.
2025-04-14 12:58:02 - WARNING - __main__ - Slot 0 (Blumentopf): KEIN Icon gefunden in item_icons! Zeichne Text.
2025-04-14 12:58:02 - WARNING - __main__ - Slot 1 (Sack Erde): KEIN Icon gefunden in item_icons! Zeichne Text.
2025-04-14 12:58:02 - WARNING - __main__ - Slot 2 (Weed Seeds): KEIN Icon gefunden in item_icons! Zeichne Text.
2025-04-14 12:58:02 - WARNING - __main__ - Slot 0 (Blumentopf): KEIN Icon gefunden in item_icons! Zeichne Text.
2025-04-14 12:58:02 - WARNING - __main__ - Slot 1 (Sack Erde): KEIN Icon gefunden in item_icons! Zeichne Text.
2025-04-14 12:58:02 - WARNING - __main__ - Slot 2 (Weed Seeds): KEIN Icon gefunden in item_icons! Zeichne Text.
2025-04-14 12:58:02 - WARNING - __main__ - Slot 0 (Blumentopf): KEIN Icon gefunden in item_icons! Zeichne Text.
2025-04-14 12:58:02 - WARNING - __main__ - Slot 1 (Sack Erde): KEIN Icon gefunden in item_icons! Zeichne Text.
2025-04-14 12:58:02 - WARNING - __main__ - Slot 2 (Weed Seeds): KEIN Icon gefunden in item_icons! Zeichne Text.
2025-04-14 12:58:02 - WARNING - __main__ - Slot 0 (Blumentopf): KEIN Icon gefunden in item_icons! Zeichne Text.
2025-04-14 12:58:02 - WARNING - __main__ - Slot 1 (Sack Erde): KEIN Icon gefunden in item_icons! Zeichne Text.
2025-04-14 12:58:02 - WARNING - __main__ - Slot 2 (Weed Seeds): KEIN Icon gefunden in item_icons! Zeichne Text.
2025-04-14 12:58:02 - WARNING - __main__ - Slot 0 (Blumentopf): KEIN Icon gefunden in item_icons! Zeichne Text.
2025-04-14 12:58:02 - WARNING - __main__ - Slot 1 (Sack Erde): KEIN Icon gefunden in item_icons! Zeichne Text.
2025-04-14 12:58:02 - WARNING - __main__ - Slot 2 (Weed Seeds): KEIN Icon gefunden in item_icons! Zeichne Text.
2025-04-14 12:58:02 - WARNING - __main__ - Slot 0 (Blumentopf): KEIN Icon gefunden in item_icons! Zeichne Text.
2025-04-14 12:58:02 - WARNING - __main__ - Slot 1 (Sack Erde): KEIN Icon gefunden in item_icons! Zeichne Text.
2025-04-14 12:58:02 - WARNING - __main__ - Slot 2 (Weed Seeds): KEIN Icon gefunden in item_icons! Zeichne Text.
2025-04-14 12:58:02 - WARNING - __main__ - Slot 0 (Blumentopf): KEIN Icon gefunden in item_icons! Zeichne Text.
2025-04-14 12:58:02 - WARNING - __main__ - Slot 1 (Sack Erde): KEIN Icon gefunden in item_icons! Zeichne Text.
2025-04-14 12:58:02 - WARNING - __main__ - Slot 2 (Weed Seeds): KEIN Icon gefunden in item_icons! Zeichne Text.
2025-04-14 12:58:02 - WARNING - __main__ - Slot 0 (Blumentopf): KEIN Icon gefunden in item_icons! Zeichne Text.
2025-04-14 12:58:02 - WARNING - __main__ - Slot 1 (Sack Erde): KEIN Icon gefunden in item_icons! Zeichne Text.
2025-04-14 12:58:02 - WARNING - __main__ - Slot 2 (Weed Seeds): KEIN Icon gefunden in item_icons! Zeichne Text.
2025-04-14 12:58:02 - WARNING - __main__ - Slot 0 (Blumentopf): KEIN Icon gefunden in item_icons! Zeichne Text.
2025-04-14 12:58:02 - WARNING - __main__ - Slot 1 (Sack Erde): KEIN Icon gefunden in item_icons! Zeichne Text.
2025-04-14 12:58:02 - WARNING - __main__ - Slot 2 (Weed Seeds): KEIN Icon gefunden in item_icons! Zeichne Text.
2025-04-14 12:58:02 - WARNING - __main__ - Slot 0 (Blumentopf): KEIN Icon gefunden in item_icons! Zeichne Text.
2025-04-14 12:58:02 - WARNING - __main__ - Slot 1 (Sack Erde): KEIN Icon gefunden in item_icons! Zeichne Text.
2025-04-14 12:58:02 - WARNING - __main__ - Slot 2 (Weed Seeds): KEIN Icon gefunden in item_icons! Zeichne Text.
2025-04-14 12:58:02 - WARNING - __main__ - Slot 0 (Blumentopf): KEIN Icon gefunden in item_icons! Zeichne Text.
2025-04-14 12:58:02 - WARNING - __main__ - Slot 1 (Sack Erde): KEIN Icon gefunden in item_icons! Zeichne Text.
2025-04-14 12:58:02 - WARNING - __main__ - Slot 2 (Weed Seeds): KEIN Icon gefunden in item_icons! Zeichne Text.
2025-04-14 12:58:02 - WARNING - __main__ - Slot 0 (Blumentopf): KEIN Icon gefunden in item_icons! Zeichne Text.
2025-04-14 12:58:02 - WARNING - __main__ - Slot 1 (Sack Erde): KEIN Icon gefunden in item_icons! Zeichne Text.
2025-04-14 12:58:02 - WARNING - __main__ - Slot 2 (Weed Seeds): KEIN Icon gefunden in item_icons! Zeichne Text.
2025-04-14 12:58:02 - WARNING - __main__ - Slot 0 (Blumentopf): KEIN Icon gefunden in item_icons! Zeichne Text.
2025-04-14 12:58:02 - WARNING - __main__ - Slot 1 (Sack Erde): KEIN Icon gefunden in item_icons! Zeichne Text.
2025-04-14 12:58:02 - WARNING - __main__ - Slot 2 (Weed Seeds): KEIN Icon gefunden in item_icons! Zeichne Text.
2025-04-14 12:58:02 - WARNING - __main__ - Slot 0 (Blumentopf): KEIN Icon gefunden in item_icons! Zeichne Text.
2025-04-14 12:58:02 - WARNING - __main__ - Slot 1 (Sack Erde): KEIN Icon gefunden in item_icons! Zeichne Text.
2025-04-14 12:58:02 - WARNING - __main__ - Slot 2 (Weed Seeds): KEIN Icon gefunden in item_icons! Zeichne Text.
2025-04-14 12:58:02 - WARNING - __main__ - Slot 0 (Blumentopf): KEIN Icon gefunden in item_icons! Zeichne Text.
2025-04-14 12:58:02 - WARNING - __main__ - Slot 1 (Sack Erde): KEIN Icon gefunden in item_icons! Zeichne Text.
2025-04-14 12:58:02 - WARNING - __main__ - Slot 2 (Weed Seeds): KEIN Icon gefunden in item_icons! Zeichne Text.
2025-04-14 12:58:02 - WARNING - __main__ - Slot 0 (Blumentopf): KEIN Icon gefunden in item_icons! Zeichne Text.
2025-04-14 12:58:02 - WARNING - __main__ - Slot 1 (Sack Erde): KEIN Icon gefunden in item_icons! Zeichne Text.
2025-04-14 12:58:02 - WARNING - __main__ - Slot 2 (Weed Seeds): KEIN Icon gefunden in item_icons! Zeichne Text.
2025-04-14 12:58:02 - WARNING - __main__ - Slot 0 (Blumentopf): KEIN Icon gefunden in item_icons! Zeichne Text.
2025-04-14 12:58:02 - WARNING - __main__ - Slot 1 (Sack Erde): KEIN Icon gefunden in item_icons! Zeichne Text.
2025-04-14 12:58:02 - WARNING - __main__ - Slot 2 (Weed Seeds): KEIN Icon gefunden in item_icons! Zeichne Text.
2025-04-14 12:58:02 - WARNING - __main__ - Slot 0 (Blumentopf): KEIN Icon gefunden in item_icons! Zeichne Text.
2025-04-14 12:58:02 - WARNING - __main__ - Slot 1 (Sack Erde): KEIN Icon gefunden in item_icons! Zeichne Text.
2025-04-14 12:58:02 - WARNING - __main__ - Slot 2 (Weed Seeds): KEIN Icon gefunden in item_icons! Zeichne Text.
2025-04-14 12:58:02 - WARNING - __main__ - Slot 0 (Blumentopf): KEIN Icon gefunden in item_icons! Zeichne Text.
2025-04-14 12:58:02 - WARNING - __main__ - Slot 1 (Sack Erde): KEIN Icon gefunden in item_icons! Zeichne Text.
2025-04-14 12:58:02 - WARNING - __main__ - Slot 2 (Weed Seeds): KEIN Icon gefunden in item_icons! Zeichne Text.
2025-04-14 12:58:02 - WARNING - __main__ - Slot 0 (Blumentopf): KEIN Icon gefunden in item_icons! Zeichne Text.
2025-04-14 12:58:02 - WARNING - __main__ - Slot 1 (Sack Erde): KEIN Icon gefunden in item_icons! Zeichne Text.
2025-04-14 12:58:02 - WARNING - __main__ - Slot 2 (Weed Seeds): KEIN Icon gefunden in item_icons! Zeichne Text.
2025-04-14 12:58:02 - WARNING - __main__ - Slot 0 (Blumentopf): KEIN Icon gefunden in item_icons! Zeichne Text.
2025-04-14 12:58:02 - WARNING - __main__ - Slot 1 (Sack Erde): KEIN Icon gefunden in item_icons! Zeichne Text.
2025-04-14 12:58:02 - WARNING - __main__ - Slot 2 (Weed Seeds): KEIN Icon gefunden in item_icons! Zeichne Text.
2025-04-14 12:58:02 - WARNING - __main__ - Slot 0 (Blumentopf): KEIN Icon gefunden in item_icons! Zeichne Text.
2025-04-14 12:58:02 - WARNING - __main__ - Slot 1 (Sack Erde): KEIN Icon gefunden in item_icons! Zeichne Text.
2025-04-14 12:58:02 - WARNING - __main__ - Slot 2 (Weed Seeds): KEIN Icon gefunden in item_icons! Zeichne Text.
2025-04-14 12:58:02 - WARNING - __main__ - Slot 0 (Blumentopf): KEIN Icon gefunden in item_icons! Zeichne Text.
2025-04-14 12:58:02 - WARNING - __main__ - Slot 1 (Sack Erde): KEIN Icon gefunden in item_icons! Zeichne Text.
2025-04-14 12:58:02 - WARNING - __main__ - Slot 2 (Weed Seeds): KEIN Icon gefunden in item_icons! Zeichne Text.
2025-04-14 12:58:02 - WARNING - __main__ - Slot 0 (Blumentopf): KEIN Icon gefunden in item_icons! Zeichne Text.
2025-04-14 12:58:02 - WARNING - __main__ - Slot 1 (Sack Erde): KEIN Icon gefunden in item_icons! Zeichne Text.
2025-04-14 12:58:02 - WARNING - __main__ - Slot 2 (Weed Seeds): KEIN Icon gefunden in item_icons! Zeichne Text.
2025-04-14 12:58:02 - WARNING - __main__ - Slot 0 (Blumentopf): KEIN Icon gefunden in item_icons! Zeichne Text.
2025-04-14 12:58:02 - WARNING - __main__ - Slot 1 (Sack Erde): KEIN Icon gefunden in item_icons! Zeichne Text.
2025-04-14 12:58:02 - WARNING - __main__ - Slot 2 (Weed Seeds): KEIN Icon gefunden in item_icons! Zeichne Text.
2025-04-14 12:58:02 - WARNING - __main__ - Slot 0 (Blumentopf): KEIN Icon gefunden in item_icons! Zeichne Text.
2025-04-14 12:58:02 - WARNING - __main__ - Slot 1 (Sack Erde): KEIN Icon gefunden in item_icons! Zeichne Text.
2025-04-14 12:58:02 - WARNING - __main__ - Slot 2 (Weed Seeds): KEIN Icon gefunden in item_icons! Zeichne Text.
2025-04-14 12:58:02 - WARNING - __main__ - Slot 0 (Blumentopf): KEIN Icon gefunden in item_icons! Zeichne Text.
2025-04-14 12:58:02 - WARNING - __main__ - Slot 1 (Sack Erde): KEIN Icon gefunden in item_icons! Zeichne Text.
2025-04-14 12:58:02 - WARNING - __main__ - Slot 2 (Weed Seeds): KEIN Icon gefunden in item_icons! Zeichne Text.
2025-04-14 12:58:02 - WARNING - __main__ - Slot 0 (Blumentopf): KEIN Icon gefunden in item_icons! Zeichne Text.
2025-04-14 12:58:02 - WARNING - __main__ - Slot 1 (Sack Erde): KEIN Icon gefunden in item_icons! Zeichne Text.
2025-04-14 12:58:02 - WARNING - __main__ - Slot 2 (Weed Seeds): KEIN Icon gefunden in item_icons! Zeichne Text.
2025-04-14 12:58:02 - WARNING - __main__ - Slot 0 (Blumentopf): KEIN Icon gefunden in item_icons! Zeichne Text.
2025-04-14 12:58:02 - WARNING - __main__ - Slot 1 (Sack Erde): KEIN Icon gefunden in item_icons! Zeichne Text.
2025-04-14 12:58:02 - WARNING - __main__ - Slot 2 (Weed Seeds): KEIN Icon gefunden in item_icons! Zeichne Text.
2025-04-14 12:58:02 - WARNING - __main__ - Slot 0 (Blumentopf): KEIN Icon gefunden in item_icons! Zeichne Text.
2025-04-14 12:58:02 - WARNING - __main__ - Slot 1 (Sack Erde): KEIN Icon gefunden in item_icons! Zeichne Text.
2025-04-14 12:58:02 - WARNING - __main__ - Slot 2 (Weed Seeds): KEIN Icon gefunden in item_icons! Zeichne Text.
2025-04-14 12:58:02 - WARNING - __main__ - Slot 0 (Blumentopf): KEIN Icon gefunden in item_icons! Zeichne Text.
2025-04-14 12:58:02 - WARNING - __main__ - Slot 1 (Sack Erde): KEIN Icon gefunden in item_icons! Zeichne Text.
2025-04-14 12:58:02 - WARNING - __main__ - Slot 2 (Weed Seeds): KEIN Icon gefunden in item_icons! Zeichne Text.
2025-04-14 12:58:02 - WARNING - __main__ - Slot 0 (Blumentopf): KEIN Icon gefunden in item_icons! Zeichne Text.
2025-04-14 12:58:02 - WARNING - __main__ - Slot 1 (Sack Erde): KEIN Icon gefunden in item_icons! Zeichne Text.
2025-04-14 12:58:02 - WARNING - __main__ - Slot 2 (Weed Seeds): KEIN Icon gefunden in item_icons! Zeichne Text.
2025-04-14 12:58:02 - WARNING - __main__ - Slot 0 (Blumentopf): KEIN Icon gefunden in item_icons! Zeichne Text.
2025-04-14 12:58:02 - WARNING - __main__ - Slot 1 (Sack Erde): KEIN Icon gefunden in item_icons! Zeichne Text.
2025-04-14 12:58:02 - WARNING - __main__ - Slot 2 (Weed Seeds): KEIN Icon gefunden in item_icons! Zeichne Text.
2025-04-14 12:58:02 - WARNING - __main__ - Slot 0 (Blumentopf): KEIN Icon gefunden in item_icons! Zeichne Text.
2025-04-14 12:58:02 - WARNING - __main__ - Slot 1 (Sack Erde): KEIN Icon gefunden in item_icons! Zeichne Text.
2025-04-14 12:58:02 - WARNING - __main__ - Slot 2 (Weed Seeds): KEIN Icon gefunden in item_icons! Zeichne Text.
2025-04-14 12:58:02 - WARNING - __main__ - Slot 0 (Blumentopf): KEIN Icon gefunden in item_icons! Zeichne Text.
2025-04-14 12:58:02 - WARNING - __main__ - Slot 1 (Sack Erde): KEIN Icon gefunden in item_icons! Zeichne Text.
2025-04-14 12:58:02 - WARNING - __main__ - Slot 2 (Weed Seeds): KEIN Icon gefunden in item_icons! Zeichne Text.
2025-04-14 12:58:02 - WARNING - __main__ - Slot 0 (Blumentopf): KEIN Icon gefunden in item_icons! Zeichne Text.
2025-04-14 12:58:02 - WARNING - __main__ - Slot 1 (Sack Erde): KEIN Icon gefunden in item_icons! Zeichne Text.
2025-04-14 12:58:02 - WARNING - __main__ - Slot 2 (Weed Seeds): KEIN Icon gefunden in item_icons! Zeichne Text.
2025-04-14 12:58:02 - WARNING - __main__ - Slot 0 (Blumentopf): KEIN Icon gefunden in item_icons! Zeichne Text.
2025-04-14 12:58:02 - WARNING - __main__ - Slot 1 (Sack Erde): KEIN Icon gefunden in item_icons! Zeichne Text.
2025-04-14 12:58:02 - WARNING - __main__ - Slot 2 (Weed Seeds): KEIN Icon gefunden in item_icons! Zeichne Text.
2025-04-14 12:58:02 - WARNING - __main__ - Slot 0 (Blumentopf): KEIN Icon gefunden in item_icons! Zeichne Text.
2025-04-14 12:58:02 - WARNING - __main__ - Slot 1 (Sack Erde): KEIN Icon gefunden in item_icons! Zeichne Text.
2025-04-14 12:58:02 - WARNING - __main__ - Slot 2 (Weed Seeds): KEIN Icon gefunden in item_icons! Zeichne Text.
2025-04-14 12:58:02 - WARNING - __main__ - Slot 0 (Blumentopf): KEIN Icon gefunden in item_icons! Zeichne Text.
2025-04-14 12:58:02 - WARNING - __main__ - Slot 1 (Sack Erde): KEIN Icon gefunden in item_icons! Zeichne Text.
2025-04-14 12:58:02 - WARNING - __main__ - Slot 2 (Weed Seeds): KEIN Icon gefunden in item_icons! Zeichne Text.
2025-04-14 12:58:02 - WARNING - __main__ - Slot 0 (Blumentopf): KEIN Icon gefunden in item_icons! Zeichne Text.
2025-04-14 12:58:02 - WARNING - __main__ - Slot 1 (Sack Erde): KEIN Icon gefunden in item_icons! Zeichne Text.
2025-04-14 12:58:02 - WARNING - __main__ - Slot 2 (Weed Seeds): KEIN Icon gefunden in item_icons! Zeichne Text.
2025-04-14 12:58:02 - WARNING - __main__ - Slot 0 (Blumentopf): KEIN Icon gefunden in item_icons! Zeichne Text.
2025-04-14 12:58:02 - WARNING - __main__ - Slot 1 (Sack Erde): KEIN Icon gefunden in item_icons! Zeichne Text.
2025-04-14 12:58:02 - WARNING - __main__ - Slot 2 (Weed Seeds): KEIN Icon gefunden in item_icons! Zeichne Text.
2025-04-14 12:58:02 - WARNING - __main__ - Slot 0 (Blumentopf): KEIN Icon gefunden in item_icons! Zeichne Text.
2025-04-14 12:58:02 - WARNING - __main__ - Slot 1 (Sack Erde): KEIN Icon gefunden in item_icons! Zeichne Text.
2025-04-14 12:58:02 - WARNING - __main__ - Slot 2 (Weed Seeds): KEIN Icon gefunden in item_icons! Zeichne Text.
2025-04-14 12:58:02 - WARNING - __main__ - Slot 0 (Blumentopf): KEIN Icon gefunden in item_icons! Zeichne Text.
2025-04-14 12:58:02 - WARNING - __main__ - Slot 1 (Sack Erde): KEIN Icon gefunden in item_icons! Zeichne Text.
2025-04-14 12:58:02 - WARNING - __main__ - Slot 2 (Weed Seeds): KEIN Icon gefunden in item_icons! Zeichne Text.
2025-04-14 12:58:02 - WARNING - __main__ - Slot 0 (Blumentopf): KEIN Icon gefunden in item_icons! Zeichne Text.
2025-04-14 12:58:02 - WARNING - __main__ - Slot 1 (Sack Erde): KEIN Icon gefunden in item_icons! Zeichne Text.
2025-04-14 12:58:02 - WARNING - __main__ - Slot 2 (Weed Seeds): KEIN Icon gefunden in item_icons! Zeichne Text.
2025-04-14 12:58:02 - WARNING - __main__ - Slot 0 (Blumentopf): KEIN Icon gefunden in item_icons! Zeichne Text.
2025-04-14 12:58:02 - WARNING - __main__ - Slot 1 (Sack Erde): KEIN Icon gefunden in item_icons! Zeichne Text.
2025-04-14 12:58:03 - WARNING - __main__ - Slot 2 (Weed Seeds): KEIN Icon gefunden in item_icons! Zeichne Text.
2025-04-14 12:58:03 - WARNING - __main__ - Slot 0 (Blumentopf): KEIN Icon gefunden in item_icons! Zeichne Text.
2025-04-14 12:58:03 - WARNING - __main__ - Slot 1 (Sack Erde): KEIN Icon gefunden in item_icons! Zeichne Text.
2025-04-14 12:58:03 - WARNING - __main__ - Slot 2 (Weed Seeds): KEIN Icon gefunden in item_icons! Zeichne Text.
2025-04-14 12:58:03 - WARNING - __main__ - Slot 0 (Blumentopf): KEIN Icon gefunden in item_icons! Zeichne Text.
2025-04-14 12:58:03 - WARNING - __main__ - Slot 1 (Sack Erde): KEIN Icon gefunden in item_icons! Zeichne Text.
2025-04-14 12:58:03 - WARNING - __main__ - Slot 2 (Weed Seeds): KEIN Icon gefunden in item_icons! Zeichne Text.
2025-04-14 12:58:03 - WARNING - __main__ - Slot 0 (Blumentopf): KEIN Icon gefunden in item_icons! Zeichne Text.
2025-04-14 12:58:03 - WARNING - __main__ - Slot 1 (Sack Erde): KEIN Icon gefunden in item_icons! Zeichne Text.
2025-04-14 12:58:03 - WARNING - __main__ - Slot 2 (Weed Seeds): KEIN Icon gefunden in item_icons! Zeichne Text.
2025-04-14 12:58:03 - WARNING - __main__ - Slot 0 (Blumentopf): KEIN Icon gefunden in item_icons! Zeichne Text.
2025-04-14 12:58:03 - WARNING - __main__ - Slot 1 (Sack Erde): KEIN Icon gefunden in item_icons! Zeichne Text.
2025-04-14 12:58:03 - WARNING - __main__ - Slot 2 (Weed Seeds): KEIN Icon gefunden in item_icons! Zeichne Text.
2025-04-14 12:58:03 - WARNING - __main__ - Slot 0 (Blumentopf): KEIN Icon gefunden in item_icons! Zeichne Text.
2025-04-14 12:58:03 - WARNING - __main__ - Slot 1 (Sack Erde): KEIN Icon gefunden in item_icons! Zeichne Text.
2025-04-14 12:58:03 - WARNING - __main__ - Slot 2 (Weed Seeds): KEIN Icon gefunden in item_icons! Zeichne Text.
2025-04-14 12:58:03 - WARNING - __main__ - Slot 0 (Blumentopf): KEIN Icon gefunden in item_icons! Zeichne Text.
2025-04-14 12:58:03 - WARNING - __main__ - Slot 1 (Sack Erde): KEIN Icon gefunden in item_icons! Zeichne Text.
2025-04-14 12:58:03 - WARNING - __main__ - Slot 2 (Weed Seeds): KEIN Icon gefunden in item_icons! Zeichne Text.
2025-04-14 12:58:03 - WARNING - __main__ - Slot 0 (Blumentopf): KEIN Icon gefunden in item_icons! Zeichne Text.
2025-04-14 12:58:03 - WARNING - __main__ - Slot 1 (Sack Erde): KEIN Icon gefunden in item_icons! Zeichne Text.
2025-04-14 12:58:03 - WARNING - __main__ - Slot 2 (Weed Seeds): KEIN Icon gefunden in item_icons! Zeichne Text.
2025-04-14 12:58:03 - WARNING - __main__ - Slot 0 (Blumentopf): KEIN Icon gefunden in item_icons! Zeichne Text.
2025-04-14 12:58:03 - WARNING - __main__ - Slot 1 (Sack Erde): KEIN Icon gefunden in item_icons! Zeichne Text.
2025-04-14 12:58:03 - WARNING - __main__ - Slot 2 (Weed Seeds): KEIN Icon gefunden in item_icons! Zeichne Text.
2025-04-14 12:58:03 - WARNING - __main__ - Slot 0 (Blumentopf): KEIN Icon gefunden in item_icons! Zeichne Text.
2025-04-14 12:58:03 - WARNING - __main__ - Slot 1 (Sack Erde): KEIN Icon gefunden in item_icons! Zeichne Text.
2025-04-14 12:58:03 - WARNING - __main__ - Slot 2 (Weed Seeds): KEIN Icon gefunden in item_icons! Zeichne Text.
2025-04-14 12:58:03 - WARNING - __main__ - Slot 0 (Blumentopf): KEIN Icon gefunden in item_icons! Zeichne Text.
2025-04-14 12:58:03 - WARNING - __main__ - Slot 1 (Sack Erde): KEIN Icon gefunden in item_icons! Zeichne Text.
2025-04-14 12:58:03 - WARNING - __main__ - Slot 2 (Weed Seeds): KEIN Icon gefunden in item_icons! Zeichne Text.
2025-04-14 12:58:03 - WARNING - __main__ - Slot 0 (Blumentopf): KEIN Icon gefunden in item_icons! Zeichne Text.
2025-04-14 12:58:03 - WARNING - __main__ - Slot 1 (Sack Erde): KEIN Icon gefunden in item_icons! Zeichne Text.
2025-04-14 12:58:03 - WARNING - __main__ - Slot 2 (Weed Seeds): KEIN Icon gefunden in item_icons! Zeichne Text.
2025-04-14 12:58:03 - WARNING - __main__ - Slot 0 (Blumentopf): KEIN Icon gefunden in item_icons! Zeichne Text.
2025-04-14 12:58:03 - WARNING - __main__ - Slot 1 (Sack Erde): KEIN Icon gefunden in item_icons! Zeichne Text.
2025-04-14 12:58:03 - WARNING - __main__ - Slot 2 (Weed Seeds): KEIN Icon gefunden in item_icons! Zeichne Text.
2025-04-14 12:58:03 - WARNING - __main__ - Slot 0 (Blumentopf): KEIN Icon gefunden in item_icons! Zeichne Text.
2025-04-14 12:58:03 - WARNING - __main__ - Slot 1 (Sack Erde): KEIN Icon gefunden in item_icons! Zeichne Text.
2025-04-14 12:58:03 - WARNING - __main__ - Slot 2 (Weed Seeds): KEIN Icon gefunden in item_icons! Zeichne Text.
2025-04-14 12:58:03 - WARNING - __main__ - Slot 0 (Blumentopf): KEIN Icon gefunden in item_icons! Zeichne Text.
2025-04-14 12:58:03 - WARNING - __main__ - Slot 1 (Sack Erde): KEIN Icon gefunden in item_icons! Zeichne Text.
2025-04-14 12:58:03 - WARNING - __main__ - Slot 2 (Weed Seeds): KEIN Icon gefunden in item_icons! Zeichne Text.
2025-04-14 12:58:03 - WARNING - __main__ - Slot 0 (Blumentopf): KEIN Icon gefunden in item_icons! Zeichne Text.
2025-04-14 12:58:03 - WARNING - __main__ - Slot 1 (Sack Erde): KEIN Icon gefunden in item_icons! Zeichne Text.
2025-04-14 12:58:03 - WARNING - __main__ - Slot 2 (Weed Seeds): KEIN Icon gefunden in item_icons! Zeichne Text.
2025-04-14 12:58:03 - WARNING - __main__ - Slot 0 (Blumentopf): KEIN Icon gefunden in item_icons! Zeichne Text.
2025-04-14 12:58:03 - WARNING - __main__ - Slot 1 (Sack Erde): KEIN Icon gefunden in item_icons! Zeichne Text.
2025-04-14 12:58:03 - WARNING - __main__ - Slot 2 (Weed Seeds): KEIN Icon gefunden in item_icons! Zeichne Text.
2025-04-14 12:58:03 - WARNING - __main__ - Slot 0 (Blumentopf): KEIN Icon gefunden in item_icons! Zeichne Text.
2025-04-14 12:58:03 - WARNING - __main__ - Slot 1 (Sack Erde): KEIN Icon gefunden in item_icons! Zeichne Text.
2025-04-14 12:58:03 - WARNING - __main__ - Slot 2 (Weed Seeds): KEIN Icon gefunden in item_icons! Zeichne Text.
2025-04-14 12:58:03 - WARNING - __main__ - Slot 0 (Blumentopf): KEIN Icon gefunden in item_icons! Zeichne Text.
2025-04-14 12:58:03 - WARNING - __main__ - Slot 1 (Sack Erde): KEIN Icon gefunden in item_icons! Zeichne Text.
2025-04-14 12:58:03 - WARNING - __main__ - Slot 2 (Weed Seeds): KEIN Icon gefunden in item_icons! Zeichne Text.
2025-04-14 12:58:03 - WARNING - __main__ - Slot 0 (Blumentopf): KEIN Icon gefunden in item_icons! Zeichne Text.
2025-04-14 12:58:03 - WARNING - __main__ - Slot 1 (Sack Erde): KEIN Icon gefunden in item_icons! Zeichne Text.
2025-04-14 12:58:03 - WARNING - __main__ - Slot 2 (Weed Seeds): KEIN Icon gefunden in item_icons! Zeichne Text.
2025-04-14 12:58:03 - WARNING - __main__ - Slot 0 (Blumentopf): KEIN Icon gefunden in item_icons! Zeichne Text.
2025-04-14 12:58:03 - WARNING - __main__ - Slot 1 (Sack Erde): KEIN Icon gefunden in item_icons! Zeichne Text.
2025-04-14 12:58:03 - WARNING - __main__ - Slot 2 (Weed Seeds): KEIN Icon gefunden in item_icons! Zeichne Text.
2025-04-14 12:58:03 - WARNING - __main__ - Slot 0 (Blumentopf): KEIN Icon gefunden in item_icons! Zeichne Text.
2025-04-14 12:58:03 - WARNING - __main__ - Slot 1 (Sack Erde): KEIN Icon gefunden in item_icons! Zeichne Text.
2025-04-14 12:58:03 - WARNING - __main__ - Slot 2 (Weed Seeds): KEIN Icon gefunden in item_icons! Zeichne Text.
2025-04-14 12:58:03 - WARNING - __main__ - Slot 0 (Blumentopf): KEIN Icon gefunden in item_icons! Zeichne Text.
2025-04-14 12:58:03 - WARNING - __main__ - Slot 1 (Sack Erde): KEIN Icon gefunden in item_icons! Zeichne Text.
2025-04-14 12:58:03 - WARNING - __main__ - Slot 2 (Weed Seeds): KEIN Icon gefunden in item_icons! Zeichne Text.
2025-04-14 12:58:03 - WARNING - __main__ - Slot 0 (Blumentopf): KEIN Icon gefunden in item_icons! Zeichne Text.
2025-04-14 12:58:03 - WARNING - __main__ - Slot 1 (Sack Erde): KEIN Icon gefunden in item_icons! Zeichne Text.
2025-04-14 12:58:03 - WARNING - __main__ - Slot 2 (Weed Seeds): KEIN Icon gefunden in item_icons! Zeichne Text.
2025-04-14 12:58:03 - WARNING - __main__ - Slot 0 (Blumentopf): KEIN Icon gefunden in item_icons! Zeichne Text.
2025-04-14 12:58:03 - WARNING - __main__ - Slot 1 (Sack Erde): KEIN Icon gefunden in item_icons! Zeichne Text.
2025-04-14 12:58:03 - WARNING - __main__ - Slot 2 (Weed Seeds): KEIN Icon gefunden in item_icons! Zeichne Text.
2025-04-14 12:58:03 - WARNING - __main__ - Slot 0 (Blumentopf): KEIN Icon gefunden in item_icons! Zeichne Text.
2025-04-14 12:58:03 - WARNING - __main__ - Slot 1 (Sack Erde): KEIN Icon gefunden in item_icons! Zeichne Text.
2025-04-14 12:58:03 - WARNING - __main__ - Slot 2 (Weed Seeds): KEIN Icon gefunden in item_icons! Zeichne Text.
2025-04-14 12:58:03 - WARNING - __main__ - Slot 0 (Blumentopf): KEIN Icon gefunden in item_icons! Zeichne Text.
2025-04-14 12:58:03 - WARNING - __main__ - Slot 1 (Sack Erde): KEIN Icon gefunden in item_icons! Zeichne Text.
2025-04-14 12:58:03 - WARNING - __main__ - Slot 2 (Weed Seeds): KEIN Icon gefunden in item_icons! Zeichne Text.
2025-04-14 12:58:03 - WARNING - __main__ - Slot 0 (Blumentopf): KEIN Icon gefunden in item_icons! Zeichne Text.
2025-04-14 12:58:03 - WARNING - __main__ - Slot 1 (Sack Erde): KEIN Icon gefunden in item_icons! Zeichne Text.
2025-04-14 12:58:03 - WARNING - __main__ - Slot 2 (Weed Seeds): KEIN Icon gefunden in item_icons! Zeichne Text.
2025-04-14 12:58:03 - WARNING - __main__ - Slot 0 (Blumentopf): KEIN Icon gefunden in item_icons! Zeichne Text.
2025-04-14 12:58:03 - WARNING - __main__ - Slot 1 (Sack Erde): KEIN Icon gefunden in item_icons! Zeichne Text.
2025-04-14 12:58:03 - WARNING - __main__ - Slot 2 (Weed Seeds): KEIN Icon gefunden in item_icons! Zeichne Text.
2025-04-14 12:58:03 - WARNING - __main__ - Slot 0 (Blumentopf): KEIN Icon gefunden in item_icons! Zeichne Text.
2025-04-14 12:58:03 - WARNING - __main__ - Slot 1 (Sack Erde): KEIN Icon gefunden in item_icons! Zeichne Text.
2025-04-14 12:58:03 - WARNING - __main__ - Slot 2 (Weed Seeds): KEIN Icon gefunden in item_icons! Zeichne Text.
2025-04-14 12:58:03 - WARNING - __main__ - Slot 0 (Blumentopf): KEIN Icon gefunden in item_icons! Zeichne Text.
2025-04-14 12:58:03 - WARNING - __main__ - Slot 1 (Sack Erde): KEIN Icon gefunden in item_icons! Zeichne Text.
2025-04-14 12:58:03 - WARNING - __main__ - Slot 2 (Weed Seeds): KEIN Icon gefunden in item_icons! Zeichne Text.
2025-04-14 12:58:03 - WARNING - __main__ - Slot 0 (Blumentopf): KEIN Icon gefunden in item_icons! Zeichne Text.
2025-04-14 12:58:03 - WARNING - __main__ - Slot 1 (Sack Erde): KEIN Icon gefunden in item_icons! Zeichne Text.
2025-04-14 12:58:03 - WARNING - __main__ - Slot 2 (Weed Seeds): KEIN Icon gefunden in item_icons! Zeichne Text.
2025-04-14 12:58:03 - WARNING - __main__ - Slot 0 (Blumentopf): KEIN Icon gefunden in item_icons! Zeichne Text.
2025-04-14 12:58:03 - WARNING - __main__ - Slot 1 (Sack Erde): KEIN Icon gefunden in item_icons! Zeichne Text.
2025-04-14 12:58:03 - WARNING - __main__ - Slot 2 (Weed Seeds): KEIN Icon gefunden in item_icons! Zeichne Text.
2025-04-14 12:58:03 - WARNING - __main__ - Slot 0 (Blumentopf): KEIN Icon gefunden in item_icons! Zeichne Text.
2025-04-14 12:58:03 - WARNING - __main__ - Slot 1 (Sack Erde): KEIN Icon gefunden in item_icons! Zeichne Text.
2025-04-14 12:58:03 - WARNING - __main__ - Slot 2 (Weed Seeds): KEIN Icon gefunden in item_icons! Zeichne Text.
2025-04-14 12:58:03 - WARNING - __main__ - Slot 0 (Blumentopf): KEIN Icon gefunden in item_icons! Zeichne Text.
2025-04-14 12:58:03 - WARNING - __main__ - Slot 1 (Sack Erde): KEIN Icon gefunden in item_icons! Zeichne Text.
2025-04-14 12:58:03 - WARNING - __main__ - Slot 2 (Weed Seeds): KEIN Icon gefunden in item_icons! Zeichne Text.
2025-04-14 12:58:03 - WARNING - __main__ - Slot 0 (Blumentopf): KEIN Icon gefunden in item_icons! Zeichne Text.
2025-04-14 12:58:03 - WARNING - __main__ - Slot 1 (Sack Erde): KEIN Icon gefunden in item_icons! Zeichne Text.
2025-04-14 12:58:03 - WARNING - __main__ - Slot 2 (Weed Seeds): KEIN Icon gefunden in item_icons! Zeichne Text.
2025-04-14 12:58:03 - WARNING - __main__ - Slot 0 (Blumentopf): KEIN Icon gefunden in item_icons! Zeichne Text.
2025-04-14 12:58:03 - WARNING - __main__ - Slot 1 (Sack Erde): KEIN Icon gefunden in item_icons! Zeichne Text.
2025-04-14 12:58:03 - WARNING - __main__ - Slot 2 (Weed Seeds): KEIN Icon gefunden in item_icons! Zeichne Text.
2025-04-14 12:58:03 - WARNING - __main__ - Slot 0 (Blumentopf): KEIN Icon gefunden in item_icons! Zeichne Text.
2025-04-14 12:58:03 - WARNING - __main__ - Slot 1 (Sack Erde): KEIN Icon gefunden in item_icons! Zeichne Text.
2025-04-14 12:58:03 - WARNING - __main__ - Slot 2 (Weed Seeds): KEIN Icon gefunden in item_icons! Zeichne Text.
2025-04-14 12:58:03 - WARNING - __main__ - Slot 0 (Blumentopf): KEIN Icon gefunden in item_icons! Zeichne Text.
2025-04-14 12:58:03 - WARNING - __main__ - Slot 1 (Sack Erde): KEIN Icon gefunden in item_icons! Zeichne Text.
2025-04-14 12:58:03 - WARNING - __main__ - Slot 2 (Weed Seeds): KEIN Icon gefunden in item_icons! Zeichne Text.
2025-04-14 12:58:03 - WARNING - __main__ - Slot 0 (Blumentopf): KEIN Icon gefunden in item_icons! Zeichne Text.
2025-04-14 12:58:03 - WARNING - __main__ - Slot 1 (Sack Erde): KEIN Icon gefunden in item_icons! Zeichne Text.
2025-04-14 12:58:03 - WARNING - __main__ - Slot 2 (Weed Seeds): KEIN Icon gefunden in item_icons! Zeichne Text.
2025-04-14 12:58:03 - WARNING - __main__ - Slot 0 (Blumentopf): KEIN Icon gefunden in item_icons! Zeichne Text.
2025-04-14 12:58:03 - WARNING - __main__ - Slot 1 (Sack Erde): KEIN Icon gefunden in item_icons! Zeichne Text.
2025-04-14 12:58:03 - WARNING - __main__ - Slot 2 (Weed Seeds): KEIN Icon gefunden in item_icons! Zeichne Text.
2025-04-14 12:58:03 - WARNING - __main__ - Slot 0 (Blumentopf): KEIN Icon gefunden in item_icons! Zeichne Text.
2025-04-14 12:58:03 - WARNING - __main__ - Slot 1 (Sack Erde): KEIN Icon gefunden in item_icons! Zeichne Text.
2025-04-14 12:58:03 - WARNING - __main__ - Slot 2 (Weed Seeds): KEIN Icon gefunden in item_icons! Zeichne Text.
2025-04-14 12:58:03 - WARNING - __main__ - Slot 0 (Blumentopf): KEIN Icon gefunden in item_icons! Zeichne Text.
2025-04-14 12:58:03 - WARNING - __main__ - Slot 1 (Sack Erde): KEIN Icon gefunden in item_icons! Zeichne Text.
2025-04-14 12:58:03 - WARNING - __main__ - Slot 2 (Weed Seeds): KEIN Icon gefunden in item_icons! Zeichne Text.
2025-04-14 12:58:03 - WARNING - __main__ - Slot 0 (Blumentopf): KEIN Icon gefunden in item_icons! Zeichne Text.
2025-04-14 12:58:03 - WARNING - __main__ - Slot 1 (Sack Erde): KEIN Icon gefunden in item_icons! Zeichne Text.
2025-04-14 12:58:03 - WARNING - __main__ - Slot 2 (Weed Seeds): KEIN Icon gefunden in item_icons! Zeichne Text.
2025-04-14 12:58:03 - WARNING - __main__ - Slot 0 (Blumentopf): KEIN Icon gefunden in item_icons! Zeichne Text.
2025-04-14 12:58:03 - WARNING - __main__ - Slot 1 (Sack Erde): KEIN Icon gefunden in item_icons! Zeichne Text.
2025-04-14 12:58:03 - WARNING - __main__ - Slot 2 (Weed Seeds): KEIN Icon gefunden in item_icons! Zeichne Text.
2025-04-14 12:58:03 - WARNING - __main__ - Slot 0 (Blumentopf): KEIN Icon gefunden in item_icons! Zeichne Text.
2025-04-14 12:58:03 - WARNING - __main__ - Slot 1 (Sack Erde): KEIN Icon gefunden in item_icons! Zeichne Text.
2025-04-14 12:58:03 - WARNING - __main__ - Slot 2 (Weed Seeds): KEIN Icon gefunden in item_icons! Zeichne Text.
2025-04-14 12:58:03 - WARNING - __main__ - Slot 0 (Blumentopf): KEIN Icon gefunden in item_icons! Zeichne Text.
2025-04-14 12:58:03 - WARNING - __main__ - Slot 1 (Sack Erde): KEIN Icon gefunden in item_icons! Zeichne Text.
2025-04-14 12:58:03 - WARNING - __main__ - Slot 2 (Weed Seeds): KEIN Icon gefunden in item_icons! Zeichne Text.
2025-04-14 12:58:03 - WARNING - __main__ - Slot 0 (Blumentopf): KEIN Icon gefunden in item_icons! Zeichne Text.
2025-04-14 12:58:03 - WARNING - __main__ - Slot 1 (Sack Erde): KEIN Icon gefunden in item_icons! Zeichne Text.
2025-04-14 12:58:03 - WARNING - __main__ - Slot 2 (Weed Seeds): KEIN Icon gefunden in item_icons! Zeichne Text.
2025-04-14 12:58:03 - WARNING - __main__ - Slot 0 (Blumentopf): KEIN Icon gefunden in item_icons! Zeichne Text.
2025-04-14 12:58:03 - WARNING - __main__ - Slot 1 (Sack Erde): KEIN Icon gefunden in item_icons! Zeichne Text.
2025-04-14 12:58:03 - WARNING - __main__ - Slot 2 (Weed Seeds): KEIN Icon gefunden in item_icons! Zeichne Text.
2025-04-14 12:58:03 - WARNING - __main__ - Slot 0 (Blumentopf): KEIN Icon gefunden in item_icons! Zeichne Text.
2025-04-14 12:58:03 - WARNING - __main__ - Slot 1 (Sack Erde): KEIN Icon gefunden in item_icons! Zeichne Text.
2025-04-14 12:58:03 - WARNING - __main__ - Slot 2 (Weed Seeds): KEIN Icon gefunden in item_icons! Zeichne Text.
2025-04-14 12:58:03 - WARNING - __main__ - Slot 0 (Blumentopf): KEIN Icon gefunden in item_icons! Zeichne Text.
2025-04-14 12:58:03 - WARNING - __main__ - Slot 1 (Sack Erde): KEIN Icon gefunden in item_icons! Zeichne Text.
2025-04-14 12:58:03 - WARNING - __main__ - Slot 2 (Weed Seeds): KEIN Icon gefunden in item_icons! Zeichne Text.
2025-04-14 12:58:03 - WARNING - __main__ - Slot 0 (Blumentopf): KEIN Icon gefunden in item_icons! Zeichne Text.
2025-04-14 12:58:03 - WARNING - __main__ - Slot 1 (Sack Erde): KEIN Icon gefunden in item_icons! Zeichne Text.
2025-04-14 12:58:03 - WARNING - __main__ - Slot 2 (Weed Seeds): KEIN Icon gefunden in item_icons! Zeichne Text.
2025-04-14 12:58:03 - WARNING - __main__ - Slot 0 (Blumentopf): KEIN Icon gefunden in item_icons! Zeichne Text.
2025-04-14 12:58:03 - WARNING - __main__ - Slot 1 (Sack Erde): KEIN Icon gefunden in item_icons! Zeichne Text.
2025-04-14 12:58:03 - WARNING - __main__ - Slot 2 (Weed Seeds): KEIN Icon gefunden in item_icons! Zeichne Text.
2025-04-14 12:58:03 - WARNING - __main__ - Slot 0 (Blumentopf): KEIN Icon gefunden in item_icons! Zeichne Text.
2025-04-14 12:58:03 - WARNING - __main__ - Slot 1 (Sack Erde): KEIN Icon gefunden in item_icons! Zeichne Text.
2025-04-14 12:58:03 - WARNING - __main__ - Slot 2 (Weed Seeds): KEIN Icon gefunden in item_icons! Zeichne Text.
2025-04-14 12:58:03 - WARNING - __main__ - Slot 0 (Blumentopf): KEIN Icon gefunden in item_icons! Zeichne Text.
2025-04-14 12:58:03 - WARNING - __main__ - Slot 1 (Sack Erde): KEIN Icon gefunden in item_icons! Zeichne Text.
2025-04-14 12:58:03 - WARNING - __main__ - Slot 2 (Weed Seeds): KEIN Icon gefunden in item_icons! Zeichne Text.
2025-04-14 12:58:03 - WARNING - __main__ - Slot 0 (Blumentopf): KEIN Icon gefunden in item_icons! Zeichne Text.
2025-04-14 12:58:03 - WARNING - __main__ - Slot 1 (Sack Erde): KEIN Icon gefunden in item_icons! Zeichne Text.
2025-04-14 12:58:03 - WARNING - __main__ - Slot 2 (Weed Seeds): KEIN Icon gefunden in item_icons! Zeichne Text.
2025-04-14 12:58:03 - WARNING - __main__ - Slot 0 (Blumentopf): KEIN Icon gefunden in item_icons! Zeichne Text.
2025-04-14 12:58:03 - WARNING - __main__ - Slot 1 (Sack Erde): KEIN Icon gefunden in item_icons! Zeichne Text.
2025-04-14 12:58:03 - WARNING - __main__ - Slot 2 (Weed Seeds): KEIN Icon gefunden in item_icons! Zeichne Text.
2025-04-14 12:58:03 - WARNING - __main__ - Slot 0 (Blumentopf): KEIN Icon gefunden in item_icons! Zeichne Text.
2025-04-14 12:58:03 - WARNING - __main__ - Slot 1 (Sack Erde): KEIN Icon gefunden in item_icons! Zeichne Text.
2025-04-14 12:58:03 - WARNING - __main__ - Slot 2 (Weed Seeds): KEIN Icon gefunden in item_icons! Zeichne Text.
2025-04-14 12:58:03 - WARNING - __main__ - Slot 0 (Blumentopf): KEIN Icon gefunden in item_icons! Zeichne Text.
2025-04-14 12:58:03 - WARNING - __main__ - Slot 1 (Sack Erde): KEIN Icon gefunden in item_icons! Zeichne Text.
2025-04-14 12:58:03 - WARNING - __main__ - Slot 2 (Weed Seeds): KEIN Icon gefunden in item_icons! Zeichne Text.
2025-04-14 12:58:03 - WARNING - __main__ - Slot 0 (Blumentopf): KEIN Icon gefunden in item_icons! Zeichne Text.
2025-04-14 12:58:03 - WARNING - __main__ - Slot 1 (Sack Erde): KEIN Icon gefunden in item_icons! Zeichne Text.
2025-04-14 12:58:03 - WARNING - __main__ - Slot 2 (Weed Seeds): KEIN Icon gefunden in item_icons! Zeichne Text.
2025-04-14 12:58:03 - WARNING - __main__ - Slot 0 (Blumentopf): KEIN Icon gefunden in item_icons! Zeichne Text.
2025-04-14 12:58:03 - WARNING - __main__ - Slot 1 (Sack Erde): KEIN Icon gefunden in item_icons! Zeichne Text.
2025-04-14 12:58:03 - WARNING - __main__ - Slot 2 (Weed Seeds): KEIN Icon gefunden in item_icons! Zeichne Text.
2025-04-14 12:58:03 - WARNING - __main__ - Slot 0 (Blumentopf): KEIN Icon gefunden in item_icons! Zeichne Text.
2025-04-14 12:58:03 - WARNING - __main__ - Slot 1 (Sack Erde): KEIN Icon gefunden in item_icons! Zeichne Text.
2025-04-14 12:58:03 - WARNING - __main__ - Slot 2 (Weed Seeds): KEIN Icon gefunden in item_icons! Zeichne Text.
2025-04-14 12:58:04 - WARNING - __main__ - Slot 0 (Blumentopf): KEIN Icon gefunden in item_icons! Zeichne Text.
2025-04-14 12:58:04 - WARNING - __main__ - Slot 1 (Sack Erde): KEIN Icon gefunden in item_icons! Zeichne Text.
2025-04-14 12:58:04 - WARNING - __main__ - Slot 2 (Weed Seeds): KEIN Icon gefunden in item_icons! Zeichne Text.
2025-04-14 12:58:04 - WARNING - __main__ - Slot 0 (Blumentopf): KEIN Icon gefunden in item_icons! Zeichne Text.
2025-04-14 12:58:04 - WARNING - __main__ - Slot 1 (Sack Erde): KEIN Icon gefunden in item_icons! Zeichne Text.
2025-04-14 12:58:04 - WARNING - __main__ - Slot 2 (Weed Seeds): KEIN Icon gefunden in item_icons! Zeichne Text.
2025-04-14 12:58:04 - WARNING - __main__ - Slot 0 (Blumentopf): KEIN Icon gefunden in item_icons! Zeichne Text.
2025-04-14 12:58:04 - WARNING - __main__ - Slot 1 (Sack Erde): KEIN Icon gefunden in item_icons! Zeichne Text.
2025-04-14 12:58:04 - WARNING - __main__ - Slot 2 (Weed Seeds): KEIN Icon gefunden in item_icons! Zeichne Text.
2025-04-14 12:58:04 - WARNING - __main__ - Slot 0 (Blumentopf): KEIN Icon gefunden in item_icons! Zeichne Text.
2025-04-14 12:58:04 - WARNING - __main__ - Slot 1 (Sack Erde): KEIN Icon gefunden in item_icons! Zeichne Text.
2025-04-14 12:58:04 - WARNING - __main__ - Slot 2 (Weed Seeds): KEIN Icon gefunden in item_icons! Zeichne Text.
2025-04-14 12:58:04 - WARNING - __main__ - Slot 0 (Blumentopf): KEIN Icon gefunden in item_icons! Zeichne Text.
2025-04-14 12:58:04 - WARNING - __main__ - Slot 1 (Sack Erde): KEIN Icon gefunden in item_icons! Zeichne Text.
2025-04-14 12:58:04 - WARNING - __main__ - Slot 2 (Weed Seeds): KEIN Icon gefunden in item_icons! Zeichne Text.
2025-04-14 12:58:04 - WARNING - __main__ - Slot 0 (Blumentopf): KEIN Icon gefunden in item_icons! Zeichne Text.
2025-04-14 12:58:04 - WARNING - __main__ - Slot 1 (Sack Erde): KEIN Icon gefunden in item_icons! Zeichne Text.
2025-04-14 12:58:04 - WARNING - __main__ - Slot 2 (Weed Seeds): KEIN Icon gefunden in item_icons! Zeichne Text.
2025-04-14 12:58:04 - WARNING - __main__ - Slot 0 (Blumentopf): KEIN Icon gefunden in item_icons! Zeichne Text.
2025-04-14 12:58:04 - WARNING - __main__ - Slot 1 (Sack Erde): KEIN Icon gefunden in item_icons! Zeichne Text.
2025-04-14 12:58:04 - WARNING - __main__ - Slot 2 (Weed Seeds): KEIN Icon gefunden in item_icons! Zeichne Text.
2025-04-14 12:58:04 - WARNING - __main__ - Slot 0 (Blumentopf): KEIN Icon gefunden in item_icons! Zeichne Text.
2025-04-14 12:58:04 - WARNING - __main__ - Slot 1 (Sack Erde): KEIN Icon gefunden in item_icons! Zeichne Text.
2025-04-14 12:58:04 - WARNING - __main__ - Slot 2 (Weed Seeds): KEIN Icon gefunden in item_icons! Zeichne Text.
2025-04-14 12:58:04 - WARNING - __main__ - Slot 0 (Blumentopf): KEIN Icon gefunden in item_icons! Zeichne Text.
2025-04-14 12:58:04 - WARNING - __main__ - Slot 1 (Sack Erde): KEIN Icon gefunden in item_icons! Zeichne Text.
2025-04-14 12:58:04 - WARNING - __main__ - Slot 2 (Weed Seeds): KEIN Icon gefunden in item_icons! Zeichne Text.
2025-04-14 12:58:04 - WARNING - __main__ - Slot 0 (Blumentopf): KEIN Icon gefunden in item_icons! Zeichne Text.
2025-04-14 12:58:04 - WARNING - __main__ - Slot 1 (Sack Erde): KEIN Icon gefunden in item_icons! Zeichne Text.
2025-04-14 12:58:04 - WARNING - __main__ - Slot 2 (Weed Seeds): KEIN Icon gefunden in item_icons! Zeichne Text.
2025-04-14 12:58:04 - WARNING - __main__ - Slot 0 (Blumentopf): KEIN Icon gefunden in item_icons! Zeichne Text.
2025-04-14 12:58:04 - WARNING - __main__ - Slot 1 (Sack Erde): KEIN Icon gefunden in item_icons! Zeichne Text.
2025-04-14 12:58:04 - WARNING - __main__ - Slot 2 (Weed Seeds): KEIN Icon gefunden in item_icons! Zeichne Text.
2025-04-14 12:58:04 - WARNING - __main__ - Slot 0 (Blumentopf): KEIN Icon gefunden in item_icons! Zeichne Text.
2025-04-14 12:58:04 - WARNING - __main__ - Slot 1 (Sack Erde): KEIN Icon gefunden in item_icons! Zeichne Text.
2025-04-14 12:58:04 - WARNING - __main__ - Slot 2 (Weed Seeds): KEIN Icon gefunden in item_icons! Zeichne Text.
2025-04-14 12:58:04 - WARNING - __main__ - Slot 0 (Blumentopf): KEIN Icon gefunden in item_icons! Zeichne Text.
2025-04-14 12:58:04 - WARNING - __main__ - Slot 1 (Sack Erde): KEIN Icon gefunden in item_icons! Zeichne Text.
2025-04-14 12:58:04 - WARNING - __main__ - Slot 2 (Weed Seeds): KEIN Icon gefunden in item_icons! Zeichne Text.
2025-04-14 12:58:04 - WARNING - __main__ - Slot 0 (Blumentopf): KEIN Icon gefunden in item_icons! Zeichne Text.
2025-04-14 12:58:04 - WARNING - __main__ - Slot 1 (Sack Erde): KEIN Icon gefunden in item_icons! Zeichne Text.
2025-04-14 12:58:04 - WARNING - __main__ - Slot 2 (Weed Seeds): KEIN Icon gefunden in item_icons! Zeichne Text.
2025-04-14 12:58:04 - WARNING - __main__ - Slot 0 (Blumentopf): KEIN Icon gefunden in item_icons! Zeichne Text.
2025-04-14 12:58:04 - WARNING - __main__ - Slot 1 (Sack Erde): KEIN Icon gefunden in item_icons! Zeichne Text.
2025-04-14 12:58:04 - WARNING - __main__ - Slot 2 (Weed Seeds): KEIN Icon gefunden in item_icons! Zeichne Text.
2025-04-14 12:58:04 - WARNING - __main__ - Slot 0 (Blumentopf): KEIN Icon gefunden in item_icons! Zeichne Text.
2025-04-14 12:58:04 - WARNING - __main__ - Slot 1 (Sack Erde): KEIN Icon gefunden in item_icons! Zeichne Text.
2025-04-14 12:58:04 - WARNING - __main__ - Slot 2 (Weed Seeds): KEIN Icon gefunden in item_icons! Zeichne Text.
2025-04-14 12:58:04 - WARNING - __main__ - Slot 0 (Blumentopf): KEIN Icon gefunden in item_icons! Zeichne Text.
2025-04-14 12:58:04 - WARNING - __main__ - Slot 1 (Sack Erde): KEIN Icon gefunden in item_icons! Zeichne Text.
2025-04-14 12:58:04 - WARNING - __main__ - Slot 2 (Weed Seeds): KEIN Icon gefunden in item_icons! Zeichne Text.
2025-04-14 12:58:04 - WARNING - __main__ - Slot 0 (Blumentopf): KEIN Icon gefunden in item_icons! Zeichne Text.
2025-04-14 12:58:04 - WARNING - __main__ - Slot 1 (Sack Erde): KEIN Icon gefunden in item_icons! Zeichne Text.
2025-04-14 12:58:04 - WARNING - __main__ - Slot 2 (Weed Seeds): KEIN Icon gefunden in item_icons! Zeichne Text.
2025-04-14 12:58:04 - WARNING - __main__ - Slot 0 (Blumentopf): KEIN Icon gefunden in item_icons! Zeichne Text.
2025-04-14 12:58:04 - WARNING - __main__ - Slot 1 (Sack Erde): KEIN Icon gefunden in item_icons! Zeichne Text.
2025-04-14 12:58:04 - WARNING - __main__ - Slot 2 (Weed Seeds): KEIN Icon gefunden in item_icons! Zeichne Text.
2025-04-14 12:58:04 - WARNING - __main__ - Slot 0 (Blumentopf): KEIN Icon gefunden in item_icons! Zeichne Text.
2025-04-14 12:58:04 - WARNING - __main__ - Slot 1 (Sack Erde): KEIN Icon gefunden in item_icons! Zeichne Text.
2025-04-14 12:58:04 - WARNING - __main__ - Slot 2 (Weed Seeds): KEIN Icon gefunden in item_icons! Zeichne Text.
2025-04-14 12:58:04 - WARNING - __main__ - Slot 0 (Blumentopf): KEIN Icon gefunden in item_icons! Zeichne Text.
2025-04-14 12:58:04 - WARNING - __main__ - Slot 1 (Sack Erde): KEIN Icon gefunden in item_icons! Zeichne Text.
2025-04-14 12:58:04 - WARNING - __main__ - Slot 2 (Weed Seeds): KEIN Icon gefunden in item_icons! Zeichne Text.
2025-04-14 12:58:04 - WARNING - __main__ - Slot 0 (Blumentopf): KEIN Icon gefunden in item_icons! Zeichne Text.
2025-04-14 12:58:04 - WARNING - __main__ - Slot 1 (Sack Erde): KEIN Icon gefunden in item_icons! Zeichne Text.
2025-04-14 12:58:04 - WARNING - __main__ - Slot 2 (Weed Seeds): KEIN Icon gefunden in item_icons! Zeichne Text.
2025-04-14 12:58:04 - WARNING - __main__ - Slot 0 (Blumentopf): KEIN Icon gefunden in item_icons! Zeichne Text.
2025-04-14 12:58:04 - WARNING - __main__ - Slot 1 (Sack Erde): KEIN Icon gefunden in item_icons! Zeichne Text.
2025-04-14 12:58:04 - WARNING - __main__ - Slot 2 (Weed Seeds): KEIN Icon gefunden in item_icons! Zeichne Text.
2025-04-14 12:58:04 - WARNING - __main__ - Slot 0 (Blumentopf): KEIN Icon gefunden in item_icons! Zeichne Text.
2025-04-14 12:58:04 - WARNING - __main__ - Slot 1 (Sack Erde): KEIN Icon gefunden in item_icons! Zeichne Text.
2025-04-14 12:58:04 - WARNING - __main__ - Slot 2 (Weed Seeds): KEIN Icon gefunden in item_icons! Zeichne Text.
2025-04-14 12:58:04 - WARNING - __main__ - Slot 0 (Blumentopf): KEIN Icon gefunden in item_icons! Zeichne Text.
2025-04-14 12:58:04 - WARNING - __main__ - Slot 1 (Sack Erde): KEIN Icon gefunden in item_icons! Zeichne Text.
2025-04-14 12:58:04 - WARNING - __main__ - Slot 2 (Weed Seeds): KEIN Icon gefunden in item_icons! Zeichne Text.
2025-04-14 12:58:04 - WARNING - __main__ - Slot 0 (Blumentopf): KEIN Icon gefunden in item_icons! Zeichne Text.
2025-04-14 12:58:04 - WARNING - __main__ - Slot 1 (Sack Erde): KEIN Icon gefunden in item_icons! Zeichne Text.
2025-04-14 12:58:04 - WARNING - __main__ - Slot 2 (Weed Seeds): KEIN Icon gefunden in item_icons! Zeichne Text.
2025-04-14 12:58:04 - WARNING - __main__ - Slot 0 (Blumentopf): KEIN Icon gefunden in item_icons! Zeichne Text.
2025-04-14 12:58:04 - WARNING - __main__ - Slot 1 (Sack Erde): KEIN Icon gefunden in item_icons! Zeichne Text.
2025-04-14 12:58:04 - WARNING - __main__ - Slot 2 (Weed Seeds): KEIN Icon gefunden in item_icons! Zeichne Text.
2025-04-14 12:58:04 - WARNING - __main__ - Slot 0 (Blumentopf): KEIN Icon gefunden in item_icons! Zeichne Text.
2025-04-14 12:58:04 - WARNING - __main__ - Slot 1 (Sack Erde): KEIN Icon gefunden in item_icons! Zeichne Text.
2025-04-14 12:58:04 - WARNING - __main__ - Slot 2 (Weed Seeds): KEIN Icon gefunden in item_icons! Zeichne Text.
2025-04-14 12:58:04 - WARNING - __main__ - Slot 0 (Blumentopf): KEIN Icon gefunden in item_icons! Zeichne Text.
2025-04-14 12:58:04 - WARNING - __main__ - Slot 1 (Sack Erde): KEIN Icon gefunden in item_icons! Zeichne Text.
2025-04-14 12:58:04 - WARNING - __main__ - Slot 2 (Weed Seeds): KEIN Icon gefunden in item_icons! Zeichne Text.
2025-04-14 12:58:04 - WARNING - __main__ - Slot 0 (Blumentopf): KEIN Icon gefunden in item_icons! Zeichne Text.
2025-04-14 12:58:04 - WARNING - __main__ - Slot 1 (Sack Erde): KEIN Icon gefunden in item_icons! Zeichne Text.
2025-04-14 12:58:04 - WARNING - __main__ - Slot 2 (Weed Seeds): KEIN Icon gefunden in item_icons! Zeichne Text.
2025-04-14 12:58:04 - WARNING - __main__ - Slot 0 (Blumentopf): KEIN Icon gefunden in item_icons! Zeichne Text.
2025-04-14 12:58:04 - WARNING - __main__ - Slot 1 (Sack Erde): KEIN Icon gefunden in item_icons! Zeichne Text.
2025-04-14 12:58:04 - WARNING - __main__ - Slot 2 (Weed Seeds): KEIN Icon gefunden in item_icons! Zeichne Text.
2025-04-14 12:58:04 - WARNING - __main__ - Slot 0 (Blumentopf): KEIN Icon gefunden in item_icons! Zeichne Text.
2025-04-14 12:58:04 - WARNING - __main__ - Slot 1 (Sack Erde): KEIN Icon gefunden in item_icons! Zeichne Text.
2025-04-14 12:58:04 - WARNING - __main__ - Slot 2 (Weed Seeds): KEIN Icon gefunden in item_icons! Zeichne Text.
2025-04-14 12:58:04 - WARNING - __main__ - Slot 0 (Blumentopf): KEIN Icon gefunden in item_icons! Zeichne Text.
2025-04-14 12:58:04 - WARNING - __main__ - Slot 1 (Sack Erde): KEIN Icon gefunden in item_icons! Zeichne Text.
2025-04-14 12:58:04 - WARNING - __main__ - Slot 2 (Weed Seeds): KEIN Icon gefunden in item_icons! Zeichne Text.
2025-04-14 12:58:04 - WARNING - __main__ - Slot 0 (Blumentopf): KEIN Icon gefunden in item_icons! Zeichne Text.
2025-04-14 12:58:04 - WARNING - __main__ - Slot 1 (Sack Erde): KEIN Icon gefunden in item_icons! Zeichne Text.
2025-04-14 12:58:04 - WARNING - __main__ - Slot 2 (Weed Seeds): KEIN Icon gefunden in item_icons! Zeichne Text.
2025-04-14 12:58:04 - WARNING - __main__ - Slot 0 (Blumentopf): KEIN Icon gefunden in item_icons! Zeichne Text.
2025-04-14 12:58:04 - WARNING - __main__ - Slot 1 (Sack Erde): KEIN Icon gefunden in item_icons! Zeichne Text.
2025-04-14 12:58:04 - WARNING - __main__ - Slot 2 (Weed Seeds): KEIN Icon gefunden in item_icons! Zeichne Text.
2025-04-14 12:58:04 - WARNING - __main__ - Slot 0 (Blumentopf): KEIN Icon gefunden in item_icons! Zeichne Text.
2025-04-14 12:58:04 - WARNING - __main__ - Slot 1 (Sack Erde): KEIN Icon gefunden in item_icons! Zeichne Text.
2025-04-14 12:58:04 - WARNING - __main__ - Slot 2 (Weed Seeds): KEIN Icon gefunden in item_icons! Zeichne Text.
2025-04-14 12:58:04 - WARNING - __main__ - Slot 0 (Blumentopf): KEIN Icon gefunden in item_icons! Zeichne Text.
2025-04-14 12:58:04 - WARNING - __main__ - Slot 1 (Sack Erde): KEIN Icon gefunden in item_icons! Zeichne Text.
2025-04-14 12:58:04 - WARNING - __main__ - Slot 2 (Weed Seeds): KEIN Icon gefunden in item_icons! Zeichne Text.
2025-04-14 12:58:04 - WARNING - __main__ - Slot 0 (Blumentopf): KEIN Icon gefunden in item_icons! Zeichne Text.
2025-04-14 12:58:04 - WARNING - __main__ - Slot 1 (Sack Erde): KEIN Icon gefunden in item_icons! Zeichne Text.
2025-04-14 12:58:04 - WARNING - __main__ - Slot 2 (Weed Seeds): KEIN Icon gefunden in item_icons! Zeichne Text.
2025-04-14 12:58:04 - WARNING - __main__ - Slot 0 (Blumentopf): KEIN Icon gefunden in item_icons! Zeichne Text.
2025-04-14 12:58:04 - WARNING - __main__ - Slot 1 (Sack Erde): KEIN Icon gefunden in item_icons! Zeichne Text.
2025-04-14 12:58:04 - WARNING - __main__ - Slot 2 (Weed Seeds): KEIN Icon gefunden in item_icons! Zeichne Text.
2025-04-14 12:58:04 - WARNING - __main__ - Slot 0 (Blumentopf): KEIN Icon gefunden in item_icons! Zeichne Text.
2025-04-14 12:58:04 - WARNING - __main__ - Slot 1 (Sack Erde): KEIN Icon gefunden in item_icons! Zeichne Text.
2025-04-14 12:58:04 - WARNING - __main__ - Slot 2 (Weed Seeds): KEIN Icon gefunden in item_icons! Zeichne Text.
2025-04-14 12:58:04 - WARNING - __main__ - Slot 0 (Blumentopf): KEIN Icon gefunden in item_icons! Zeichne Text.
2025-04-14 12:58:04 - WARNING - __main__ - Slot 1 (Sack Erde): KEIN Icon gefunden in item_icons! Zeichne Text.
2025-04-14 12:58:04 - WARNING - __main__ - Slot 2 (Weed Seeds): KEIN Icon gefunden in item_icons! Zeichne Text.
2025-04-14 12:58:04 - WARNING - __main__ - Slot 0 (Blumentopf): KEIN Icon gefunden in item_icons! Zeichne Text.
2025-04-14 12:58:04 - WARNING - __main__ - Slot 1 (Sack Erde): KEIN Icon gefunden in item_icons! Zeichne Text.
2025-04-14 12:58:04 - WARNING - __main__ - Slot 2 (Weed Seeds): KEIN Icon gefunden in item_icons! Zeichne Text.
2025-04-14 12:58:04 - WARNING - __main__ - Slot 0 (Blumentopf): KEIN Icon gefunden in item_icons! Zeichne Text.
2025-04-14 12:58:04 - WARNING - __main__ - Slot 1 (Sack Erde): KEIN Icon gefunden in item_icons! Zeichne Text.
2025-04-14 12:58:04 - WARNING - __main__ - Slot 2 (Weed Seeds): KEIN Icon gefunden in item_icons! Zeichne Text.
2025-04-14 12:58:04 - WARNING - __main__ - Slot 0 (Blumentopf): KEIN Icon gefunden in item_icons! Zeichne Text.
2025-04-14 12:58:04 - WARNING - __main__ - Slot 1 (Sack Erde): KEIN Icon gefunden in item_icons! Zeichne Text.
2025-04-14 12:58:04 - WARNING - __main__ - Slot 2 (Weed Seeds): KEIN Icon gefunden in item_icons! Zeichne Text.
2025-04-14 12:58:04 - WARNING - __main__ - Slot 0 (Blumentopf): KEIN Icon gefunden in item_icons! Zeichne Text.
2025-04-14 12:58:04 - WARNING - __main__ - Slot 1 (Sack Erde): KEIN Icon gefunden in item_icons! Zeichne Text.
2025-04-14 12:58:04 - WARNING - __main__ - Slot 2 (Weed Seeds): KEIN Icon gefunden in item_icons! Zeichne Text.
2025-04-14 12:58:04 - WARNING - __main__ - Slot 0 (Blumentopf): KEIN Icon gefunden in item_icons! Zeichne Text.
2025-04-14 12:58:04 - WARNING - __main__ - Slot 1 (Sack Erde): KEIN Icon gefunden in item_icons! Zeichne Text.
2025-04-14 12:58:04 - WARNING - __main__ - Slot 2 (Weed Seeds): KEIN Icon gefunden in item_icons! Zeichne Text.
2025-04-14 12:58:04 - WARNING - __main__ - Slot 0 (Blumentopf): KEIN Icon gefunden in item_icons! Zeichne Text.
2025-04-14 12:58:04 - WARNING - __main__ - Slot 1 (Sack Erde): KEIN Icon gefunden in item_icons! Zeichne Text.
2025-04-14 12:58:04 - WARNING - __main__ - Slot 2 (Weed Seeds): KEIN Icon gefunden in item_icons! Zeichne Text.
2025-04-14 12:58:04 - WARNING - __main__ - Slot 0 (Blumentopf): KEIN Icon gefunden in item_icons! Zeichne Text.
2025-04-14 12:58:04 - WARNING - __main__ - Slot 1 (Sack Erde): KEIN Icon gefunden in item_icons! Zeichne Text.
2025-04-14 12:58:04 - WARNING - __main__ - Slot 2 (Weed Seeds): KEIN Icon gefunden in item_icons! Zeichne Text.
2025-04-14 12:58:04 - WARNING - __main__ - Slot 0 (Blumentopf): KEIN Icon gefunden in item_icons! Zeichne Text.
2025-04-14 12:58:04 - WARNING - __main__ - Slot 1 (Sack Erde): KEIN Icon gefunden in item_icons! Zeichne Text.
2025-04-14 12:58:04 - WARNING - __main__ - Slot 2 (Weed Seeds): KEIN Icon gefunden in item_icons! Zeichne Text.
2025-04-14 12:58:04 - WARNING - __main__ - Slot 0 (Blumentopf): KEIN Icon gefunden in item_icons! Zeichne Text.
2025-04-14 12:58:04 - WARNING - __main__ - Slot 1 (Sack Erde): KEIN Icon gefunden in item_icons! Zeichne Text.
2025-04-14 12:58:04 - WARNING - __main__ - Slot 2 (Weed Seeds): KEIN Icon gefunden in item_icons! Zeichne Text.
2025-04-14 12:58:04 - WARNING - __main__ - Slot 0 (Blumentopf): KEIN Icon gefunden in item_icons! Zeichne Text.
2025-04-14 12:58:04 - WARNING - __main__ - Slot 1 (Sack Erde): KEIN Icon gefunden in item_icons! Zeichne Text.
2025-04-14 12:58:04 - WARNING - __main__ - Slot 2 (Weed Seeds): KEIN Icon gefunden in item_icons! Zeichne Text.
2025-04-14 12:58:04 - WARNING - __main__ - Slot 0 (Blumentopf): KEIN Icon gefunden in item_icons! Zeichne Text.
2025-04-14 12:58:04 - WARNING - __main__ - Slot 1 (Sack Erde): KEIN Icon gefunden in item_icons! Zeichne Text.
2025-04-14 12:58:04 - WARNING - __main__ - Slot 2 (Weed Seeds): KEIN Icon gefunden in item_icons! Zeichne Text.
2025-04-14 12:58:04 - WARNING - __main__ - Slot 0 (Blumentopf): KEIN Icon gefunden in item_icons! Zeichne Text.
2025-04-14 12:58:04 - WARNING - __main__ - Slot 1 (Sack Erde): KEIN Icon gefunden in item_icons! Zeichne Text.
2025-04-14 12:58:04 - WARNING - __main__ - Slot 2 (Weed Seeds): KEIN Icon gefunden in item_icons! Zeichne Text.
2025-04-14 12:58:04 - WARNING - __main__ - Slot 0 (Blumentopf): KEIN Icon gefunden in item_icons! Zeichne Text.
2025-04-14 12:58:04 - WARNING - __main__ - Slot 1 (Sack Erde): KEIN Icon gefunden in item_icons! Zeichne Text.
2025-04-14 12:58:04 - WARNING - __main__ - Slot 2 (Weed Seeds): KEIN Icon gefunden in item_icons! Zeichne Text.
2025-04-14 12:58:04 - WARNING - __main__ - Slot 0 (Blumentopf): KEIN Icon gefunden in item_icons! Zeichne Text.
2025-04-14 12:58:04 - WARNING - __main__ - Slot 1 (Sack Erde): KEIN Icon gefunden in item_icons! Zeichne Text.
2025-04-14 12:58:04 - WARNING - __main__ - Slot 2 (Weed Seeds): KEIN Icon gefunden in item_icons! Zeichne Text.
2025-04-14 12:58:04 - WARNING - __main__ - Slot 0 (Blumentopf): KEIN Icon gefunden in item_icons! Zeichne Text.
2025-04-14 12:58:04 - WARNING - __main__ - Slot 1 (Sack Erde): KEIN Icon gefunden in item_icons! Zeichne Text.
2025-04-14 12:58:04 - WARNING - __main__ - Slot 2 (Weed Seeds): KEIN Icon gefunden in item_icons! Zeichne Text.
2025-04-14 12:58:04 - WARNING - __main__ - Slot 0 (Blumentopf): KEIN Icon gefunden in item_icons! Zeichne Text.
2025-04-14 12:58:04 - WARNING - __main__ - Slot 1 (Sack Erde): KEIN Icon gefunden in item_icons! Zeichne Text.
2025-04-14 12:58:04 - WARNING - __main__ - Slot 2 (Weed Seeds): KEIN Icon gefunden in item_icons! Zeichne Text.
2025-04-14 12:58:04 - WARNING - __main__ - Slot 0 (Blumentopf): KEIN Icon gefunden in item_icons! Zeichne Text.
2025-04-14 12:58:04 - WARNING - __main__ - Slot 1 (Sack Erde): KEIN Icon gefunden in item_icons! Zeichne Text.
2025-04-14 12:58:04 - WARNING - __main__ - Slot 2 (Weed Seeds): KEIN Icon gefunden in item_icons! Zeichne Text.
2025-04-14 12:58:04 - WARNING - __main__ - Slot 0 (Blumentopf): KEIN Icon gefunden in item_icons! Zeichne Text.
2025-04-14 12:58:04 - WARNING - __main__ - Slot 1 (Sack Erde): KEIN Icon gefunden in item_icons! Zeichne Text.
2025-04-14 12:58:04 - WARNING - __main__ - Slot 2 (Weed Seeds): KEIN Icon gefunden in item_icons! Zeichne Text.
2025-04-14 12:58:04 - WARNING - __main__ - Slot 0 (Blumentopf): KEIN Icon gefunden in item_icons! Zeichne Text.
2025-04-14 12:58:04 - WARNING - __main__ - Slot 1 (Sack Erde): KEIN Icon gefunden in item_icons! Zeichne Text.
2025-04-14 12:58:04 - WARNING - __main__ - Slot 2 (Weed Seeds): KEIN Icon gefunden in item_icons! Zeichne Text.
2025-04-14 12:58:04 - WARNING - __main__ - Slot 0 (Blumentopf): KEIN Icon gefunden in item_icons! Zeichne Text.
2025-04-14 12:58:04 - WARNING - __main__ - Slot 1 (Sack Erde): KEIN Icon gefunden in item_icons! Zeichne Text.
2025-04-14 12:58:05 - WARNING - __main__ - Slot 2 (Weed Seeds): KEIN Icon gefunden in item_icons! Zeichne Text.
2025-04-14 12:58:05 - WARNING - __main__ - Slot 0 (Blumentopf): KEIN Icon gefunden in item_icons! Zeichne Text.
2025-04-14 12:58:05 - WARNING - __main__ - Slot 1 (Sack Erde): KEIN Icon gefunden in item_icons! Zeichne Text.
2025-04-14 12:58:05 - WARNING - __main__ - Slot 2 (Weed Seeds): KEIN Icon gefunden in item_icons! Zeichne Text.
2025-04-14 12:58:05 - WARNING - __main__ - Slot 0 (Blumentopf): KEIN Icon gefunden in item_icons! Zeichne Text.
2025-04-14 12:58:05 - WARNING - __main__ - Slot 1 (Sack Erde): KEIN Icon gefunden in item_icons! Zeichne Text.
2025-04-14 12:58:05 - WARNING - __main__ - Slot 2 (Weed Seeds): KEIN Icon gefunden in item_icons! Zeichne Text.
2025-04-14 12:58:05 - WARNING - __main__ - Slot 0 (Blumentopf): KEIN Icon gefunden in item_icons! Zeichne Text.
2025-04-14 12:58:05 - WARNING - __main__ - Slot 1 (Sack Erde): KEIN Icon gefunden in item_icons! Zeichne Text.
2025-04-14 12:58:05 - WARNING - __main__ - Slot 2 (Weed Seeds): KEIN Icon gefunden in item_icons! Zeichne Text.
2025-04-14 12:58:05 - WARNING - __main__ - Slot 0 (Blumentopf): KEIN Icon gefunden in item_icons! Zeichne Text.
2025-04-14 12:58:05 - WARNING - __main__ - Slot 1 (Sack Erde): KEIN Icon gefunden in item_icons! Zeichne Text.
2025-04-14 12:58:05 - WARNING - __main__ - Slot 2 (Weed Seeds): KEIN Icon gefunden in item_icons! Zeichne Text.
2025-04-14 12:58:05 - WARNING - __main__ - Slot 0 (Blumentopf): KEIN Icon gefunden in item_icons! Zeichne Text.
2025-04-14 12:58:05 - WARNING - __main__ - Slot 1 (Sack Erde): KEIN Icon gefunden in item_icons! Zeichne Text.
2025-04-14 12:58:05 - WARNING - __main__ - Slot 2 (Weed Seeds): KEIN Icon gefunden in item_icons! Zeichne Text.
2025-04-14 12:58:05 - WARNING - __main__ - Slot 0 (Blumentopf): KEIN Icon gefunden in item_icons! Zeichne Text.
2025-04-14 12:58:05 - WARNING - __main__ - Slot 1 (Sack Erde): KEIN Icon gefunden in item_icons! Zeichne Text.
2025-04-14 12:58:05 - WARNING - __main__ - Slot 2 (Weed Seeds): KEIN Icon gefunden in item_icons! Zeichne Text.
2025-04-14 12:58:05 - WARNING - __main__ - Slot 0 (Blumentopf): KEIN Icon gefunden in item_icons! Zeichne Text.
2025-04-14 12:58:05 - WARNING - __main__ - Slot 1 (Sack Erde): KEIN Icon gefunden in item_icons! Zeichne Text.
2025-04-14 12:58:05 - WARNING - __main__ - Slot 2 (Weed Seeds): KEIN Icon gefunden in item_icons! Zeichne Text.
2025-04-14 12:58:05 - WARNING - __main__ - Slot 0 (Blumentopf): KEIN Icon gefunden in item_icons! Zeichne Text.
2025-04-14 12:58:05 - WARNING - __main__ - Slot 1 (Sack Erde): KEIN Icon gefunden in item_icons! Zeichne Text.
2025-04-14 12:58:05 - WARNING - __main__ - Slot 2 (Weed Seeds): KEIN Icon gefunden in item_icons! Zeichne Text.
2025-04-14 12:58:05 - WARNING - __main__ - Slot 0 (Blumentopf): KEIN Icon gefunden in item_icons! Zeichne Text.
2025-04-14 12:58:05 - WARNING - __main__ - Slot 1 (Sack Erde): KEIN Icon gefunden in item_icons! Zeichne Text.
2025-04-14 12:58:05 - WARNING - __main__ - Slot 2 (Weed Seeds): KEIN Icon gefunden in item_icons! Zeichne Text.
2025-04-14 12:58:05 - WARNING - __main__ - Slot 0 (Blumentopf): KEIN Icon gefunden in item_icons! Zeichne Text.
2025-04-14 12:58:05 - WARNING - __main__ - Slot 1 (Sack Erde): KEIN Icon gefunden in item_icons! Zeichne Text.
2025-04-14 12:58:05 - WARNING - __main__ - Slot 2 (Weed Seeds): KEIN Icon gefunden in item_icons! Zeichne Text.
2025-04-14 12:58:05 - WARNING - __main__ - Slot 0 (Blumentopf): KEIN Icon gefunden in item_icons! Zeichne Text.
2025-04-14 12:58:05 - WARNING - __main__ - Slot 1 (Sack Erde): KEIN Icon gefunden in item_icons! Zeichne Text.
2025-04-14 12:58:05 - WARNING - __main__ - Slot 2 (Weed Seeds): KEIN Icon gefunden in item_icons! Zeichne Text.
2025-04-14 12:58:05 - WARNING - __main__ - Slot 0 (Blumentopf): KEIN Icon gefunden in item_icons! Zeichne Text.
2025-04-14 12:58:05 - WARNING - __main__ - Slot 1 (Sack Erde): KEIN Icon gefunden in item_icons! Zeichne Text.
2025-04-14 12:58:05 - WARNING - __main__ - Slot 2 (Weed Seeds): KEIN Icon gefunden in item_icons! Zeichne Text.
2025-04-14 12:58:05 - WARNING - __main__ - Slot 0 (Blumentopf): KEIN Icon gefunden in item_icons! Zeichne Text.
2025-04-14 12:58:05 - WARNING - __main__ - Slot 1 (Sack Erde): KEIN Icon gefunden in item_icons! Zeichne Text.
2025-04-14 12:58:05 - WARNING - __main__ - Slot 2 (Weed Seeds): KEIN Icon gefunden in item_icons! Zeichne Text.
2025-04-14 12:58:05 - WARNING - __main__ - Slot 0 (Blumentopf): KEIN Icon gefunden in item_icons! Zeichne Text.
2025-04-14 12:58:05 - WARNING - __main__ - Slot 1 (Sack Erde): KEIN Icon gefunden in item_icons! Zeichne Text.
2025-04-14 12:58:05 - WARNING - __main__ - Slot 2 (Weed Seeds): KEIN Icon gefunden in item_icons! Zeichne Text.
2025-04-14 12:58:05 - WARNING - __main__ - Slot 0 (Blumentopf): KEIN Icon gefunden in item_icons! Zeichne Text.
2025-04-14 12:58:05 - WARNING - __main__ - Slot 1 (Sack Erde): KEIN Icon gefunden in item_icons! Zeichne Text.
2025-04-14 12:58:05 - WARNING - __main__ - Slot 2 (Weed Seeds): KEIN Icon gefunden in item_icons! Zeichne Text.
2025-04-14 12:58:05 - WARNING - __main__ - Slot 0 (Blumentopf): KEIN Icon gefunden in item_icons! Zeichne Text.
2025-04-14 12:58:05 - WARNING - __main__ - Slot 1 (Sack Erde): KEIN Icon gefunden in item_icons! Zeichne Text.
2025-04-14 12:58:05 - WARNING - __main__ - Slot 2 (Weed Seeds): KEIN Icon gefunden in item_icons! Zeichne Text.
2025-04-14 12:58:05 - WARNING - __main__ - Slot 0 (Blumentopf): KEIN Icon gefunden in item_icons! Zeichne Text.
2025-04-14 12:58:05 - WARNING - __main__ - Slot 1 (Sack Erde): KEIN Icon gefunden in item_icons! Zeichne Text.
2025-04-14 12:58:05 - WARNING - __main__ - Slot 2 (Weed Seeds): KEIN Icon gefunden in item_icons! Zeichne Text.
2025-04-14 12:58:05 - WARNING - __main__ - Slot 0 (Blumentopf): KEIN Icon gefunden in item_icons! Zeichne Text.
2025-04-14 12:58:05 - WARNING - __main__ - Slot 1 (Sack Erde): KEIN Icon gefunden in item_icons! Zeichne Text.
2025-04-14 12:58:05 - WARNING - __main__ - Slot 2 (Weed Seeds): KEIN Icon gefunden in item_icons! Zeichne Text.
2025-04-14 12:58:05 - WARNING - __main__ - Slot 0 (Blumentopf): KEIN Icon gefunden in item_icons! Zeichne Text.
2025-04-14 12:58:05 - WARNING - __main__ - Slot 1 (Sack Erde): KEIN Icon gefunden in item_icons! Zeichne Text.
2025-04-14 12:58:05 - WARNING - __main__ - Slot 2 (Weed Seeds): KEIN Icon gefunden in item_icons! Zeichne Text.
2025-04-14 12:58:05 - WARNING - __main__ - Slot 0 (Blumentopf): KEIN Icon gefunden in item_icons! Zeichne Text.
2025-04-14 12:58:05 - WARNING - __main__ - Slot 1 (Sack Erde): KEIN Icon gefunden in item_icons! Zeichne Text.
2025-04-14 12:58:05 - WARNING - __main__ - Slot 2 (Weed Seeds): KEIN Icon gefunden in item_icons! Zeichne Text.
2025-04-14 12:58:05 - WARNING - __main__ - Slot 0 (Blumentopf): KEIN Icon gefunden in item_icons! Zeichne Text.
2025-04-14 12:58:05 - WARNING - __main__ - Slot 1 (Sack Erde): KEIN Icon gefunden in item_icons! Zeichne Text.
2025-04-14 12:58:05 - WARNING - __main__ - Slot 2 (Weed Seeds): KEIN Icon gefunden in item_icons! Zeichne Text.
2025-04-14 12:58:05 - WARNING - __main__ - Slot 0 (Blumentopf): KEIN Icon gefunden in item_icons! Zeichne Text.
2025-04-14 12:58:05 - WARNING - __main__ - Slot 1 (Sack Erde): KEIN Icon gefunden in item_icons! Zeichne Text.
2025-04-14 12:58:05 - WARNING - __main__ - Slot 2 (Weed Seeds): KEIN Icon gefunden in item_icons! Zeichne Text.
2025-04-14 12:58:05 - WARNING - __main__ - Slot 0 (Blumentopf): KEIN Icon gefunden in item_icons! Zeichne Text.
2025-04-14 12:58:05 - WARNING - __main__ - Slot 1 (Sack Erde): KEIN Icon gefunden in item_icons! Zeichne Text.
2025-04-14 12:58:05 - WARNING - __main__ - Slot 2 (Weed Seeds): KEIN Icon gefunden in item_icons! Zeichne Text.
2025-04-14 12:58:05 - WARNING - __main__ - Slot 0 (Blumentopf): KEIN Icon gefunden in item_icons! Zeichne Text.
2025-04-14 12:58:05 - WARNING - __main__ - Slot 1 (Sack Erde): KEIN Icon gefunden in item_icons! Zeichne Text.
2025-04-14 12:58:05 - WARNING - __main__ - Slot 2 (Weed Seeds): KEIN Icon gefunden in item_icons! Zeichne Text.
2025-04-14 12:58:05 - WARNING - __main__ - Slot 0 (Blumentopf): KEIN Icon gefunden in item_icons! Zeichne Text.
2025-04-14 12:58:05 - WARNING - __main__ - Slot 1 (Sack Erde): KEIN Icon gefunden in item_icons! Zeichne Text.
2025-04-14 12:58:05 - WARNING - __main__ - Slot 2 (Weed Seeds): KEIN Icon gefunden in item_icons! Zeichne Text.
2025-04-14 12:58:05 - WARNING - __main__ - Slot 0 (Blumentopf): KEIN Icon gefunden in item_icons! Zeichne Text.
2025-04-14 12:58:05 - WARNING - __main__ - Slot 1 (Sack Erde): KEIN Icon gefunden in item_icons! Zeichne Text.
2025-04-14 12:58:05 - WARNING - __main__ - Slot 2 (Weed Seeds): KEIN Icon gefunden in item_icons! Zeichne Text.
2025-04-14 12:58:05 - WARNING - __main__ - Slot 0 (Blumentopf): KEIN Icon gefunden in item_icons! Zeichne Text.
2025-04-14 12:58:05 - WARNING - __main__ - Slot 1 (Sack Erde): KEIN Icon gefunden in item_icons! Zeichne Text.
2025-04-14 12:58:05 - WARNING - __main__ - Slot 2 (Weed Seeds): KEIN Icon gefunden in item_icons! Zeichne Text.
2025-04-14 12:58:05 - WARNING - __main__ - Slot 0 (Blumentopf): KEIN Icon gefunden in item_icons! Zeichne Text.
2025-04-14 12:58:05 - WARNING - __main__ - Slot 1 (Sack Erde): KEIN Icon gefunden in item_icons! Zeichne Text.
2025-04-14 12:58:05 - WARNING - __main__ - Slot 2 (Weed Seeds): KEIN Icon gefunden in item_icons! Zeichne Text.
2025-04-14 12:58:05 - WARNING - __main__ - Slot 0 (Blumentopf): KEIN Icon gefunden in item_icons! Zeichne Text.
2025-04-14 12:58:05 - WARNING - __main__ - Slot 1 (Sack Erde): KEIN Icon gefunden in item_icons! Zeichne Text.
2025-04-14 12:58:05 - WARNING - __main__ - Slot 2 (Weed Seeds): KEIN Icon gefunden in item_icons! Zeichne Text.
2025-04-14 12:58:05 - WARNING - __main__ - Slot 0 (Blumentopf): KEIN Icon gefunden in item_icons! Zeichne Text.
2025-04-14 12:58:05 - WARNING - __main__ - Slot 1 (Sack Erde): KEIN Icon gefunden in item_icons! Zeichne Text.
2025-04-14 12:58:05 - WARNING - __main__ - Slot 2 (Weed Seeds): KEIN Icon gefunden in item_icons! Zeichne Text.
2025-04-14 12:58:05 - WARNING - __main__ - Slot 0 (Blumentopf): KEIN Icon gefunden in item_icons! Zeichne Text.
2025-04-14 12:58:05 - WARNING - __main__ - Slot 1 (Sack Erde): KEIN Icon gefunden in item_icons! Zeichne Text.
2025-04-14 12:58:05 - WARNING - __main__ - Slot 2 (Weed Seeds): KEIN Icon gefunden in item_icons! Zeichne Text.
2025-04-14 12:58:05 - WARNING - __main__ - Slot 0 (Blumentopf): KEIN Icon gefunden in item_icons! Zeichne Text.
2025-04-14 12:58:05 - WARNING - __main__ - Slot 1 (Sack Erde): KEIN Icon gefunden in item_icons! Zeichne Text.
2025-04-14 12:58:05 - WARNING - __main__ - Slot 2 (Weed Seeds): KEIN Icon gefunden in item_icons! Zeichne Text.
2025-04-14 12:58:05 - WARNING - __main__ - Slot 0 (Blumentopf): KEIN Icon gefunden in item_icons! Zeichne Text.
2025-04-14 12:58:05 - WARNING - __main__ - Slot 1 (Sack Erde): KEIN Icon gefunden in item_icons! Zeichne Text.
2025-04-14 12:58:05 - WARNING - __main__ - Slot 2 (Weed Seeds): KEIN Icon gefunden in item_icons! Zeichne Text.
2025-04-14 12:58:05 - WARNING - __main__ - Slot 0 (Blumentopf): KEIN Icon gefunden in item_icons! Zeichne Text.
2025-04-14 12:58:05 - WARNING - __main__ - Slot 1 (Sack Erde): KEIN Icon gefunden in item_icons! Zeichne Text.
2025-04-14 12:58:05 - WARNING - __main__ - Slot 2 (Weed Seeds): KEIN Icon gefunden in item_icons! Zeichne Text.
2025-04-14 12:58:05 - WARNING - __main__ - Slot 0 (Blumentopf): KEIN Icon gefunden in item_icons! Zeichne Text.
2025-04-14 12:58:05 - WARNING - __main__ - Slot 1 (Sack Erde): KEIN Icon gefunden in item_icons! Zeichne Text.
2025-04-14 12:58:05 - WARNING - __main__ - Slot 2 (Weed Seeds): KEIN Icon gefunden in item_icons! Zeichne Text.
2025-04-14 12:58:05 - WARNING - __main__ - Slot 0 (Blumentopf): KEIN Icon gefunden in item_icons! Zeichne Text.
2025-04-14 12:58:05 - WARNING - __main__ - Slot 1 (Sack Erde): KEIN Icon gefunden in item_icons! Zeichne Text.
2025-04-14 12:58:05 - WARNING - __main__ - Slot 2 (Weed Seeds): KEIN Icon gefunden in item_icons! Zeichne Text.
2025-04-14 12:58:05 - WARNING - __main__ - Slot 0 (Blumentopf): KEIN Icon gefunden in item_icons! Zeichne Text.
2025-04-14 12:58:05 - WARNING - __main__ - Slot 1 (Sack Erde): KEIN Icon gefunden in item_icons! Zeichne Text.
2025-04-14 12:58:05 - WARNING - __main__ - Slot 2 (Weed Seeds): KEIN Icon gefunden in item_icons! Zeichne Text.
2025-04-14 12:58:05 - WARNING - __main__ - Slot 0 (Blumentopf): KEIN Icon gefunden in item_icons! Zeichne Text.
2025-04-14 12:58:05 - WARNING - __main__ - Slot 1 (Sack Erde): KEIN Icon gefunden in item_icons! Zeichne Text.
2025-04-14 12:58:05 - WARNING - __main__ - Slot 2 (Weed Seeds): KEIN Icon gefunden in item_icons! Zeichne Text.
2025-04-14 12:58:05 - WARNING - __main__ - Slot 0 (Blumentopf): KEIN Icon gefunden in item_icons! Zeichne Text.
2025-04-14 12:58:05 - WARNING - __main__ - Slot 1 (Sack Erde): KEIN Icon gefunden in item_icons! Zeichne Text.
2025-04-14 12:58:05 - WARNING - __main__ - Slot 2 (Weed Seeds): KEIN Icon gefunden in item_icons! Zeichne Text.
2025-04-14 12:58:05 - WARNING - __main__ - Slot 0 (Blumentopf): KEIN Icon gefunden in item_icons! Zeichne Text.
2025-04-14 12:58:05 - WARNING - __main__ - Slot 1 (Sack Erde): KEIN Icon gefunden in item_icons! Zeichne Text.
2025-04-14 12:58:05 - WARNING - __main__ - Slot 2 (Weed Seeds): KEIN Icon gefunden in item_icons! Zeichne Text.
2025-04-14 12:58:05 - WARNING - __main__ - Slot 0 (Blumentopf): KEIN Icon gefunden in item_icons! Zeichne Text.
2025-04-14 12:58:05 - WARNING - __main__ - Slot 1 (Sack Erde): KEIN Icon gefunden in item_icons! Zeichne Text.
2025-04-14 12:58:05 - WARNING - __main__ - Slot 2 (Weed Seeds): KEIN Icon gefunden in item_icons! Zeichne Text.
2025-04-14 12:58:05 - WARNING - __main__ - Slot 0 (Blumentopf): KEIN Icon gefunden in item_icons! Zeichne Text.
2025-04-14 12:58:05 - WARNING - __main__ - Slot 1 (Sack Erde): KEIN Icon gefunden in item_icons! Zeichne Text.
2025-04-14 12:58:05 - WARNING - __main__ - Slot 2 (Weed Seeds): KEIN Icon gefunden in item_icons! Zeichne Text.
2025-04-14 12:58:05 - WARNING - __main__ - Slot 0 (Blumentopf): KEIN Icon gefunden in item_icons! Zeichne Text.
2025-04-14 12:58:05 - WARNING - __main__ - Slot 1 (Sack Erde): KEIN Icon gefunden in item_icons! Zeichne Text.
2025-04-14 12:58:05 - WARNING - __main__ - Slot 2 (Weed Seeds): KEIN Icon gefunden in item_icons! Zeichne Text.
2025-04-14 12:58:05 - WARNING - __main__ - Slot 0 (Blumentopf): KEIN Icon gefunden in item_icons! Zeichne Text.
2025-04-14 12:58:05 - WARNING - __main__ - Slot 1 (Sack Erde): KEIN Icon gefunden in item_icons! Zeichne Text.
2025-04-14 12:58:05 - WARNING - __main__ - Slot 2 (Weed Seeds): KEIN Icon gefunden in item_icons! Zeichne Text.
2025-04-14 12:58:05 - WARNING - __main__ - Slot 0 (Blumentopf): KEIN Icon gefunden in item_icons! Zeichne Text.
2025-04-14 12:58:05 - WARNING - __main__ - Slot 1 (Sack Erde): KEIN Icon gefunden in item_icons! Zeichne Text.
2025-04-14 12:58:05 - WARNING - __main__ - Slot 2 (Weed Seeds): KEIN Icon gefunden in item_icons! Zeichne Text.
2025-04-14 12:58:05 - WARNING - __main__ - Slot 0 (Blumentopf): KEIN Icon gefunden in item_icons! Zeichne Text.
2025-04-14 12:58:05 - WARNING - __main__ - Slot 1 (Sack Erde): KEIN Icon gefunden in item_icons! Zeichne Text.
2025-04-14 12:58:05 - WARNING - __main__ - Slot 2 (Weed Seeds): KEIN Icon gefunden in item_icons! Zeichne Text.
2025-04-14 12:58:05 - WARNING - __main__ - Slot 0 (Blumentopf): KEIN Icon gefunden in item_icons! Zeichne Text.
2025-04-14 12:58:05 - WARNING - __main__ - Slot 1 (Sack Erde): KEIN Icon gefunden in item_icons! Zeichne Text.
2025-04-14 12:58:05 - WARNING - __main__ - Slot 2 (Weed Seeds): KEIN Icon gefunden in item_icons! Zeichne Text.
2025-04-14 12:58:05 - WARNING - __main__ - Slot 0 (Blumentopf): KEIN Icon gefunden in item_icons! Zeichne Text.
2025-04-14 12:58:05 - WARNING - __main__ - Slot 1 (Sack Erde): KEIN Icon gefunden in item_icons! Zeichne Text.
2025-04-14 12:58:05 - WARNING - __main__ - Slot 2 (Weed Seeds): KEIN Icon gefunden in item_icons! Zeichne Text.
2025-04-14 12:58:05 - WARNING - __main__ - Slot 0 (Blumentopf): KEIN Icon gefunden in item_icons! Zeichne Text.
2025-04-14 12:58:05 - WARNING - __main__ - Slot 1 (Sack Erde): KEIN Icon gefunden in item_icons! Zeichne Text.
2025-04-14 12:58:05 - WARNING - __main__ - Slot 2 (Weed Seeds): KEIN Icon gefunden in item_icons! Zeichne Text.
2025-04-14 12:58:05 - WARNING - __main__ - Slot 0 (Blumentopf): KEIN Icon gefunden in item_icons! Zeichne Text.
2025-04-14 12:58:05 - WARNING - __main__ - Slot 1 (Sack Erde): KEIN Icon gefunden in item_icons! Zeichne Text.
2025-04-14 12:58:05 - WARNING - __main__ - Slot 2 (Weed Seeds): KEIN Icon gefunden in item_icons! Zeichne Text.
2025-04-14 12:58:05 - WARNING - __main__ - Slot 0 (Blumentopf): KEIN Icon gefunden in item_icons! Zeichne Text.
2025-04-14 12:58:05 - WARNING - __main__ - Slot 1 (Sack Erde): KEIN Icon gefunden in item_icons! Zeichne Text.
2025-04-14 12:58:05 - WARNING - __main__ - Slot 2 (Weed Seeds): KEIN Icon gefunden in item_icons! Zeichne Text.
2025-04-14 12:58:05 - WARNING - __main__ - Slot 0 (Blumentopf): KEIN Icon gefunden in item_icons! Zeichne Text.
2025-04-14 12:58:05 - WARNING - __main__ - Slot 1 (Sack Erde): KEIN Icon gefunden in item_icons! Zeichne Text.
2025-04-14 12:58:05 - WARNING - __main__ - Slot 2 (Weed Seeds): KEIN Icon gefunden in item_icons! Zeichne Text.
2025-04-14 12:58:05 - WARNING - __main__ - Slot 0 (Blumentopf): KEIN Icon gefunden in item_icons! Zeichne Text.
2025-04-14 12:58:05 - WARNING - __main__ - Slot 1 (Sack Erde): KEIN Icon gefunden in item_icons! Zeichne Text.
2025-04-14 12:58:05 - WARNING - __main__ - Slot 2 (Weed Seeds): KEIN Icon gefunden in item_icons! Zeichne Text.
2025-04-14 12:58:05 - WARNING - __main__ - Slot 0 (Blumentopf): KEIN Icon gefunden in item_icons! Zeichne Text.
2025-04-14 12:58:05 - WARNING - __main__ - Slot 1 (Sack Erde): KEIN Icon gefunden in item_icons! Zeichne Text.
2025-04-14 12:58:05 - WARNING - __main__ - Slot 2 (Weed Seeds): KEIN Icon gefunden in item_icons! Zeichne Text.
2025-04-14 12:58:05 - WARNING - __main__ - Slot 0 (Blumentopf): KEIN Icon gefunden in item_icons! Zeichne Text.
2025-04-14 12:58:05 - WARNING - __main__ - Slot 1 (Sack Erde): KEIN Icon gefunden in item_icons! Zeichne Text.
2025-04-14 12:58:05 - WARNING - __main__ - Slot 2 (Weed Seeds): KEIN Icon gefunden in item_icons! Zeichne Text.
2025-04-14 12:58:05 - WARNING - __main__ - Slot 0 (Blumentopf): KEIN Icon gefunden in item_icons! Zeichne Text.
2025-04-14 12:58:05 - WARNING - __main__ - Slot 1 (Sack Erde): KEIN Icon gefunden in item_icons! Zeichne Text.
2025-04-14 12:58:05 - WARNING - __main__ - Slot 2 (Weed Seeds): KEIN Icon gefunden in item_icons! Zeichne Text.
2025-04-14 12:58:05 - WARNING - __main__ - Slot 0 (Blumentopf): KEIN Icon gefunden in item_icons! Zeichne Text.
2025-04-14 12:58:05 - WARNING - __main__ - Slot 1 (Sack Erde): KEIN Icon gefunden in item_icons! Zeichne Text.
2025-04-14 12:58:05 - WARNING - __main__ - Slot 2 (Weed Seeds): KEIN Icon gefunden in item_icons! Zeichne Text.
2025-04-14 12:58:05 - WARNING - __main__ - Slot 0 (Blumentopf): KEIN Icon gefunden in item_icons! Zeichne Text.
2025-04-14 12:58:05 - WARNING - __main__ - Slot 1 (Sack Erde): KEIN Icon gefunden in item_icons! Zeichne Text.
2025-04-14 12:58:05 - WARNING - __main__ - Slot 2 (Weed Seeds): KEIN Icon gefunden in item_icons! Zeichne Text.
2025-04-14 12:58:05 - WARNING - __main__ - Slot 0 (Blumentopf): KEIN Icon gefunden in item_icons! Zeichne Text.
2025-04-14 12:58:05 - WARNING - __main__ - Slot 1 (Sack Erde): KEIN Icon gefunden in item_icons! Zeichne Text.
2025-04-14 12:58:05 - WARNING - __main__ - Slot 2 (Weed Seeds): KEIN Icon gefunden in item_icons! Zeichne Text.
2025-04-14 12:58:05 - WARNING - __main__ - Slot 0 (Blumentopf): KEIN Icon gefunden in item_icons! Zeichne Text.
2025-04-14 12:58:05 - WARNING - __main__ - Slot 1 (Sack Erde): KEIN Icon gefunden in item_icons! Zeichne Text.
2025-04-14 12:58:05 - WARNING - __main__ - Slot 2 (Weed Seeds): KEIN Icon gefunden in item_icons! Zeichne Text.
2025-04-14 12:58:05 - WARNING - __main__ - Slot 0 (Blumentopf): KEIN Icon gefunden in item_icons! Zeichne Text.
2025-04-14 12:58:05 - WARNING - __main__ - Slot 1 (Sack Erde): KEIN Icon gefunden in item_icons! Zeichne Text.
2025-04-14 12:58:05 - WARNING - __main__ - Slot 2 (Weed Seeds): KEIN Icon gefunden in item_icons! Zeichne Text.
2025-04-14 12:58:06 - WARNING - __main__ - Slot 0 (Blumentopf): KEIN Icon gefunden in item_icons! Zeichne Text.
2025-04-14 12:58:06 - WARNING - __main__ - Slot 1 (Sack Erde): KEIN Icon gefunden in item_icons! Zeichne Text.
2025-04-14 12:58:06 - WARNING - __main__ - Slot 2 (Weed Seeds): KEIN Icon gefunden in item_icons! Zeichne Text.
2025-04-14 12:58:06 - WARNING - __main__ - Slot 0 (Blumentopf): KEIN Icon gefunden in item_icons! Zeichne Text.
2025-04-14 12:58:06 - WARNING - __main__ - Slot 1 (Sack Erde): KEIN Icon gefunden in item_icons! Zeichne Text.
2025-04-14 12:58:06 - WARNING - __main__ - Slot 2 (Weed Seeds): KEIN Icon gefunden in item_icons! Zeichne Text.
2025-04-14 12:58:06 - WARNING - __main__ - Slot 0 (Blumentopf): KEIN Icon gefunden in item_icons! Zeichne Text.
2025-04-14 12:58:06 - WARNING - __main__ - Slot 1 (Sack Erde): KEIN Icon gefunden in item_icons! Zeichne Text.
2025-04-14 12:58:06 - WARNING - __main__ - Slot 2 (Weed Seeds): KEIN Icon gefunden in item_icons! Zeichne Text.
2025-04-14 12:58:06 - WARNING - __main__ - Slot 0 (Blumentopf): KEIN Icon gefunden in item_icons! Zeichne Text.
2025-04-14 12:58:06 - WARNING - __main__ - Slot 1 (Sack Erde): KEIN Icon gefunden in item_icons! Zeichne Text.
2025-04-14 12:58:06 - WARNING - __main__ - Slot 2 (Weed Seeds): KEIN Icon gefunden in item_icons! Zeichne Text.
2025-04-14 12:58:06 - WARNING - __main__ - Slot 0 (Blumentopf): KEIN Icon gefunden in item_icons! Zeichne Text.
2025-04-14 12:58:06 - WARNING - __main__ - Slot 1 (Sack Erde): KEIN Icon gefunden in item_icons! Zeichne Text.
2025-04-14 12:58:06 - WARNING - __main__ - Slot 2 (Weed Seeds): KEIN Icon gefunden in item_icons! Zeichne Text.
2025-04-14 12:58:06 - WARNING - __main__ - Slot 0 (Blumentopf): KEIN Icon gefunden in item_icons! Zeichne Text.
2025-04-14 12:58:06 - WARNING - __main__ - Slot 1 (Sack Erde): KEIN Icon gefunden in item_icons! Zeichne Text.
2025-04-14 12:58:06 - WARNING - __main__ - Slot 2 (Weed Seeds): KEIN Icon gefunden in item_icons! Zeichne Text.
2025-04-14 12:58:06 - WARNING - __main__ - Slot 0 (Blumentopf): KEIN Icon gefunden in item_icons! Zeichne Text.
2025-04-14 12:58:06 - WARNING - __main__ - Slot 1 (Sack Erde): KEIN Icon gefunden in item_icons! Zeichne Text.
2025-04-14 12:58:06 - WARNING - __main__ - Slot 2 (Weed Seeds): KEIN Icon gefunden in item_icons! Zeichne Text.
2025-04-14 12:58:06 - WARNING - __main__ - Slot 0 (Blumentopf): KEIN Icon gefunden in item_icons! Zeichne Text.
2025-04-14 12:58:06 - WARNING - __main__ - Slot 1 (Sack Erde): KEIN Icon gefunden in item_icons! Zeichne Text.
2025-04-14 12:58:06 - WARNING - __main__ - Slot 2 (Weed Seeds): KEIN Icon gefunden in item_icons! Zeichne Text.
2025-04-14 12:58:06 - WARNING - __main__ - Slot 0 (Blumentopf): KEIN Icon gefunden in item_icons! Zeichne Text.
2025-04-14 12:58:06 - WARNING - __main__ - Slot 1 (Sack Erde): KEIN Icon gefunden in item_icons! Zeichne Text.
2025-04-14 12:58:06 - WARNING - __main__ - Slot 2 (Weed Seeds): KEIN Icon gefunden in item_icons! Zeichne Text.
2025-04-14 12:58:06 - WARNING - __main__ - Slot 0 (Blumentopf): KEIN Icon gefunden in item_icons! Zeichne Text.
2025-04-14 12:58:06 - WARNING - __main__ - Slot 1 (Sack Erde): KEIN Icon gefunden in item_icons! Zeichne Text.
2025-04-14 12:58:06 - WARNING - __main__ - Slot 2 (Weed Seeds): KEIN Icon gefunden in item_icons! Zeichne Text.
2025-04-14 12:58:06 - WARNING - __main__ - Slot 0 (Blumentopf): KEIN Icon gefunden in item_icons! Zeichne Text.
2025-04-14 12:58:06 - WARNING - __main__ - Slot 1 (Sack Erde): KEIN Icon gefunden in item_icons! Zeichne Text.
2025-04-14 12:58:06 - WARNING - __main__ - Slot 2 (Weed Seeds): KEIN Icon gefunden in item_icons! Zeichne Text.
2025-04-14 12:58:06 - WARNING - __main__ - Slot 0 (Blumentopf): KEIN Icon gefunden in item_icons! Zeichne Text.
2025-04-14 12:58:06 - WARNING - __main__ - Slot 1 (Sack Erde): KEIN Icon gefunden in item_icons! Zeichne Text.
2025-04-14 12:58:06 - WARNING - __main__ - Slot 2 (Weed Seeds): KEIN Icon gefunden in item_icons! Zeichne Text.
2025-04-14 12:58:06 - WARNING - __main__ - Slot 0 (Blumentopf): KEIN Icon gefunden in item_icons! Zeichne Text.
2025-04-14 12:58:06 - WARNING - __main__ - Slot 1 (Sack Erde): KEIN Icon gefunden in item_icons! Zeichne Text.
2025-04-14 12:58:06 - WARNING - __main__ - Slot 2 (Weed Seeds): KEIN Icon gefunden in item_icons! Zeichne Text.
2025-04-14 12:58:06 - WARNING - __main__ - Slot 0 (Blumentopf): KEIN Icon gefunden in item_icons! Zeichne Text.
2025-04-14 12:58:06 - WARNING - __main__ - Slot 1 (Sack Erde): KEIN Icon gefunden in item_icons! Zeichne Text.
2025-04-14 12:58:06 - WARNING - __main__ - Slot 2 (Weed Seeds): KEIN Icon gefunden in item_icons! Zeichne Text.
2025-04-14 12:58:06 - WARNING - __main__ - Slot 0 (Blumentopf): KEIN Icon gefunden in item_icons! Zeichne Text.
2025-04-14 12:58:06 - WARNING - __main__ - Slot 1 (Sack Erde): KEIN Icon gefunden in item_icons! Zeichne Text.
2025-04-14 12:58:06 - WARNING - __main__ - Slot 2 (Weed Seeds): KEIN Icon gefunden in item_icons! Zeichne Text.
2025-04-14 12:58:06 - WARNING - __main__ - Slot 0 (Blumentopf): KEIN Icon gefunden in item_icons! Zeichne Text.
2025-04-14 12:58:06 - WARNING - __main__ - Slot 1 (Sack Erde): KEIN Icon gefunden in item_icons! Zeichne Text.
2025-04-14 12:58:06 - WARNING - __main__ - Slot 2 (Weed Seeds): KEIN Icon gefunden in item_icons! Zeichne Text.
2025-04-14 12:58:06 - WARNING - __main__ - Slot 0 (Blumentopf): KEIN Icon gefunden in item_icons! Zeichne Text.
2025-04-14 12:58:06 - WARNING - __main__ - Slot 1 (Sack Erde): KEIN Icon gefunden in item_icons! Zeichne Text.
2025-04-14 12:58:06 - WARNING - __main__ - Slot 2 (Weed Seeds): KEIN Icon gefunden in item_icons! Zeichne Text.
2025-04-14 12:58:06 - WARNING - __main__ - Slot 0 (Blumentopf): KEIN Icon gefunden in item_icons! Zeichne Text.
2025-04-14 12:58:06 - WARNING - __main__ - Slot 1 (Sack Erde): KEIN Icon gefunden in item_icons! Zeichne Text.
2025-04-14 12:58:06 - WARNING - __main__ - Slot 2 (Weed Seeds): KEIN Icon gefunden in item_icons! Zeichne Text.
2025-04-14 12:58:06 - WARNING - __main__ - Slot 0 (Blumentopf): KEIN Icon gefunden in item_icons! Zeichne Text.
2025-04-14 12:58:06 - WARNING - __main__ - Slot 1 (Sack Erde): KEIN Icon gefunden in item_icons! Zeichne Text.
2025-04-14 12:58:06 - WARNING - __main__ - Slot 2 (Weed Seeds): KEIN Icon gefunden in item_icons! Zeichne Text.
2025-04-14 12:58:06 - WARNING - __main__ - Slot 0 (Blumentopf): KEIN Icon gefunden in item_icons! Zeichne Text.
2025-04-14 12:58:06 - WARNING - __main__ - Slot 1 (Sack Erde): KEIN Icon gefunden in item_icons! Zeichne Text.
2025-04-14 12:58:06 - WARNING - __main__ - Slot 2 (Weed Seeds): KEIN Icon gefunden in item_icons! Zeichne Text.
2025-04-14 12:58:06 - WARNING - __main__ - Slot 0 (Blumentopf): KEIN Icon gefunden in item_icons! Zeichne Text.
2025-04-14 12:58:06 - WARNING - __main__ - Slot 1 (Sack Erde): KEIN Icon gefunden in item_icons! Zeichne Text.
2025-04-14 12:58:06 - WARNING - __main__ - Slot 2 (Weed Seeds): KEIN Icon gefunden in item_icons! Zeichne Text.
2025-04-14 12:58:06 - WARNING - __main__ - Slot 0 (Blumentopf): KEIN Icon gefunden in item_icons! Zeichne Text.
2025-04-14 12:58:06 - WARNING - __main__ - Slot 1 (Sack Erde): KEIN Icon gefunden in item_icons! Zeichne Text.
2025-04-14 12:58:06 - WARNING - __main__ - Slot 2 (Weed Seeds): KEIN Icon gefunden in item_icons! Zeichne Text.
2025-04-14 12:58:06 - WARNING - __main__ - Slot 0 (Blumentopf): KEIN Icon gefunden in item_icons! Zeichne Text.
2025-04-14 12:58:06 - WARNING - __main__ - Slot 1 (Sack Erde): KEIN Icon gefunden in item_icons! Zeichne Text.
2025-04-14 12:58:06 - WARNING - __main__ - Slot 2 (Weed Seeds): KEIN Icon gefunden in item_icons! Zeichne Text.
2025-04-14 12:58:06 - WARNING - __main__ - Slot 0 (Blumentopf): KEIN Icon gefunden in item_icons! Zeichne Text.
2025-04-14 12:58:06 - WARNING - __main__ - Slot 1 (Sack Erde): KEIN Icon gefunden in item_icons! Zeichne Text.
2025-04-14 12:58:06 - WARNING - __main__ - Slot 2 (Weed Seeds): KEIN Icon gefunden in item_icons! Zeichne Text.
2025-04-14 12:58:06 - WARNING - __main__ - Slot 0 (Blumentopf): KEIN Icon gefunden in item_icons! Zeichne Text.
2025-04-14 12:58:06 - WARNING - __main__ - Slot 1 (Sack Erde): KEIN Icon gefunden in item_icons! Zeichne Text.
2025-04-14 12:58:06 - WARNING - __main__ - Slot 2 (Weed Seeds): KEIN Icon gefunden in item_icons! Zeichne Text.
2025-04-14 12:58:06 - WARNING - __main__ - Slot 0 (Blumentopf): KEIN Icon gefunden in item_icons! Zeichne Text.
2025-04-14 12:58:06 - WARNING - __main__ - Slot 1 (Sack Erde): KEIN Icon gefunden in item_icons! Zeichne Text.
2025-04-14 12:58:06 - WARNING - __main__ - Slot 2 (Weed Seeds): KEIN Icon gefunden in item_icons! Zeichne Text.
2025-04-14 12:58:06 - WARNING - __main__ - Slot 0 (Blumentopf): KEIN Icon gefunden in item_icons! Zeichne Text.
2025-04-14 12:58:06 - WARNING - __main__ - Slot 1 (Sack Erde): KEIN Icon gefunden in item_icons! Zeichne Text.
2025-04-14 12:58:06 - WARNING - __main__ - Slot 2 (Weed Seeds): KEIN Icon gefunden in item_icons! Zeichne Text.
2025-04-14 12:58:06 - WARNING - __main__ - Slot 0 (Blumentopf): KEIN Icon gefunden in item_icons! Zeichne Text.
2025-04-14 12:58:06 - WARNING - __main__ - Slot 1 (Sack Erde): KEIN Icon gefunden in item_icons! Zeichne Text.
2025-04-14 12:58:06 - WARNING - __main__ - Slot 2 (Weed Seeds): KEIN Icon gefunden in item_icons! Zeichne Text.
2025-04-14 12:58:06 - WARNING - __main__ - Slot 0 (Blumentopf): KEIN Icon gefunden in item_icons! Zeichne Text.
2025-04-14 12:58:06 - WARNING - __main__ - Slot 1 (Sack Erde): KEIN Icon gefunden in item_icons! Zeichne Text.
2025-04-14 12:58:06 - WARNING - __main__ - Slot 2 (Weed Seeds): KEIN Icon gefunden in item_icons! Zeichne Text.
2025-04-14 12:58:06 - WARNING - __main__ - Slot 0 (Blumentopf): KEIN Icon gefunden in item_icons! Zeichne Text.
2025-04-14 12:58:06 - WARNING - __main__ - Slot 1 (Sack Erde): KEIN Icon gefunden in item_icons! Zeichne Text.
2025-04-14 12:58:06 - WARNING - __main__ - Slot 2 (Weed Seeds): KEIN Icon gefunden in item_icons! Zeichne Text.
2025-04-14 12:58:06 - WARNING - __main__ - Slot 0 (Blumentopf): KEIN Icon gefunden in item_icons! Zeichne Text.
2025-04-14 12:58:06 - WARNING - __main__ - Slot 1 (Sack Erde): KEIN Icon gefunden in item_icons! Zeichne Text.
2025-04-14 12:58:06 - WARNING - __main__ - Slot 2 (Weed Seeds): KEIN Icon gefunden in item_icons! Zeichne Text.
2025-04-14 12:58:06 - WARNING - __main__ - Slot 0 (Blumentopf): KEIN Icon gefunden in item_icons! Zeichne Text.
2025-04-14 12:58:06 - WARNING - __main__ - Slot 1 (Sack Erde): KEIN Icon gefunden in item_icons! Zeichne Text.
2025-04-14 12:58:06 - WARNING - __main__ - Slot 2 (Weed Seeds): KEIN Icon gefunden in item_icons! Zeichne Text.
2025-04-14 12:58:06 - WARNING - __main__ - Slot 0 (Blumentopf): KEIN Icon gefunden in item_icons! Zeichne Text.
2025-04-14 12:58:06 - WARNING - __main__ - Slot 1 (Sack Erde): KEIN Icon gefunden in item_icons! Zeichne Text.
2025-04-14 12:58:06 - WARNING - __main__ - Slot 2 (Weed Seeds): KEIN Icon gefunden in item_icons! Zeichne Text.
2025-04-14 12:58:06 - WARNING - __main__ - Slot 0 (Blumentopf): KEIN Icon gefunden in item_icons! Zeichne Text.
2025-04-14 12:58:06 - WARNING - __main__ - Slot 1 (Sack Erde): KEIN Icon gefunden in item_icons! Zeichne Text.
2025-04-14 12:58:06 - WARNING - __main__ - Slot 2 (Weed Seeds): KEIN Icon gefunden in item_icons! Zeichne Text.
2025-04-14 12:58:06 - WARNING - __main__ - Slot 0 (Blumentopf): KEIN Icon gefunden in item_icons! Zeichne Text.
2025-04-14 12:58:06 - WARNING - __main__ - Slot 1 (Sack Erde): KEIN Icon gefunden in item_icons! Zeichne Text.
2025-04-14 12:58:06 - WARNING - __main__ - Slot 2 (Weed Seeds): KEIN Icon gefunden in item_icons! Zeichne Text.
2025-04-14 12:58:06 - WARNING - __main__ - Slot 0 (Blumentopf): KEIN Icon gefunden in item_icons! Zeichne Text.
2025-04-14 12:58:06 - WARNING - __main__ - Slot 1 (Sack Erde): KEIN Icon gefunden in item_icons! Zeichne Text.
2025-04-14 12:58:06 - WARNING - __main__ - Slot 2 (Weed Seeds): KEIN Icon gefunden in item_icons! Zeichne Text.
2025-04-14 12:58:06 - WARNING - __main__ - Slot 0 (Blumentopf): KEIN Icon gefunden in item_icons! Zeichne Text.
2025-04-14 12:58:06 - WARNING - __main__ - Slot 1 (Sack Erde): KEIN Icon gefunden in item_icons! Zeichne Text.
2025-04-14 12:58:06 - WARNING - __main__ - Slot 2 (Weed Seeds): KEIN Icon gefunden in item_icons! Zeichne Text.
2025-04-14 12:58:06 - WARNING - __main__ - Slot 0 (Blumentopf): KEIN Icon gefunden in item_icons! Zeichne Text.
2025-04-14 12:58:06 - WARNING - __main__ - Slot 1 (Sack Erde): KEIN Icon gefunden in item_icons! Zeichne Text.
2025-04-14 12:58:06 - WARNING - __main__ - Slot 2 (Weed Seeds): KEIN Icon gefunden in item_icons! Zeichne Text.
2025-04-14 12:58:06 - WARNING - __main__ - Slot 0 (Blumentopf): KEIN Icon gefunden in item_icons! Zeichne Text.
2025-04-14 12:58:06 - WARNING - __main__ - Slot 1 (Sack Erde): KEIN Icon gefunden in item_icons! Zeichne Text.
2025-04-14 12:58:06 - WARNING - __main__ - Slot 2 (Weed Seeds): KEIN Icon gefunden in item_icons! Zeichne Text.
2025-04-14 12:58:06 - WARNING - __main__ - Slot 0 (Blumentopf): KEIN Icon gefunden in item_icons! Zeichne Text.
2025-04-14 12:58:06 - WARNING - __main__ - Slot 1 (Sack Erde): KEIN Icon gefunden in item_icons! Zeichne Text.
2025-04-14 12:58:06 - WARNING - __main__ - Slot 2 (Weed Seeds): KEIN Icon gefunden in item_icons! Zeichne Text.
2025-04-14 12:58:06 - WARNING - __main__ - Slot 0 (Blumentopf): KEIN Icon gefunden in item_icons! Zeichne Text.
2025-04-14 12:58:06 - WARNING - __main__ - Slot 1 (Sack Erde): KEIN Icon gefunden in item_icons! Zeichne Text.
2025-04-14 12:58:06 - WARNING - __main__ - Slot 2 (Weed Seeds): KEIN Icon gefunden in item_icons! Zeichne Text.
2025-04-14 12:58:06 - WARNING - __main__ - Slot 0 (Blumentopf): KEIN Icon gefunden in item_icons! Zeichne Text.
2025-04-14 12:58:06 - WARNING - __main__ - Slot 1 (Sack Erde): KEIN Icon gefunden in item_icons! Zeichne Text.
2025-04-14 12:58:06 - WARNING - __main__ - Slot 2 (Weed Seeds): KEIN Icon gefunden in item_icons! Zeichne Text.
2025-04-14 12:58:06 - WARNING - __main__ - Slot 0 (Blumentopf): KEIN Icon gefunden in item_icons! Zeichne Text.
2025-04-14 12:58:06 - WARNING - __main__ - Slot 1 (Sack Erde): KEIN Icon gefunden in item_icons! Zeichne Text.
2025-04-14 12:58:06 - WARNING - __main__ - Slot 2 (Weed Seeds): KEIN Icon gefunden in item_icons! Zeichne Text.
2025-04-14 12:58:06 - WARNING - __main__ - Slot 0 (Blumentopf): KEIN Icon gefunden in item_icons! Zeichne Text.
2025-04-14 12:58:06 - WARNING - __main__ - Slot 1 (Sack Erde): KEIN Icon gefunden in item_icons! Zeichne Text.
2025-04-14 12:58:06 - WARNING - __main__ - Slot 2 (Weed Seeds): KEIN Icon gefunden in item_icons! Zeichne Text.
2025-04-14 12:58:06 - WARNING - __main__ - Slot 0 (Blumentopf): KEIN Icon gefunden in item_icons! Zeichne Text.
2025-04-14 12:58:06 - WARNING - __main__ - Slot 1 (Sack Erde): KEIN Icon gefunden in item_icons! Zeichne Text.
2025-04-14 12:58:06 - WARNING - __main__ - Slot 2 (Weed Seeds): KEIN Icon gefunden in item_icons! Zeichne Text.
2025-04-14 12:58:06 - WARNING - __main__ - Slot 0 (Blumentopf): KEIN Icon gefunden in item_icons! Zeichne Text.
2025-04-14 12:58:06 - WARNING - __main__ - Slot 1 (Sack Erde): KEIN Icon gefunden in item_icons! Zeichne Text.
2025-04-14 12:58:06 - WARNING - __main__ - Slot 2 (Weed Seeds): KEIN Icon gefunden in item_icons! Zeichne Text.
2025-04-14 12:58:06 - WARNING - __main__ - Slot 0 (Blumentopf): KEIN Icon gefunden in item_icons! Zeichne Text.
2025-04-14 12:58:06 - WARNING - __main__ - Slot 1 (Sack Erde): KEIN Icon gefunden in item_icons! Zeichne Text.
2025-04-14 12:58:06 - WARNING - __main__ - Slot 2 (Weed Seeds): KEIN Icon gefunden in item_icons! Zeichne Text.
2025-04-14 12:58:06 - WARNING - __main__ - Slot 0 (Blumentopf): KEIN Icon gefunden in item_icons! Zeichne Text.
2025-04-14 12:58:06 - WARNING - __main__ - Slot 1 (Sack Erde): KEIN Icon gefunden in item_icons! Zeichne Text.
2025-04-14 12:58:06 - WARNING - __main__ - Slot 2 (Weed Seeds): KEIN Icon gefunden in item_icons! Zeichne Text.
2025-04-14 12:58:06 - WARNING - __main__ - Slot 0 (Blumentopf): KEIN Icon gefunden in item_icons! Zeichne Text.
2025-04-14 12:58:06 - WARNING - __main__ - Slot 1 (Sack Erde): KEIN Icon gefunden in item_icons! Zeichne Text.
2025-04-14 12:58:06 - WARNING - __main__ - Slot 2 (Weed Seeds): KEIN Icon gefunden in item_icons! Zeichne Text.
2025-04-14 12:58:06 - WARNING - __main__ - Slot 0 (Blumentopf): KEIN Icon gefunden in item_icons! Zeichne Text.
2025-04-14 12:58:06 - WARNING - __main__ - Slot 1 (Sack Erde): KEIN Icon gefunden in item_icons! Zeichne Text.
2025-04-14 12:58:06 - WARNING - __main__ - Slot 2 (Weed Seeds): KEIN Icon gefunden in item_icons! Zeichne Text.
2025-04-14 12:58:06 - WARNING - __main__ - Slot 0 (Blumentopf): KEIN Icon gefunden in item_icons! Zeichne Text.
2025-04-14 12:58:06 - WARNING - __main__ - Slot 1 (Sack Erde): KEIN Icon gefunden in item_icons! Zeichne Text.
2025-04-14 12:58:06 - WARNING - __main__ - Slot 2 (Weed Seeds): KEIN Icon gefunden in item_icons! Zeichne Text.
2025-04-14 12:58:06 - WARNING - __main__ - Slot 0 (Blumentopf): KEIN Icon gefunden in item_icons! Zeichne Text.
2025-04-14 12:58:06 - WARNING - __main__ - Slot 1 (Sack Erde): KEIN Icon gefunden in item_icons! Zeichne Text.
2025-04-14 12:58:06 - WARNING - __main__ - Slot 2 (Weed Seeds): KEIN Icon gefunden in item_icons! Zeichne Text.
2025-04-14 12:58:06 - WARNING - __main__ - Slot 0 (Blumentopf): KEIN Icon gefunden in item_icons! Zeichne Text.
2025-04-14 12:58:06 - WARNING - __main__ - Slot 1 (Sack Erde): KEIN Icon gefunden in item_icons! Zeichne Text.
2025-04-14 12:58:06 - WARNING - __main__ - Slot 2 (Weed Seeds): KEIN Icon gefunden in item_icons! Zeichne Text.
2025-04-14 12:58:06 - WARNING - __main__ - Slot 0 (Blumentopf): KEIN Icon gefunden in item_icons! Zeichne Text.
2025-04-14 12:58:06 - WARNING - __main__ - Slot 1 (Sack Erde): KEIN Icon gefunden in item_icons! Zeichne Text.
2025-04-14 12:58:06 - WARNING - __main__ - Slot 2 (Weed Seeds): KEIN Icon gefunden in item_icons! Zeichne Text.
2025-04-14 12:58:06 - WARNING - __main__ - Slot 0 (Blumentopf): KEIN Icon gefunden in item_icons! Zeichne Text.
2025-04-14 12:58:06 - WARNING - __main__ - Slot 1 (Sack Erde): KEIN Icon gefunden in item_icons! Zeichne Text.
2025-04-14 12:58:06 - WARNING - __main__ - Slot 2 (Weed Seeds): KEIN Icon gefunden in item_icons! Zeichne Text.
2025-04-14 12:58:06 - WARNING - __main__ - Slot 0 (Blumentopf): KEIN Icon gefunden in item_icons! Zeichne Text.
2025-04-14 12:58:06 - WARNING - __main__ - Slot 1 (Sack Erde): KEIN Icon gefunden in item_icons! Zeichne Text.
2025-04-14 12:58:06 - WARNING - __main__ - Slot 2 (Weed Seeds): KEIN Icon gefunden in item_icons! Zeichne Text.
2025-04-14 12:58:06 - WARNING - __main__ - Slot 0 (Blumentopf): KEIN Icon gefunden in item_icons! Zeichne Text.
2025-04-14 12:58:06 - WARNING - __main__ - Slot 1 (Sack Erde): KEIN Icon gefunden in item_icons! Zeichne Text.
2025-04-14 12:58:06 - WARNING - __main__ - Slot 2 (Weed Seeds): KEIN Icon gefunden in item_icons! Zeichne Text.
2025-04-14 12:58:06 - WARNING - __main__ - Slot 0 (Blumentopf): KEIN Icon gefunden in item_icons! Zeichne Text.
2025-04-14 12:58:06 - WARNING - __main__ - Slot 1 (Sack Erde): KEIN Icon gefunden in item_icons! Zeichne Text.
2025-04-14 12:58:06 - WARNING - __main__ - Slot 2 (Weed Seeds): KEIN Icon gefunden in item_icons! Zeichne Text.
2025-04-14 12:58:06 - WARNING - __main__ - Slot 0 (Blumentopf): KEIN Icon gefunden in item_icons! Zeichne Text.
2025-04-14 12:58:06 - WARNING - __main__ - Slot 1 (Sack Erde): KEIN Icon gefunden in item_icons! Zeichne Text.
2025-04-14 12:58:06 - WARNING - __main__ - Slot 2 (Weed Seeds): KEIN Icon gefunden in item_icons! Zeichne Text.
2025-04-14 12:58:06 - WARNING - __main__ - Slot 0 (Blumentopf): KEIN Icon gefunden in item_icons! Zeichne Text.
2025-04-14 12:58:06 - WARNING - __main__ - Slot 1 (Sack Erde): KEIN Icon gefunden in item_icons! Zeichne Text.
2025-04-14 12:58:06 - WARNING - __main__ - Slot 2 (Weed Seeds): KEIN Icon gefunden in item_icons! Zeichne Text.
2025-04-14 12:58:06 - WARNING - __main__ - Slot 0 (Blumentopf): KEIN Icon gefunden in item_icons! Zeichne Text.
2025-04-14 12:58:06 - WARNING - __main__ - Slot 1 (Sack Erde): KEIN Icon gefunden in item_icons! Zeichne Text.
2025-04-14 12:58:06 - WARNING - __main__ - Slot 2 (Weed Seeds): KEIN Icon gefunden in item_icons! Zeichne Text.
2025-04-14 12:58:07 - WARNING - __main__ - Slot 0 (Blumentopf): KEIN Icon gefunden in item_icons! Zeichne Text.
2025-04-14 12:58:07 - WARNING - __main__ - Slot 1 (Sack Erde): KEIN Icon gefunden in item_icons! Zeichne Text.
2025-04-14 12:58:07 - WARNING - __main__ - Slot 2 (Weed Seeds): KEIN Icon gefunden in item_icons! Zeichne Text.
2025-04-14 12:58:07 - WARNING - __main__ - Slot 0 (Blumentopf): KEIN Icon gefunden in item_icons! Zeichne Text.
2025-04-14 12:58:07 - WARNING - __main__ - Slot 1 (Sack Erde): KEIN Icon gefunden in item_icons! Zeichne Text.
2025-04-14 12:58:07 - WARNING - __main__ - Slot 2 (Weed Seeds): KEIN Icon gefunden in item_icons! Zeichne Text.
2025-04-14 12:58:07 - WARNING - __main__ - Slot 0 (Blumentopf): KEIN Icon gefunden in item_icons! Zeichne Text.
2025-04-14 12:58:07 - WARNING - __main__ - Slot 1 (Sack Erde): KEIN Icon gefunden in item_icons! Zeichne Text.
2025-04-14 12:58:07 - WARNING - __main__ - Slot 2 (Weed Seeds): KEIN Icon gefunden in item_icons! Zeichne Text.
2025-04-14 12:58:07 - WARNING - __main__ - Slot 0 (Blumentopf): KEIN Icon gefunden in item_icons! Zeichne Text.
2025-04-14 12:58:07 - WARNING - __main__ - Slot 1 (Sack Erde): KEIN Icon gefunden in item_icons! Zeichne Text.
2025-04-14 12:58:07 - WARNING - __main__ - Slot 2 (Weed Seeds): KEIN Icon gefunden in item_icons! Zeichne Text.
2025-04-14 12:58:07 - WARNING - __main__ - Slot 0 (Blumentopf): KEIN Icon gefunden in item_icons! Zeichne Text.
2025-04-14 12:58:07 - WARNING - __main__ - Slot 1 (Sack Erde): KEIN Icon gefunden in item_icons! Zeichne Text.
2025-04-14 12:58:07 - WARNING - __main__ - Slot 2 (Weed Seeds): KEIN Icon gefunden in item_icons! Zeichne Text.
2025-04-14 12:58:07 - WARNING - __main__ - Slot 0 (Blumentopf): KEIN Icon gefunden in item_icons! Zeichne Text.
2025-04-14 12:58:07 - WARNING - __main__ - Slot 1 (Sack Erde): KEIN Icon gefunden in item_icons! Zeichne Text.
2025-04-14 12:58:07 - WARNING - __main__ - Slot 2 (Weed Seeds): KEIN Icon gefunden in item_icons! Zeichne Text.
2025-04-14 12:58:07 - WARNING - __main__ - Slot 0 (Blumentopf): KEIN Icon gefunden in item_icons! Zeichne Text.
2025-04-14 12:58:07 - WARNING - __main__ - Slot 1 (Sack Erde): KEIN Icon gefunden in item_icons! Zeichne Text.
2025-04-14 12:58:07 - WARNING - __main__ - Slot 2 (Weed Seeds): KEIN Icon gefunden in item_icons! Zeichne Text.
2025-04-14 12:58:07 - WARNING - __main__ - Slot 0 (Blumentopf): KEIN Icon gefunden in item_icons! Zeichne Text.
2025-04-14 12:58:07 - WARNING - __main__ - Slot 1 (Sack Erde): KEIN Icon gefunden in item_icons! Zeichne Text.
2025-04-14 12:58:07 - WARNING - __main__ - Slot 2 (Weed Seeds): KEIN Icon gefunden in item_icons! Zeichne Text.
2025-04-14 12:58:07 - WARNING - __main__ - Slot 0 (Blumentopf): KEIN Icon gefunden in item_icons! Zeichne Text.
2025-04-14 12:58:07 - WARNING - __main__ - Slot 1 (Sack Erde): KEIN Icon gefunden in item_icons! Zeichne Text.
2025-04-14 12:58:07 - WARNING - __main__ - Slot 2 (Weed Seeds): KEIN Icon gefunden in item_icons! Zeichne Text.
2025-04-14 12:58:07 - WARNING - __main__ - Slot 0 (Blumentopf): KEIN Icon gefunden in item_icons! Zeichne Text.
2025-04-14 12:58:07 - WARNING - __main__ - Slot 1 (Sack Erde): KEIN Icon gefunden in item_icons! Zeichne Text.
2025-04-14 12:58:07 - WARNING - __main__ - Slot 2 (Weed Seeds): KEIN Icon gefunden in item_icons! Zeichne Text.
2025-04-14 12:58:07 - WARNING - __main__ - Slot 0 (Blumentopf): KEIN Icon gefunden in item_icons! Zeichne Text.
2025-04-14 12:58:07 - WARNING - __main__ - Slot 1 (Sack Erde): KEIN Icon gefunden in item_icons! Zeichne Text.
2025-04-14 12:58:07 - WARNING - __main__ - Slot 2 (Weed Seeds): KEIN Icon gefunden in item_icons! Zeichne Text.
2025-04-14 12:58:07 - WARNING - __main__ - Slot 0 (Blumentopf): KEIN Icon gefunden in item_icons! Zeichne Text.
2025-04-14 12:58:07 - WARNING - __main__ - Slot 1 (Sack Erde): KEIN Icon gefunden in item_icons! Zeichne Text.
2025-04-14 12:58:07 - WARNING - __main__ - Slot 2 (Weed Seeds): KEIN Icon gefunden in item_icons! Zeichne Text.
2025-04-14 12:58:07 - WARNING - __main__ - Slot 0 (Blumentopf): KEIN Icon gefunden in item_icons! Zeichne Text.
2025-04-14 12:58:07 - WARNING - __main__ - Slot 1 (Sack Erde): KEIN Icon gefunden in item_icons! Zeichne Text.
2025-04-14 12:58:07 - WARNING - __main__ - Slot 2 (Weed Seeds): KEIN Icon gefunden in item_icons! Zeichne Text.
2025-04-14 12:58:07 - WARNING - __main__ - Slot 0 (Blumentopf): KEIN Icon gefunden in item_icons! Zeichne Text.
2025-04-14 12:58:07 - WARNING - __main__ - Slot 1 (Sack Erde): KEIN Icon gefunden in item_icons! Zeichne Text.
2025-04-14 12:58:07 - WARNING - __main__ - Slot 2 (Weed Seeds): KEIN Icon gefunden in item_icons! Zeichne Text.
2025-04-14 12:58:07 - WARNING - __main__ - Slot 0 (Blumentopf): KEIN Icon gefunden in item_icons! Zeichne Text.
2025-04-14 12:58:07 - WARNING - __main__ - Slot 1 (Sack Erde): KEIN Icon gefunden in item_icons! Zeichne Text.
2025-04-14 12:58:07 - WARNING - __main__ - Slot 2 (Weed Seeds): KEIN Icon gefunden in item_icons! Zeichne Text.
2025-04-14 12:58:07 - WARNING - __main__ - Slot 0 (Blumentopf): KEIN Icon gefunden in item_icons! Zeichne Text.
2025-04-14 12:58:07 - WARNING - __main__ - Slot 1 (Sack Erde): KEIN Icon gefunden in item_icons! Zeichne Text.
2025-04-14 12:58:07 - WARNING - __main__ - Slot 2 (Weed Seeds): KEIN Icon gefunden in item_icons! Zeichne Text.
2025-04-14 12:58:07 - WARNING - __main__ - Slot 0 (Blumentopf): KEIN Icon gefunden in item_icons! Zeichne Text.
2025-04-14 12:58:07 - WARNING - __main__ - Slot 1 (Sack Erde): KEIN Icon gefunden in item_icons! Zeichne Text.
2025-04-14 12:58:07 - WARNING - __main__ - Slot 2 (Weed Seeds): KEIN Icon gefunden in item_icons! Zeichne Text.
2025-04-14 12:58:07 - WARNING - __main__ - Slot 0 (Blumentopf): KEIN Icon gefunden in item_icons! Zeichne Text.
2025-04-14 12:58:07 - WARNING - __main__ - Slot 1 (Sack Erde): KEIN Icon gefunden in item_icons! Zeichne Text.
2025-04-14 12:58:07 - WARNING - __main__ - Slot 2 (Weed Seeds): KEIN Icon gefunden in item_icons! Zeichne Text.
2025-04-14 12:58:07 - WARNING - __main__ - Slot 0 (Blumentopf): KEIN Icon gefunden in item_icons! Zeichne Text.
2025-04-14 12:58:07 - WARNING - __main__ - Slot 1 (Sack Erde): KEIN Icon gefunden in item_icons! Zeichne Text.
2025-04-14 12:58:07 - WARNING - __main__ - Slot 2 (Weed Seeds): KEIN Icon gefunden in item_icons! Zeichne Text.
2025-04-14 12:58:07 - WARNING - __main__ - Slot 0 (Blumentopf): KEIN Icon gefunden in item_icons! Zeichne Text.
2025-04-14 12:58:07 - WARNING - __main__ - Slot 1 (Sack Erde): KEIN Icon gefunden in item_icons! Zeichne Text.
2025-04-14 12:58:07 - WARNING - __main__ - Slot 2 (Weed Seeds): KEIN Icon gefunden in item_icons! Zeichne Text.
2025-04-14 12:58:07 - WARNING - __main__ - Slot 0 (Blumentopf): KEIN Icon gefunden in item_icons! Zeichne Text.
2025-04-14 12:58:07 - WARNING - __main__ - Slot 1 (Sack Erde): KEIN Icon gefunden in item_icons! Zeichne Text.
2025-04-14 12:58:07 - WARNING - __main__ - Slot 2 (Weed Seeds): KEIN Icon gefunden in item_icons! Zeichne Text.
2025-04-14 12:58:07 - WARNING - __main__ - Slot 0 (Blumentopf): KEIN Icon gefunden in item_icons! Zeichne Text.
2025-04-14 12:58:07 - WARNING - __main__ - Slot 1 (Sack Erde): KEIN Icon gefunden in item_icons! Zeichne Text.
2025-04-14 12:58:07 - WARNING - __main__ - Slot 2 (Weed Seeds): KEIN Icon gefunden in item_icons! Zeichne Text.
2025-04-14 12:58:07 - WARNING - __main__ - Slot 0 (Blumentopf): KEIN Icon gefunden in item_icons! Zeichne Text.
2025-04-14 12:58:07 - WARNING - __main__ - Slot 1 (Sack Erde): KEIN Icon gefunden in item_icons! Zeichne Text.
2025-04-14 12:58:07 - WARNING - __main__ - Slot 2 (Weed Seeds): KEIN Icon gefunden in item_icons! Zeichne Text.
2025-04-14 12:58:07 - WARNING - __main__ - Slot 0 (Blumentopf): KEIN Icon gefunden in item_icons! Zeichne Text.
2025-04-14 12:58:07 - WARNING - __main__ - Slot 1 (Sack Erde): KEIN Icon gefunden in item_icons! Zeichne Text.
2025-04-14 12:58:07 - WARNING - __main__ - Slot 2 (Weed Seeds): KEIN Icon gefunden in item_icons! Zeichne Text.
2025-04-14 12:58:07 - WARNING - __main__ - Slot 0 (Blumentopf): KEIN Icon gefunden in item_icons! Zeichne Text.
2025-04-14 12:58:07 - WARNING - __main__ - Slot 1 (Sack Erde): KEIN Icon gefunden in item_icons! Zeichne Text.
2025-04-14 12:58:07 - WARNING - __main__ - Slot 2 (Weed Seeds): KEIN Icon gefunden in item_icons! Zeichne Text.
2025-04-14 12:58:07 - WARNING - __main__ - Slot 0 (Blumentopf): KEIN Icon gefunden in item_icons! Zeichne Text.
2025-04-14 12:58:07 - WARNING - __main__ - Slot 1 (Sack Erde): KEIN Icon gefunden in item_icons! Zeichne Text.
2025-04-14 12:58:07 - WARNING - __main__ - Slot 2 (Weed Seeds): KEIN Icon gefunden in item_icons! Zeichne Text.
2025-04-14 12:58:07 - WARNING - __main__ - Slot 0 (Blumentopf): KEIN Icon gefunden in item_icons! Zeichne Text.
2025-04-14 12:58:07 - WARNING - __main__ - Slot 1 (Sack Erde): KEIN Icon gefunden in item_icons! Zeichne Text.
2025-04-14 12:58:07 - WARNING - __main__ - Slot 2 (Weed Seeds): KEIN Icon gefunden in item_icons! Zeichne Text.
2025-04-14 12:58:07 - WARNING - __main__ - Slot 0 (Blumentopf): KEIN Icon gefunden in item_icons! Zeichne Text.
2025-04-14 12:58:07 - WARNING - __main__ - Slot 1 (Sack Erde): KEIN Icon gefunden in item_icons! Zeichne Text.
2025-04-14 12:58:07 - WARNING - __main__ - Slot 2 (Weed Seeds): KEIN Icon gefunden in item_icons! Zeichne Text.
2025-04-14 12:58:07 - WARNING - __main__ - Slot 0 (Blumentopf): KEIN Icon gefunden in item_icons! Zeichne Text.
2025-04-14 12:58:07 - WARNING - __main__ - Slot 1 (Sack Erde): KEIN Icon gefunden in item_icons! Zeichne Text.
2025-04-14 12:58:07 - WARNING - __main__ - Slot 2 (Weed Seeds): KEIN Icon gefunden in item_icons! Zeichne Text.
2025-04-14 12:58:07 - WARNING - __main__ - Slot 0 (Blumentopf): KEIN Icon gefunden in item_icons! Zeichne Text.
2025-04-14 12:58:07 - WARNING - __main__ - Slot 1 (Sack Erde): KEIN Icon gefunden in item_icons! Zeichne Text.
2025-04-14 12:58:07 - WARNING - __main__ - Slot 2 (Weed Seeds): KEIN Icon gefunden in item_icons! Zeichne Text.
2025-04-14 12:58:07 - WARNING - __main__ - Slot 0 (Blumentopf): KEIN Icon gefunden in item_icons! Zeichne Text.
2025-04-14 12:58:07 - WARNING - __main__ - Slot 1 (Sack Erde): KEIN Icon gefunden in item_icons! Zeichne Text.
2025-04-14 12:58:07 - WARNING - __main__ - Slot 2 (Weed Seeds): KEIN Icon gefunden in item_icons! Zeichne Text.
2025-04-14 12:58:07 - WARNING - __main__ - Slot 0 (Blumentopf): KEIN Icon gefunden in item_icons! Zeichne Text.
2025-04-14 12:58:07 - WARNING - __main__ - Slot 1 (Sack Erde): KEIN Icon gefunden in item_icons! Zeichne Text.
2025-04-14 12:58:07 - WARNING - __main__ - Slot 2 (Weed Seeds): KEIN Icon gefunden in item_icons! Zeichne Text.
2025-04-14 12:58:07 - WARNING - __main__ - Slot 0 (Blumentopf): KEIN Icon gefunden in item_icons! Zeichne Text.
2025-04-14 12:58:07 - WARNING - __main__ - Slot 1 (Sack Erde): KEIN Icon gefunden in item_icons! Zeichne Text.
2025-04-14 12:58:07 - WARNING - __main__ - Slot 2 (Weed Seeds): KEIN Icon gefunden in item_icons! Zeichne Text.
2025-04-14 12:58:07 - WARNING - __main__ - Slot 0 (Blumentopf): KEIN Icon gefunden in item_icons! Zeichne Text.
2025-04-14 12:58:07 - WARNING - __main__ - Slot 1 (Sack Erde): KEIN Icon gefunden in item_icons! Zeichne Text.
2025-04-14 12:58:07 - WARNING - __main__ - Slot 2 (Weed Seeds): KEIN Icon gefunden in item_icons! Zeichne Text.
2025-04-14 12:58:07 - WARNING - __main__ - Slot 0 (Blumentopf): KEIN Icon gefunden in item_icons! Zeichne Text.
2025-04-14 12:58:07 - WARNING - __main__ - Slot 1 (Sack Erde): KEIN Icon gefunden in item_icons! Zeichne Text.
2025-04-14 12:58:07 - WARNING - __main__ - Slot 2 (Weed Seeds): KEIN Icon gefunden in item_icons! Zeichne Text.
2025-04-14 12:58:07 - WARNING - __main__ - Slot 0 (Blumentopf): KEIN Icon gefunden in item_icons! Zeichne Text.
2025-04-14 12:58:07 - WARNING - __main__ - Slot 1 (Sack Erde): KEIN Icon gefunden in item_icons! Zeichne Text.
2025-04-14 12:58:07 - WARNING - __main__ - Slot 2 (Weed Seeds): KEIN Icon gefunden in item_icons! Zeichne Text.
2025-04-14 12:58:07 - WARNING - __main__ - Slot 0 (Blumentopf): KEIN Icon gefunden in item_icons! Zeichne Text.
2025-04-14 12:58:07 - WARNING - __main__ - Slot 1 (Sack Erde): KEIN Icon gefunden in item_icons! Zeichne Text.
2025-04-14 12:58:07 - WARNING - __main__ - Slot 2 (Weed Seeds): KEIN Icon gefunden in item_icons! Zeichne Text.
2025-04-14 12:58:07 - WARNING - __main__ - Slot 0 (Blumentopf): KEIN Icon gefunden in item_icons! Zeichne Text.
2025-04-14 12:58:07 - WARNING - __main__ - Slot 1 (Sack Erde): KEIN Icon gefunden in item_icons! Zeichne Text.
2025-04-14 12:58:07 - WARNING - __main__ - Slot 2 (Weed Seeds): KEIN Icon gefunden in item_icons! Zeichne Text.
2025-04-14 12:58:07 - WARNING - __main__ - Slot 0 (Blumentopf): KEIN Icon gefunden in item_icons! Zeichne Text.
2025-04-14 12:58:07 - WARNING - __main__ - Slot 1 (Sack Erde): KEIN Icon gefunden in item_icons! Zeichne Text.
2025-04-14 12:58:07 - WARNING - __main__ - Slot 2 (Weed Seeds): KEIN Icon gefunden in item_icons! Zeichne Text.
2025-04-14 12:58:07 - WARNING - __main__ - Slot 0 (Blumentopf): KEIN Icon gefunden in item_icons! Zeichne Text.
2025-04-14 12:58:07 - WARNING - __main__ - Slot 1 (Sack Erde): KEIN Icon gefunden in item_icons! Zeichne Text.
2025-04-14 12:58:07 - WARNING - __main__ - Slot 2 (Weed Seeds): KEIN Icon gefunden in item_icons! Zeichne Text.
2025-04-14 12:58:07 - WARNING - __main__ - Slot 0 (Blumentopf): KEIN Icon gefunden in item_icons! Zeichne Text.
2025-04-14 12:58:07 - WARNING - __main__ - Slot 1 (Sack Erde): KEIN Icon gefunden in item_icons! Zeichne Text.
2025-04-14 12:58:07 - WARNING - __main__ - Slot 2 (Weed Seeds): KEIN Icon gefunden in item_icons! Zeichne Text.
2025-04-14 12:58:07 - WARNING - __main__ - Slot 0 (Blumentopf): KEIN Icon gefunden in item_icons! Zeichne Text.
2025-04-14 12:58:07 - WARNING - __main__ - Slot 1 (Sack Erde): KEIN Icon gefunden in item_icons! Zeichne Text.
2025-04-14 12:58:07 - WARNING - __main__ - Slot 2 (Weed Seeds): KEIN Icon gefunden in item_icons! Zeichne Text.
2025-04-14 12:58:07 - WARNING - __main__ - Slot 0 (Blumentopf): KEIN Icon gefunden in item_icons! Zeichne Text.
2025-04-14 12:58:07 - WARNING - __main__ - Slot 1 (Sack Erde): KEIN Icon gefunden in item_icons! Zeichne Text.
2025-04-14 12:58:07 - WARNING - __main__ - Slot 2 (Weed Seeds): KEIN Icon gefunden in item_icons! Zeichne Text.
2025-04-14 12:58:07 - WARNING - __main__ - Slot 0 (Blumentopf): KEIN Icon gefunden in item_icons! Zeichne Text.
2025-04-14 12:58:07 - WARNING - __main__ - Slot 1 (Sack Erde): KEIN Icon gefunden in item_icons! Zeichne Text.
2025-04-14 12:58:07 - WARNING - __main__ - Slot 2 (Weed Seeds): KEIN Icon gefunden in item_icons! Zeichne Text.
2025-04-14 12:58:07 - WARNING - __main__ - Slot 0 (Blumentopf): KEIN Icon gefunden in item_icons! Zeichne Text.
2025-04-14 12:58:07 - WARNING - __main__ - Slot 1 (Sack Erde): KEIN Icon gefunden in item_icons! Zeichne Text.
2025-04-14 12:58:07 - WARNING - __main__ - Slot 2 (Weed Seeds): KEIN Icon gefunden in item_icons! Zeichne Text.
2025-04-14 12:58:07 - WARNING - __main__ - Slot 0 (Blumentopf): KEIN Icon gefunden in item_icons! Zeichne Text.
2025-04-14 12:58:07 - WARNING - __main__ - Slot 1 (Sack Erde): KEIN Icon gefunden in item_icons! Zeichne Text.
2025-04-14 12:58:07 - WARNING - __main__ - Slot 2 (Weed Seeds): KEIN Icon gefunden in item_icons! Zeichne Text.
2025-04-14 12:58:07 - WARNING - __main__ - Slot 0 (Blumentopf): KEIN Icon gefunden in item_icons! Zeichne Text.
2025-04-14 12:58:07 - WARNING - __main__ - Slot 1 (Sack Erde): KEIN Icon gefunden in item_icons! Zeichne Text.
2025-04-14 12:58:07 - WARNING - __main__ - Slot 2 (Weed Seeds): KEIN Icon gefunden in item_icons! Zeichne Text.
2025-04-14 12:58:07 - WARNING - __main__ - Slot 0 (Blumentopf): KEIN Icon gefunden in item_icons! Zeichne Text.
2025-04-14 12:58:07 - WARNING - __main__ - Slot 1 (Sack Erde): KEIN Icon gefunden in item_icons! Zeichne Text.
2025-04-14 12:58:07 - WARNING - __main__ - Slot 2 (Weed Seeds): KEIN Icon gefunden in item_icons! Zeichne Text.
2025-04-14 12:58:07 - WARNING - __main__ - Slot 0 (Blumentopf): KEIN Icon gefunden in item_icons! Zeichne Text.
2025-04-14 12:58:07 - WARNING - __main__ - Slot 1 (Sack Erde): KEIN Icon gefunden in item_icons! Zeichne Text.
2025-04-14 12:58:07 - WARNING - __main__ - Slot 2 (Weed Seeds): KEIN Icon gefunden in item_icons! Zeichne Text.
2025-04-14 12:58:07 - WARNING - __main__ - Slot 0 (Blumentopf): KEIN Icon gefunden in item_icons! Zeichne Text.
2025-04-14 12:58:07 - WARNING - __main__ - Slot 1 (Sack Erde): KEIN Icon gefunden in item_icons! Zeichne Text.
2025-04-14 12:58:07 - WARNING - __main__ - Slot 2 (Weed Seeds): KEIN Icon gefunden in item_icons! Zeichne Text.
2025-04-14 12:58:07 - WARNING - __main__ - Slot 0 (Blumentopf): KEIN Icon gefunden in item_icons! Zeichne Text.
2025-04-14 12:58:07 - WARNING - __main__ - Slot 1 (Sack Erde): KEIN Icon gefunden in item_icons! Zeichne Text.
2025-04-14 12:58:07 - WARNING - __main__ - Slot 2 (Weed Seeds): KEIN Icon gefunden in item_icons! Zeichne Text.
2025-04-14 12:58:07 - WARNING - __main__ - Slot 0 (Blumentopf): KEIN Icon gefunden in item_icons! Zeichne Text.
2025-04-14 12:58:07 - WARNING - __main__ - Slot 1 (Sack Erde): KEIN Icon gefunden in item_icons! Zeichne Text.
2025-04-14 12:58:07 - WARNING - __main__ - Slot 2 (Weed Seeds): KEIN Icon gefunden in item_icons! Zeichne Text.
2025-04-14 12:58:07 - WARNING - __main__ - Slot 0 (Blumentopf): KEIN Icon gefunden in item_icons! Zeichne Text.
2025-04-14 12:58:07 - WARNING - __main__ - Slot 1 (Sack Erde): KEIN Icon gefunden in item_icons! Zeichne Text.
2025-04-14 12:58:07 - WARNING - __main__ - Slot 2 (Weed Seeds): KEIN Icon gefunden in item_icons! Zeichne Text.
2025-04-14 12:58:07 - WARNING - __main__ - Slot 0 (Blumentopf): KEIN Icon gefunden in item_icons! Zeichne Text.
2025-04-14 12:58:07 - WARNING - __main__ - Slot 1 (Sack Erde): KEIN Icon gefunden in item_icons! Zeichne Text.
2025-04-14 12:58:07 - WARNING - __main__ - Slot 2 (Weed Seeds): KEIN Icon gefunden in item_icons! Zeichne Text.
2025-04-14 12:58:07 - WARNING - __main__ - Slot 0 (Blumentopf): KEIN Icon gefunden in item_icons! Zeichne Text.
2025-04-14 12:58:07 - WARNING - __main__ - Slot 1 (Sack Erde): KEIN Icon gefunden in item_icons! Zeichne Text.
2025-04-14 12:58:07 - WARNING - __main__ - Slot 2 (Weed Seeds): KEIN Icon gefunden in item_icons! Zeichne Text.
2025-04-14 12:58:07 - WARNING - __main__ - Slot 0 (Blumentopf): KEIN Icon gefunden in item_icons! Zeichne Text.
2025-04-14 12:58:07 - WARNING - __main__ - Slot 1 (Sack Erde): KEIN Icon gefunden in item_icons! Zeichne Text.
2025-04-14 12:58:07 - WARNING - __main__ - Slot 2 (Weed Seeds): KEIN Icon gefunden in item_icons! Zeichne Text.
2025-04-14 12:58:07 - WARNING - __main__ - Slot 0 (Blumentopf): KEIN Icon gefunden in item_icons! Zeichne Text.
2025-04-14 12:58:07 - WARNING - __main__ - Slot 1 (Sack Erde): KEIN Icon gefunden in item_icons! Zeichne Text.
2025-04-14 12:58:07 - WARNING - __main__ - Slot 2 (Weed Seeds): KEIN Icon gefunden in item_icons! Zeichne Text.
2025-04-14 12:58:07 - WARNING - __main__ - Slot 0 (Blumentopf): KEIN Icon gefunden in item_icons! Zeichne Text.
2025-04-14 12:58:07 - WARNING - __main__ - Slot 1 (Sack Erde): KEIN Icon gefunden in item_icons! Zeichne Text.
2025-04-14 12:58:07 - WARNING - __main__ - Slot 2 (Weed Seeds): KEIN Icon gefunden in item_icons! Zeichne Text.
2025-04-14 12:58:07 - WARNING - __main__ - Slot 0 (Blumentopf): KEIN Icon gefunden in item_icons! Zeichne Text.
2025-04-14 12:58:07 - WARNING - __main__ - Slot 1 (Sack Erde): KEIN Icon gefunden in item_icons! Zeichne Text.
2025-04-14 12:58:07 - WARNING - __main__ - Slot 2 (Weed Seeds): KEIN Icon gefunden in item_icons! Zeichne Text.
2025-04-14 12:58:07 - WARNING - __main__ - Slot 0 (Blumentopf): KEIN Icon gefunden in item_icons! Zeichne Text.
2025-04-14 12:58:07 - WARNING - __main__ - Slot 1 (Sack Erde): KEIN Icon gefunden in item_icons! Zeichne Text.
2025-04-14 12:58:07 - WARNING - __main__ - Slot 2 (Weed Seeds): KEIN Icon gefunden in item_icons! Zeichne Text.
2025-04-14 12:58:07 - WARNING - __main__ - Slot 0 (Blumentopf): KEIN Icon gefunden in item_icons! Zeichne Text.
2025-04-14 12:58:07 - WARNING - __main__ - Slot 1 (Sack Erde): KEIN Icon gefunden in item_icons! Zeichne Text.
2025-04-14 12:58:07 - WARNING - __main__ - Slot 2 (Weed Seeds): KEIN Icon gefunden in item_icons! Zeichne Text.
2025-04-14 12:58:08 - WARNING - __main__ - Slot 0 (Blumentopf): KEIN Icon gefunden in item_icons! Zeichne Text.
2025-04-14 12:58:08 - WARNING - __main__ - Slot 1 (Sack Erde): KEIN Icon gefunden in item_icons! Zeichne Text.
2025-04-14 12:58:08 - WARNING - __main__ - Slot 2 (Weed Seeds): KEIN Icon gefunden in item_icons! Zeichne Text.
2025-04-14 12:58:08 - WARNING - __main__ - Slot 0 (Blumentopf): KEIN Icon gefunden in item_icons! Zeichne Text.
2025-04-14 12:58:08 - WARNING - __main__ - Slot 1 (Sack Erde): KEIN Icon gefunden in item_icons! Zeichne Text.
2025-04-14 12:58:08 - WARNING - __main__ - Slot 2 (Weed Seeds): KEIN Icon gefunden in item_icons! Zeichne Text.
2025-04-14 12:58:08 - WARNING - __main__ - Slot 0 (Blumentopf): KEIN Icon gefunden in item_icons! Zeichne Text.
2025-04-14 12:58:08 - WARNING - __main__ - Slot 1 (Sack Erde): KEIN Icon gefunden in item_icons! Zeichne Text.
2025-04-14 12:58:08 - WARNING - __main__ - Slot 2 (Weed Seeds): KEIN Icon gefunden in item_icons! Zeichne Text.
2025-04-14 12:58:08 - WARNING - __main__ - Slot 0 (Blumentopf): KEIN Icon gefunden in item_icons! Zeichne Text.
2025-04-14 12:58:08 - WARNING - __main__ - Slot 1 (Sack Erde): KEIN Icon gefunden in item_icons! Zeichne Text.
2025-04-14 12:58:08 - WARNING - __main__ - Slot 2 (Weed Seeds): KEIN Icon gefunden in item_icons! Zeichne Text.
2025-04-14 12:58:08 - WARNING - __main__ - Slot 0 (Blumentopf): KEIN Icon gefunden in item_icons! Zeichne Text.
2025-04-14 12:58:08 - WARNING - __main__ - Slot 1 (Sack Erde): KEIN Icon gefunden in item_icons! Zeichne Text.
2025-04-14 12:58:08 - WARNING - __main__ - Slot 2 (Weed Seeds): KEIN Icon gefunden in item_icons! Zeichne Text.
2025-04-14 12:58:08 - WARNING - __main__ - Slot 0 (Blumentopf): KEIN Icon gefunden in item_icons! Zeichne Text.
2025-04-14 12:58:08 - WARNING - __main__ - Slot 1 (Sack Erde): KEIN Icon gefunden in item_icons! Zeichne Text.
2025-04-14 12:58:08 - WARNING - __main__ - Slot 2 (Weed Seeds): KEIN Icon gefunden in item_icons! Zeichne Text.
2025-04-14 12:58:08 - WARNING - __main__ - Slot 0 (Blumentopf): KEIN Icon gefunden in item_icons! Zeichne Text.
2025-04-14 12:58:08 - WARNING - __main__ - Slot 1 (Sack Erde): KEIN Icon gefunden in item_icons! Zeichne Text.
2025-04-14 12:58:08 - WARNING - __main__ - Slot 2 (Weed Seeds): KEIN Icon gefunden in item_icons! Zeichne Text.
2025-04-14 12:58:08 - WARNING - __main__ - Slot 0 (Blumentopf): KEIN Icon gefunden in item_icons! Zeichne Text.
2025-04-14 12:58:08 - WARNING - __main__ - Slot 1 (Sack Erde): KEIN Icon gefunden in item_icons! Zeichne Text.
2025-04-14 12:58:08 - WARNING - __main__ - Slot 2 (Weed Seeds): KEIN Icon gefunden in item_icons! Zeichne Text.
2025-04-14 12:58:08 - WARNING - __main__ - Slot 0 (Blumentopf): KEIN Icon gefunden in item_icons! Zeichne Text.
2025-04-14 12:58:08 - WARNING - __main__ - Slot 1 (Sack Erde): KEIN Icon gefunden in item_icons! Zeichne Text.
2025-04-14 12:58:08 - WARNING - __main__ - Slot 2 (Weed Seeds): KEIN Icon gefunden in item_icons! Zeichne Text.
2025-04-14 12:58:08 - WARNING - __main__ - Slot 0 (Blumentopf): KEIN Icon gefunden in item_icons! Zeichne Text.
2025-04-14 12:58:08 - WARNING - __main__ - Slot 1 (Sack Erde): KEIN Icon gefunden in item_icons! Zeichne Text.
2025-04-14 12:58:08 - WARNING - __main__ - Slot 2 (Weed Seeds): KEIN Icon gefunden in item_icons! Zeichne Text.
2025-04-14 12:58:08 - WARNING - __main__ - Slot 0 (Blumentopf): KEIN Icon gefunden in item_icons! Zeichne Text.
2025-04-14 12:58:08 - WARNING - __main__ - Slot 1 (Sack Erde): KEIN Icon gefunden in item_icons! Zeichne Text.
2025-04-14 12:58:08 - WARNING - __main__ - Slot 2 (Weed Seeds): KEIN Icon gefunden in item_icons! Zeichne Text.
2025-04-14 12:58:08 - WARNING - __main__ - Slot 0 (Blumentopf): KEIN Icon gefunden in item_icons! Zeichne Text.
2025-04-14 12:58:08 - WARNING - __main__ - Slot 1 (Sack Erde): KEIN Icon gefunden in item_icons! Zeichne Text.
2025-04-14 12:58:08 - WARNING - __main__ - Slot 2 (Weed Seeds): KEIN Icon gefunden in item_icons! Zeichne Text.
2025-04-14 12:58:08 - WARNING - __main__ - Slot 0 (Blumentopf): KEIN Icon gefunden in item_icons! Zeichne Text.
2025-04-14 12:58:08 - WARNING - __main__ - Slot 1 (Sack Erde): KEIN Icon gefunden in item_icons! Zeichne Text.
2025-04-14 12:58:08 - WARNING - __main__ - Slot 2 (Weed Seeds): KEIN Icon gefunden in item_icons! Zeichne Text.
2025-04-14 12:58:08 - WARNING - __main__ - Slot 0 (Blumentopf): KEIN Icon gefunden in item_icons! Zeichne Text.
2025-04-14 12:58:08 - WARNING - __main__ - Slot 1 (Sack Erde): KEIN Icon gefunden in item_icons! Zeichne Text.
2025-04-14 12:58:08 - WARNING - __main__ - Slot 2 (Weed Seeds): KEIN Icon gefunden in item_icons! Zeichne Text.
2025-04-14 12:58:08 - WARNING - __main__ - Slot 0 (Blumentopf): KEIN Icon gefunden in item_icons! Zeichne Text.
2025-04-14 12:58:08 - WARNING - __main__ - Slot 1 (Sack Erde): KEIN Icon gefunden in item_icons! Zeichne Text.
2025-04-14 12:58:08 - WARNING - __main__ - Slot 2 (Weed Seeds): KEIN Icon gefunden in item_icons! Zeichne Text.
2025-04-14 12:58:08 - WARNING - __main__ - Slot 0 (Blumentopf): KEIN Icon gefunden in item_icons! Zeichne Text.
2025-04-14 12:58:08 - WARNING - __main__ - Slot 1 (Sack Erde): KEIN Icon gefunden in item_icons! Zeichne Text.
2025-04-14 12:58:08 - WARNING - __main__ - Slot 2 (Weed Seeds): KEIN Icon gefunden in item_icons! Zeichne Text.
2025-04-14 12:58:08 - WARNING - __main__ - Slot 0 (Blumentopf): KEIN Icon gefunden in item_icons! Zeichne Text.
2025-04-14 12:58:08 - WARNING - __main__ - Slot 1 (Sack Erde): KEIN Icon gefunden in item_icons! Zeichne Text.
2025-04-14 12:58:08 - WARNING - __main__ - Slot 2 (Weed Seeds): KEIN Icon gefunden in item_icons! Zeichne Text.
2025-04-14 12:58:08 - WARNING - __main__ - Slot 0 (Blumentopf): KEIN Icon gefunden in item_icons! Zeichne Text.
2025-04-14 12:58:08 - WARNING - __main__ - Slot 1 (Sack Erde): KEIN Icon gefunden in item_icons! Zeichne Text.
2025-04-14 12:58:08 - WARNING - __main__ - Slot 2 (Weed Seeds): KEIN Icon gefunden in item_icons! Zeichne Text.
2025-04-14 12:58:08 - WARNING - __main__ - Slot 0 (Blumentopf): KEIN Icon gefunden in item_icons! Zeichne Text.
2025-04-14 12:58:08 - WARNING - __main__ - Slot 1 (Sack Erde): KEIN Icon gefunden in item_icons! Zeichne Text.
2025-04-14 12:58:08 - WARNING - __main__ - Slot 2 (Weed Seeds): KEIN Icon gefunden in item_icons! Zeichne Text.
2025-04-14 12:58:08 - WARNING - __main__ - Slot 0 (Blumentopf): KEIN Icon gefunden in item_icons! Zeichne Text.
2025-04-14 12:58:08 - WARNING - __main__ - Slot 1 (Sack Erde): KEIN Icon gefunden in item_icons! Zeichne Text.
2025-04-14 12:58:08 - WARNING - __main__ - Slot 2 (Weed Seeds): KEIN Icon gefunden in item_icons! Zeichne Text.
2025-04-14 12:58:08 - WARNING - __main__ - Slot 0 (Blumentopf): KEIN Icon gefunden in item_icons! Zeichne Text.
2025-04-14 12:58:08 - WARNING - __main__ - Slot 1 (Sack Erde): KEIN Icon gefunden in item_icons! Zeichne Text.
2025-04-14 12:58:08 - WARNING - __main__ - Slot 2 (Weed Seeds): KEIN Icon gefunden in item_icons! Zeichne Text.
2025-04-14 12:58:08 - WARNING - __main__ - Slot 0 (Blumentopf): KEIN Icon gefunden in item_icons! Zeichne Text.
2025-04-14 12:58:08 - WARNING - __main__ - Slot 1 (Sack Erde): KEIN Icon gefunden in item_icons! Zeichne Text.
2025-04-14 12:58:08 - WARNING - __main__ - Slot 2 (Weed Seeds): KEIN Icon gefunden in item_icons! Zeichne Text.
2025-04-14 12:58:08 - WARNING - __main__ - Slot 0 (Blumentopf): KEIN Icon gefunden in item_icons! Zeichne Text.
2025-04-14 12:58:08 - WARNING - __main__ - Slot 1 (Sack Erde): KEIN Icon gefunden in item_icons! Zeichne Text.
2025-04-14 12:58:08 - WARNING - __main__ - Slot 2 (Weed Seeds): KEIN Icon gefunden in item_icons! Zeichne Text.
2025-04-14 12:58:08 - WARNING - __main__ - Slot 0 (Blumentopf): KEIN Icon gefunden in item_icons! Zeichne Text.
2025-04-14 12:58:08 - WARNING - __main__ - Slot 1 (Sack Erde): KEIN Icon gefunden in item_icons! Zeichne Text.
2025-04-14 12:58:08 - WARNING - __main__ - Slot 2 (Weed Seeds): KEIN Icon gefunden in item_icons! Zeichne Text.
2025-04-14 12:58:08 - WARNING - __main__ - Slot 0 (Blumentopf): KEIN Icon gefunden in item_icons! Zeichne Text.
2025-04-14 12:58:08 - WARNING - __main__ - Slot 1 (Sack Erde): KEIN Icon gefunden in item_icons! Zeichne Text.
2025-04-14 12:58:08 - WARNING - __main__ - Slot 2 (Weed Seeds): KEIN Icon gefunden in item_icons! Zeichne Text.
2025-04-14 12:58:08 - WARNING - __main__ - Slot 0 (Blumentopf): KEIN Icon gefunden in item_icons! Zeichne Text.
2025-04-14 12:58:08 - WARNING - __main__ - Slot 1 (Sack Erde): KEIN Icon gefunden in item_icons! Zeichne Text.
2025-04-14 12:58:08 - WARNING - __main__ - Slot 2 (Weed Seeds): KEIN Icon gefunden in item_icons! Zeichne Text.
2025-04-14 12:58:08 - WARNING - __main__ - Slot 0 (Blumentopf): KEIN Icon gefunden in item_icons! Zeichne Text.
2025-04-14 12:58:08 - WARNING - __main__ - Slot 1 (Sack Erde): KEIN Icon gefunden in item_icons! Zeichne Text.
2025-04-14 12:58:08 - WARNING - __main__ - Slot 2 (Weed Seeds): KEIN Icon gefunden in item_icons! Zeichne Text.
2025-04-14 12:58:08 - WARNING - __main__ - Slot 0 (Blumentopf): KEIN Icon gefunden in item_icons! Zeichne Text.
2025-04-14 12:58:08 - WARNING - __main__ - Slot 1 (Sack Erde): KEIN Icon gefunden in item_icons! Zeichne Text.
2025-04-14 12:58:08 - WARNING - __main__ - Slot 2 (Weed Seeds): KEIN Icon gefunden in item_icons! Zeichne Text.
2025-04-14 12:58:08 - WARNING - __main__ - Slot 0 (Blumentopf): KEIN Icon gefunden in item_icons! Zeichne Text.
2025-04-14 12:58:08 - WARNING - __main__ - Slot 1 (Sack Erde): KEIN Icon gefunden in item_icons! Zeichne Text.
2025-04-14 12:58:08 - WARNING - __main__ - Slot 2 (Weed Seeds): KEIN Icon gefunden in item_icons! Zeichne Text.
2025-04-14 12:58:08 - WARNING - __main__ - Slot 0 (Blumentopf): KEIN Icon gefunden in item_icons! Zeichne Text.
2025-04-14 12:58:08 - WARNING - __main__ - Slot 1 (Sack Erde): KEIN Icon gefunden in item_icons! Zeichne Text.
2025-04-14 12:58:08 - WARNING - __main__ - Slot 2 (Weed Seeds): KEIN Icon gefunden in item_icons! Zeichne Text.
2025-04-14 12:58:08 - WARNING - __main__ - Slot 0 (Blumentopf): KEIN Icon gefunden in item_icons! Zeichne Text.
2025-04-14 12:58:08 - WARNING - __main__ - Slot 1 (Sack Erde): KEIN Icon gefunden in item_icons! Zeichne Text.
2025-04-14 12:58:08 - WARNING - __main__ - Slot 2 (Weed Seeds): KEIN Icon gefunden in item_icons! Zeichne Text.
2025-04-14 12:58:08 - WARNING - __main__ - Slot 0 (Blumentopf): KEIN Icon gefunden in item_icons! Zeichne Text.
2025-04-14 12:58:08 - WARNING - __main__ - Slot 1 (Sack Erde): KEIN Icon gefunden in item_icons! Zeichne Text.
2025-04-14 12:58:08 - WARNING - __main__ - Slot 2 (Weed Seeds): KEIN Icon gefunden in item_icons! Zeichne Text.
2025-04-14 12:58:08 - WARNING - __main__ - Slot 0 (Blumentopf): KEIN Icon gefunden in item_icons! Zeichne Text.
2025-04-14 12:58:08 - WARNING - __main__ - Slot 1 (Sack Erde): KEIN Icon gefunden in item_icons! Zeichne Text.
2025-04-14 12:58:08 - WARNING - __main__ - Slot 2 (Weed Seeds): KEIN Icon gefunden in item_icons! Zeichne Text.
2025-04-14 12:58:08 - WARNING - __main__ - Slot 0 (Blumentopf): KEIN Icon gefunden in item_icons! Zeichne Text.
2025-04-14 12:58:08 - WARNING - __main__ - Slot 1 (Sack Erde): KEIN Icon gefunden in item_icons! Zeichne Text.
2025-04-14 12:58:08 - WARNING - __main__ - Slot 2 (Weed Seeds): KEIN Icon gefunden in item_icons! Zeichne Text.
2025-04-14 12:58:08 - WARNING - __main__ - Slot 0 (Blumentopf): KEIN Icon gefunden in item_icons! Zeichne Text.
2025-04-14 12:58:08 - WARNING - __main__ - Slot 1 (Sack Erde): KEIN Icon gefunden in item_icons! Zeichne Text.
2025-04-14 12:58:08 - WARNING - __main__ - Slot 2 (Weed Seeds): KEIN Icon gefunden in item_icons! Zeichne Text.
2025-04-14 12:58:08 - WARNING - __main__ - Slot 0 (Blumentopf): KEIN Icon gefunden in item_icons! Zeichne Text.
2025-04-14 12:58:08 - WARNING - __main__ - Slot 1 (Sack Erde): KEIN Icon gefunden in item_icons! Zeichne Text.
2025-04-14 12:58:08 - WARNING - __main__ - Slot 2 (Weed Seeds): KEIN Icon gefunden in item_icons! Zeichne Text.
2025-04-14 12:58:08 - WARNING - __main__ - Slot 0 (Blumentopf): KEIN Icon gefunden in item_icons! Zeichne Text.
2025-04-14 12:58:08 - WARNING - __main__ - Slot 1 (Sack Erde): KEIN Icon gefunden in item_icons! Zeichne Text.
2025-04-14 12:58:08 - WARNING - __main__ - Slot 2 (Weed Seeds): KEIN Icon gefunden in item_icons! Zeichne Text.
2025-04-14 12:58:08 - WARNING - __main__ - Slot 0 (Blumentopf): KEIN Icon gefunden in item_icons! Zeichne Text.
2025-04-14 12:58:08 - WARNING - __main__ - Slot 1 (Sack Erde): KEIN Icon gefunden in item_icons! Zeichne Text.
2025-04-14 12:58:08 - WARNING - __main__ - Slot 2 (Weed Seeds): KEIN Icon gefunden in item_icons! Zeichne Text.
2025-04-14 12:58:08 - WARNING - __main__ - Slot 0 (Blumentopf): KEIN Icon gefunden in item_icons! Zeichne Text.
2025-04-14 12:58:08 - WARNING - __main__ - Slot 1 (Sack Erde): KEIN Icon gefunden in item_icons! Zeichne Text.
2025-04-14 12:58:08 - WARNING - __main__ - Slot 2 (Weed Seeds): KEIN Icon gefunden in item_icons! Zeichne Text.
2025-04-14 12:58:08 - WARNING - __main__ - Slot 0 (Blumentopf): KEIN Icon gefunden in item_icons! Zeichne Text.
2025-04-14 12:58:08 - WARNING - __main__ - Slot 1 (Sack Erde): KEIN Icon gefunden in item_icons! Zeichne Text.
2025-04-14 12:58:08 - WARNING - __main__ - Slot 2 (Weed Seeds): KEIN Icon gefunden in item_icons! Zeichne Text.
2025-04-14 12:58:08 - WARNING - __main__ - Slot 0 (Blumentopf): KEIN Icon gefunden in item_icons! Zeichne Text.
2025-04-14 12:58:08 - WARNING - __main__ - Slot 1 (Sack Erde): KEIN Icon gefunden in item_icons! Zeichne Text.
2025-04-14 12:58:08 - WARNING - __main__ - Slot 2 (Weed Seeds): KEIN Icon gefunden in item_icons! Zeichne Text.
2025-04-14 12:58:08 - WARNING - __main__ - Slot 0 (Blumentopf): KEIN Icon gefunden in item_icons! Zeichne Text.
2025-04-14 12:58:08 - WARNING - __main__ - Slot 1 (Sack Erde): KEIN Icon gefunden in item_icons! Zeichne Text.
2025-04-14 12:58:08 - WARNING - __main__ - Slot 2 (Weed Seeds): KEIN Icon gefunden in item_icons! Zeichne Text.
2025-04-14 12:58:08 - WARNING - __main__ - Slot 0 (Blumentopf): KEIN Icon gefunden in item_icons! Zeichne Text.
2025-04-14 12:58:08 - WARNING - __main__ - Slot 1 (Sack Erde): KEIN Icon gefunden in item_icons! Zeichne Text.
2025-04-14 12:58:08 - WARNING - __main__ - Slot 2 (Weed Seeds): KEIN Icon gefunden in item_icons! Zeichne Text.
2025-04-14 12:58:08 - WARNING - __main__ - Slot 0 (Blumentopf): KEIN Icon gefunden in item_icons! Zeichne Text.
2025-04-14 12:58:08 - WARNING - __main__ - Slot 1 (Sack Erde): KEIN Icon gefunden in item_icons! Zeichne Text.
2025-04-14 12:58:08 - WARNING - __main__ - Slot 2 (Weed Seeds): KEIN Icon gefunden in item_icons! Zeichne Text.
2025-04-14 12:58:08 - WARNING - __main__ - Slot 0 (Blumentopf): KEIN Icon gefunden in item_icons! Zeichne Text.
2025-04-14 12:58:08 - WARNING - __main__ - Slot 1 (Sack Erde): KEIN Icon gefunden in item_icons! Zeichne Text.
2025-04-14 12:58:08 - WARNING - __main__ - Slot 2 (Weed Seeds): KEIN Icon gefunden in item_icons! Zeichne Text.
2025-04-14 12:58:08 - WARNING - __main__ - Slot 0 (Blumentopf): KEIN Icon gefunden in item_icons! Zeichne Text.
2025-04-14 12:58:08 - WARNING - __main__ - Slot 1 (Sack Erde): KEIN Icon gefunden in item_icons! Zeichne Text.
2025-04-14 12:58:08 - WARNING - __main__ - Slot 2 (Weed Seeds): KEIN Icon gefunden in item_icons! Zeichne Text.
2025-04-14 12:58:08 - WARNING - __main__ - Slot 0 (Blumentopf): KEIN Icon gefunden in item_icons! Zeichne Text.
2025-04-14 12:58:08 - WARNING - __main__ - Slot 1 (Sack Erde): KEIN Icon gefunden in item_icons! Zeichne Text.
2025-04-14 12:58:08 - WARNING - __main__ - Slot 2 (Weed Seeds): KEIN Icon gefunden in item_icons! Zeichne Text.
2025-04-14 12:58:08 - WARNING - __main__ - Slot 0 (Blumentopf): KEIN Icon gefunden in item_icons! Zeichne Text.
2025-04-14 12:58:08 - WARNING - __main__ - Slot 1 (Sack Erde): KEIN Icon gefunden in item_icons! Zeichne Text.
2025-04-14 12:58:08 - WARNING - __main__ - Slot 2 (Weed Seeds): KEIN Icon gefunden in item_icons! Zeichne Text.
2025-04-14 12:58:08 - WARNING - __main__ - Slot 0 (Blumentopf): KEIN Icon gefunden in item_icons! Zeichne Text.
2025-04-14 12:58:08 - WARNING - __main__ - Slot 1 (Sack Erde): KEIN Icon gefunden in item_icons! Zeichne Text.
2025-04-14 12:58:08 - WARNING - __main__ - Slot 2 (Weed Seeds): KEIN Icon gefunden in item_icons! Zeichne Text.
2025-04-14 12:58:08 - WARNING - __main__ - Slot 0 (Blumentopf): KEIN Icon gefunden in item_icons! Zeichne Text.
2025-04-14 12:58:08 - WARNING - __main__ - Slot 1 (Sack Erde): KEIN Icon gefunden in item_icons! Zeichne Text.
2025-04-14 12:58:08 - WARNING - __main__ - Slot 2 (Weed Seeds): KEIN Icon gefunden in item_icons! Zeichne Text.
2025-04-14 12:58:08 - WARNING - __main__ - Slot 0 (Blumentopf): KEIN Icon gefunden in item_icons! Zeichne Text.
2025-04-14 12:58:08 - WARNING - __main__ - Slot 1 (Sack Erde): KEIN Icon gefunden in item_icons! Zeichne Text.
2025-04-14 12:58:08 - WARNING - __main__ - Slot 2 (Weed Seeds): KEIN Icon gefunden in item_icons! Zeichne Text.
2025-04-14 12:58:08 - WARNING - __main__ - Slot 0 (Blumentopf): KEIN Icon gefunden in item_icons! Zeichne Text.
2025-04-14 12:58:08 - WARNING - __main__ - Slot 1 (Sack Erde): KEIN Icon gefunden in item_icons! Zeichne Text.
2025-04-14 12:58:08 - WARNING - __main__ - Slot 2 (Weed Seeds): KEIN Icon gefunden in item_icons! Zeichne Text.
2025-04-14 12:58:08 - WARNING - __main__ - Slot 0 (Blumentopf): KEIN Icon gefunden in item_icons! Zeichne Text.
2025-04-14 12:58:08 - WARNING - __main__ - Slot 1 (Sack Erde): KEIN Icon gefunden in item_icons! Zeichne Text.
2025-04-14 12:58:08 - WARNING - __main__ - Slot 2 (Weed Seeds): KEIN Icon gefunden in item_icons! Zeichne Text.
2025-04-14 12:58:08 - WARNING - __main__ - Slot 0 (Blumentopf): KEIN Icon gefunden in item_icons! Zeichne Text.
2025-04-14 12:58:08 - WARNING - __main__ - Slot 1 (Sack Erde): KEIN Icon gefunden in item_icons! Zeichne Text.
2025-04-14 12:58:08 - WARNING - __main__ - Slot 2 (Weed Seeds): KEIN Icon gefunden in item_icons! Zeichne Text.
2025-04-14 12:58:08 - WARNING - __main__ - Slot 0 (Blumentopf): KEIN Icon gefunden in item_icons! Zeichne Text.
2025-04-14 12:58:08 - WARNING - __main__ - Slot 1 (Sack Erde): KEIN Icon gefunden in item_icons! Zeichne Text.
2025-04-14 12:58:08 - WARNING - __main__ - Slot 2 (Weed Seeds): KEIN Icon gefunden in item_icons! Zeichne Text.
2025-04-14 12:58:08 - WARNING - __main__ - Slot 0 (Blumentopf): KEIN Icon gefunden in item_icons! Zeichne Text.
2025-04-14 12:58:08 - WARNING - __main__ - Slot 1 (Sack Erde): KEIN Icon gefunden in item_icons! Zeichne Text.
2025-04-14 12:58:08 - WARNING - __main__ - Slot 2 (Weed Seeds): KEIN Icon gefunden in item_icons! Zeichne Text.
2025-04-14 12:58:08 - WARNING - __main__ - Slot 0 (Blumentopf): KEIN Icon gefunden in item_icons! Zeichne Text.
2025-04-14 12:58:08 - WARNING - __main__ - Slot 1 (Sack Erde): KEIN Icon gefunden in item_icons! Zeichne Text.
2025-04-14 12:58:08 - WARNING - __main__ - Slot 2 (Weed Seeds): KEIN Icon gefunden in item_icons! Zeichne Text.
2025-04-14 12:58:08 - WARNING - __main__ - Slot 0 (Blumentopf): KEIN Icon gefunden in item_icons! Zeichne Text.
2025-04-14 12:58:08 - WARNING - __main__ - Slot 1 (Sack Erde): KEIN Icon gefunden in item_icons! Zeichne Text.
2025-04-14 12:58:08 - WARNING - __main__ - Slot 2 (Weed Seeds): KEIN Icon gefunden in item_icons! Zeichne Text.
2025-04-14 12:58:08 - WARNING - __main__ - Slot 0 (Blumentopf): KEIN Icon gefunden in item_icons! Zeichne Text.
2025-04-14 12:58:08 - WARNING - __main__ - Slot 1 (Sack Erde): KEIN Icon gefunden in item_icons! Zeichne Text.
2025-04-14 12:58:08 - WARNING - __main__ - Slot 2 (Weed Seeds): KEIN Icon gefunden in item_icons! Zeichne Text.
2025-04-14 12:58:08 - WARNING - __main__ - Slot 0 (Blumentopf): KEIN Icon gefunden in item_icons! Zeichne Text.
2025-04-14 12:58:08 - WARNING - __main__ - Slot 1 (Sack Erde): KEIN Icon gefunden in item_icons! Zeichne Text.
2025-04-14 12:58:08 - WARNING - __main__ - Slot 2 (Weed Seeds): KEIN Icon gefunden in item_icons! Zeichne Text.
2025-04-14 12:58:08 - WARNING - __main__ - Slot 0 (Blumentopf): KEIN Icon gefunden in item_icons! Zeichne Text.
2025-04-14 12:58:08 - WARNING - __main__ - Slot 1 (Sack Erde): KEIN Icon gefunden in item_icons! Zeichne Text.
2025-04-14 12:58:08 - WARNING - __main__ - Slot 2 (Weed Seeds): KEIN Icon gefunden in item_icons! Zeichne Text.
2025-04-14 12:58:09 - WARNING - __main__ - Slot 0 (Blumentopf): KEIN Icon gefunden in item_icons! Zeichne Text.
2025-04-14 12:58:09 - WARNING - __main__ - Slot 1 (Sack Erde): KEIN Icon gefunden in item_icons! Zeichne Text.
2025-04-14 12:58:09 - WARNING - __main__ - Slot 2 (Weed Seeds): KEIN Icon gefunden in item_icons! Zeichne Text.
2025-04-14 12:58:09 - WARNING - __main__ - Slot 0 (Blumentopf): KEIN Icon gefunden in item_icons! Zeichne Text.
2025-04-14 12:58:09 - WARNING - __main__ - Slot 1 (Sack Erde): KEIN Icon gefunden in item_icons! Zeichne Text.
2025-04-14 12:58:09 - WARNING - __main__ - Slot 2 (Weed Seeds): KEIN Icon gefunden in item_icons! Zeichne Text.
2025-04-14 12:58:09 - WARNING - __main__ - Slot 0 (Blumentopf): KEIN Icon gefunden in item_icons! Zeichne Text.
2025-04-14 12:58:09 - WARNING - __main__ - Slot 1 (Sack Erde): KEIN Icon gefunden in item_icons! Zeichne Text.
2025-04-14 12:58:09 - WARNING - __main__ - Slot 2 (Weed Seeds): KEIN Icon gefunden in item_icons! Zeichne Text.
2025-04-14 12:58:09 - WARNING - __main__ - Slot 0 (Blumentopf): KEIN Icon gefunden in item_icons! Zeichne Text.
2025-04-14 12:58:09 - WARNING - __main__ - Slot 1 (Sack Erde): KEIN Icon gefunden in item_icons! Zeichne Text.
2025-04-14 12:58:09 - WARNING - __main__ - Slot 2 (Weed Seeds): KEIN Icon gefunden in item_icons! Zeichne Text.
2025-04-14 12:58:09 - WARNING - __main__ - Slot 0 (Blumentopf): KEIN Icon gefunden in item_icons! Zeichne Text.
2025-04-14 12:58:09 - WARNING - __main__ - Slot 1 (Sack Erde): KEIN Icon gefunden in item_icons! Zeichne Text.
2025-04-14 12:58:09 - WARNING - __main__ - Slot 2 (Weed Seeds): KEIN Icon gefunden in item_icons! Zeichne Text.
2025-04-14 12:58:09 - WARNING - __main__ - Slot 0 (Blumentopf): KEIN Icon gefunden in item_icons! Zeichne Text.
2025-04-14 12:58:09 - WARNING - __main__ - Slot 1 (Sack Erde): KEIN Icon gefunden in item_icons! Zeichne Text.
2025-04-14 12:58:09 - WARNING - __main__ - Slot 2 (Weed Seeds): KEIN Icon gefunden in item_icons! Zeichne Text.
2025-04-14 12:58:09 - WARNING - __main__ - Slot 0 (Blumentopf): KEIN Icon gefunden in item_icons! Zeichne Text.
2025-04-14 12:58:09 - WARNING - __main__ - Slot 1 (Sack Erde): KEIN Icon gefunden in item_icons! Zeichne Text.
2025-04-14 12:58:09 - WARNING - __main__ - Slot 2 (Weed Seeds): KEIN Icon gefunden in item_icons! Zeichne Text.
2025-04-14 12:58:09 - WARNING - __main__ - Slot 0 (Blumentopf): KEIN Icon gefunden in item_icons! Zeichne Text.
2025-04-14 12:58:09 - WARNING - __main__ - Slot 1 (Sack Erde): KEIN Icon gefunden in item_icons! Zeichne Text.
2025-04-14 12:58:09 - WARNING - __main__ - Slot 2 (Weed Seeds): KEIN Icon gefunden in item_icons! Zeichne Text.
2025-04-14 12:58:09 - WARNING - __main__ - Slot 0 (Blumentopf): KEIN Icon gefunden in item_icons! Zeichne Text.
2025-04-14 12:58:09 - WARNING - __main__ - Slot 1 (Sack Erde): KEIN Icon gefunden in item_icons! Zeichne Text.
2025-04-14 12:58:09 - WARNING - __main__ - Slot 2 (Weed Seeds): KEIN Icon gefunden in item_icons! Zeichne Text.
2025-04-14 12:58:09 - WARNING - __main__ - Slot 0 (Blumentopf): KEIN Icon gefunden in item_icons! Zeichne Text.
2025-04-14 12:58:09 - WARNING - __main__ - Slot 1 (Sack Erde): KEIN Icon gefunden in item_icons! Zeichne Text.
2025-04-14 12:58:09 - WARNING - __main__ - Slot 2 (Weed Seeds): KEIN Icon gefunden in item_icons! Zeichne Text.
2025-04-14 12:58:09 - WARNING - __main__ - Slot 0 (Blumentopf): KEIN Icon gefunden in item_icons! Zeichne Text.
2025-04-14 12:58:09 - WARNING - __main__ - Slot 1 (Sack Erde): KEIN Icon gefunden in item_icons! Zeichne Text.
2025-04-14 12:58:09 - WARNING - __main__ - Slot 2 (Weed Seeds): KEIN Icon gefunden in item_icons! Zeichne Text.
2025-04-14 12:58:09 - WARNING - __main__ - Slot 0 (Blumentopf): KEIN Icon gefunden in item_icons! Zeichne Text.
2025-04-14 12:58:09 - WARNING - __main__ - Slot 1 (Sack Erde): KEIN Icon gefunden in item_icons! Zeichne Text.
2025-04-14 12:58:09 - WARNING - __main__ - Slot 2 (Weed Seeds): KEIN Icon gefunden in item_icons! Zeichne Text.
2025-04-14 12:58:09 - WARNING - __main__ - Slot 0 (Blumentopf): KEIN Icon gefunden in item_icons! Zeichne Text.
2025-04-14 12:58:09 - WARNING - __main__ - Slot 1 (Sack Erde): KEIN Icon gefunden in item_icons! Zeichne Text.
2025-04-14 12:58:09 - WARNING - __main__ - Slot 2 (Weed Seeds): KEIN Icon gefunden in item_icons! Zeichne Text.
2025-04-14 12:58:09 - WARNING - __main__ - Slot 0 (Blumentopf): KEIN Icon gefunden in item_icons! Zeichne Text.
2025-04-14 12:58:09 - WARNING - __main__ - Slot 1 (Sack Erde): KEIN Icon gefunden in item_icons! Zeichne Text.
2025-04-14 12:58:09 - WARNING - __main__ - Slot 2 (Weed Seeds): KEIN Icon gefunden in item_icons! Zeichne Text.
2025-04-14 12:58:09 - WARNING - __main__ - Slot 0 (Blumentopf): KEIN Icon gefunden in item_icons! Zeichne Text.
2025-04-14 12:58:09 - WARNING - __main__ - Slot 1 (Sack Erde): KEIN Icon gefunden in item_icons! Zeichne Text.
2025-04-14 12:58:09 - WARNING - __main__ - Slot 2 (Weed Seeds): KEIN Icon gefunden in item_icons! Zeichne Text.
2025-04-14 12:58:09 - WARNING - __main__ - Slot 0 (Blumentopf): KEIN Icon gefunden in item_icons! Zeichne Text.
2025-04-14 12:58:09 - WARNING - __main__ - Slot 1 (Sack Erde): KEIN Icon gefunden in item_icons! Zeichne Text.
2025-04-14 12:58:09 - WARNING - __main__ - Slot 2 (Weed Seeds): KEIN Icon gefunden in item_icons! Zeichne Text.
2025-04-14 12:58:09 - WARNING - __main__ - Slot 0 (Blumentopf): KEIN Icon gefunden in item_icons! Zeichne Text.
2025-04-14 12:58:09 - WARNING - __main__ - Slot 1 (Sack Erde): KEIN Icon gefunden in item_icons! Zeichne Text.
2025-04-14 12:58:09 - WARNING - __main__ - Slot 2 (Weed Seeds): KEIN Icon gefunden in item_icons! Zeichne Text.
2025-04-14 12:58:09 - WARNING - __main__ - Slot 0 (Blumentopf): KEIN Icon gefunden in item_icons! Zeichne Text.
2025-04-14 12:58:09 - WARNING - __main__ - Slot 1 (Sack Erde): KEIN Icon gefunden in item_icons! Zeichne Text.
2025-04-14 12:58:09 - WARNING - __main__ - Slot 2 (Weed Seeds): KEIN Icon gefunden in item_icons! Zeichne Text.
2025-04-14 12:58:09 - WARNING - __main__ - Slot 0 (Blumentopf): KEIN Icon gefunden in item_icons! Zeichne Text.
2025-04-14 12:58:09 - WARNING - __main__ - Slot 1 (Sack Erde): KEIN Icon gefunden in item_icons! Zeichne Text.
2025-04-14 12:58:09 - WARNING - __main__ - Slot 2 (Weed Seeds): KEIN Icon gefunden in item_icons! Zeichne Text.
2025-04-14 12:58:09 - WARNING - __main__ - Slot 0 (Blumentopf): KEIN Icon gefunden in item_icons! Zeichne Text.
2025-04-14 12:58:09 - WARNING - __main__ - Slot 1 (Sack Erde): KEIN Icon gefunden in item_icons! Zeichne Text.
2025-04-14 12:58:09 - WARNING - __main__ - Slot 2 (Weed Seeds): KEIN Icon gefunden in item_icons! Zeichne Text.
2025-04-14 12:58:09 - WARNING - __main__ - Slot 0 (Blumentopf): KEIN Icon gefunden in item_icons! Zeichne Text.
2025-04-14 12:58:09 - WARNING - __main__ - Slot 1 (Sack Erde): KEIN Icon gefunden in item_icons! Zeichne Text.
2025-04-14 12:58:09 - WARNING - __main__ - Slot 2 (Weed Seeds): KEIN Icon gefunden in item_icons! Zeichne Text.
2025-04-14 12:58:09 - WARNING - __main__ - Slot 0 (Blumentopf): KEIN Icon gefunden in item_icons! Zeichne Text.
2025-04-14 12:58:09 - WARNING - __main__ - Slot 1 (Sack Erde): KEIN Icon gefunden in item_icons! Zeichne Text.
2025-04-14 12:58:09 - WARNING - __main__ - Slot 2 (Weed Seeds): KEIN Icon gefunden in item_icons! Zeichne Text.
2025-04-14 12:58:09 - WARNING - __main__ - Slot 0 (Blumentopf): KEIN Icon gefunden in item_icons! Zeichne Text.
2025-04-14 12:58:09 - WARNING - __main__ - Slot 1 (Sack Erde): KEIN Icon gefunden in item_icons! Zeichne Text.
2025-04-14 12:58:09 - WARNING - __main__ - Slot 2 (Weed Seeds): KEIN Icon gefunden in item_icons! Zeichne Text.
2025-04-14 12:58:09 - WARNING - __main__ - Slot 0 (Blumentopf): KEIN Icon gefunden in item_icons! Zeichne Text.
2025-04-14 12:58:09 - WARNING - __main__ - Slot 1 (Sack Erde): KEIN Icon gefunden in item_icons! Zeichne Text.
2025-04-14 12:58:09 - WARNING - __main__ - Slot 2 (Weed Seeds): KEIN Icon gefunden in item_icons! Zeichne Text.
2025-04-14 12:58:09 - WARNING - __main__ - Slot 0 (Blumentopf): KEIN Icon gefunden in item_icons! Zeichne Text.
2025-04-14 12:58:09 - WARNING - __main__ - Slot 1 (Sack Erde): KEIN Icon gefunden in item_icons! Zeichne Text.
2025-04-14 12:58:09 - WARNING - __main__ - Slot 2 (Weed Seeds): KEIN Icon gefunden in item_icons! Zeichne Text.
2025-04-14 12:58:09 - WARNING - __main__ - Slot 0 (Blumentopf): KEIN Icon gefunden in item_icons! Zeichne Text.
2025-04-14 12:58:09 - WARNING - __main__ - Slot 1 (Sack Erde): KEIN Icon gefunden in item_icons! Zeichne Text.
2025-04-14 12:58:09 - WARNING - __main__ - Slot 2 (Weed Seeds): KEIN Icon gefunden in item_icons! Zeichne Text.
2025-04-14 12:58:09 - WARNING - __main__ - Slot 0 (Blumentopf): KEIN Icon gefunden in item_icons! Zeichne Text.
2025-04-14 12:58:09 - WARNING - __main__ - Slot 1 (Sack Erde): KEIN Icon gefunden in item_icons! Zeichne Text.
2025-04-14 12:58:09 - WARNING - __main__ - Slot 2 (Weed Seeds): KEIN Icon gefunden in item_icons! Zeichne Text.
2025-04-14 12:58:09 - WARNING - __main__ - Slot 0 (Blumentopf): KEIN Icon gefunden in item_icons! Zeichne Text.
2025-04-14 12:58:09 - WARNING - __main__ - Slot 1 (Sack Erde): KEIN Icon gefunden in item_icons! Zeichne Text.
2025-04-14 12:58:09 - WARNING - __main__ - Slot 2 (Weed Seeds): KEIN Icon gefunden in item_icons! Zeichne Text.
2025-04-14 12:58:09 - WARNING - __main__ - Slot 0 (Blumentopf): KEIN Icon gefunden in item_icons! Zeichne Text.
2025-04-14 12:58:09 - WARNING - __main__ - Slot 1 (Sack Erde): KEIN Icon gefunden in item_icons! Zeichne Text.
2025-04-14 12:58:09 - WARNING - __main__ - Slot 2 (Weed Seeds): KEIN Icon gefunden in item_icons! Zeichne Text.
2025-04-14 12:58:09 - WARNING - __main__ - Slot 0 (Blumentopf): KEIN Icon gefunden in item_icons! Zeichne Text.
2025-04-14 12:58:09 - WARNING - __main__ - Slot 1 (Sack Erde): KEIN Icon gefunden in item_icons! Zeichne Text.
2025-04-14 12:58:09 - WARNING - __main__ - Slot 2 (Weed Seeds): KEIN Icon gefunden in item_icons! Zeichne Text.
2025-04-14 12:58:09 - WARNING - __main__ - Slot 0 (Blumentopf): KEIN Icon gefunden in item_icons! Zeichne Text.
2025-04-14 12:58:09 - WARNING - __main__ - Slot 1 (Sack Erde): KEIN Icon gefunden in item_icons! Zeichne Text.
2025-04-14 12:58:09 - WARNING - __main__ - Slot 2 (Weed Seeds): KEIN Icon gefunden in item_icons! Zeichne Text.
2025-04-14 12:58:09 - WARNING - __main__ - Slot 0 (Blumentopf): KEIN Icon gefunden in item_icons! Zeichne Text.
2025-04-14 12:58:09 - WARNING - __main__ - Slot 1 (Sack Erde): KEIN Icon gefunden in item_icons! Zeichne Text.
2025-04-14 12:58:09 - WARNING - __main__ - Slot 2 (Weed Seeds): KEIN Icon gefunden in item_icons! Zeichne Text.
2025-04-14 12:58:09 - WARNING - __main__ - Slot 0 (Blumentopf): KEIN Icon gefunden in item_icons! Zeichne Text.
2025-04-14 12:58:09 - WARNING - __main__ - Slot 1 (Sack Erde): KEIN Icon gefunden in item_icons! Zeichne Text.
2025-04-14 12:58:09 - WARNING - __main__ - Slot 2 (Weed Seeds): KEIN Icon gefunden in item_icons! Zeichne Text.
2025-04-14 12:58:09 - WARNING - __main__ - Slot 0 (Blumentopf): KEIN Icon gefunden in item_icons! Zeichne Text.
2025-04-14 12:58:09 - WARNING - __main__ - Slot 1 (Sack Erde): KEIN Icon gefunden in item_icons! Zeichne Text.
2025-04-14 12:58:09 - WARNING - __main__ - Slot 2 (Weed Seeds): KEIN Icon gefunden in item_icons! Zeichne Text.
2025-04-14 12:58:09 - WARNING - __main__ - Slot 0 (Blumentopf): KEIN Icon gefunden in item_icons! Zeichne Text.
2025-04-14 12:58:09 - WARNING - __main__ - Slot 1 (Sack Erde): KEIN Icon gefunden in item_icons! Zeichne Text.
2025-04-14 12:58:09 - WARNING - __main__ - Slot 2 (Weed Seeds): KEIN Icon gefunden in item_icons! Zeichne Text.
2025-04-14 12:58:09 - WARNING - __main__ - Slot 0 (Blumentopf): KEIN Icon gefunden in item_icons! Zeichne Text.
2025-04-14 12:58:09 - WARNING - __main__ - Slot 1 (Sack Erde): KEIN Icon gefunden in item_icons! Zeichne Text.
2025-04-14 12:58:09 - WARNING - __main__ - Slot 2 (Weed Seeds): KEIN Icon gefunden in item_icons! Zeichne Text.
2025-04-14 12:58:09 - WARNING - __main__ - Slot 0 (Blumentopf): KEIN Icon gefunden in item_icons! Zeichne Text.
2025-04-14 12:58:09 - WARNING - __main__ - Slot 1 (Sack Erde): KEIN Icon gefunden in item_icons! Zeichne Text.
2025-04-14 12:58:09 - WARNING - __main__ - Slot 2 (Weed Seeds): KEIN Icon gefunden in item_icons! Zeichne Text.
2025-04-14 12:58:09 - WARNING - __main__ - Slot 0 (Blumentopf): KEIN Icon gefunden in item_icons! Zeichne Text.
2025-04-14 12:58:09 - WARNING - __main__ - Slot 1 (Sack Erde): KEIN Icon gefunden in item_icons! Zeichne Text.
2025-04-14 12:58:09 - WARNING - __main__ - Slot 2 (Weed Seeds): KEIN Icon gefunden in item_icons! Zeichne Text.
2025-04-14 12:58:09 - WARNING - __main__ - Slot 0 (Blumentopf): KEIN Icon gefunden in item_icons! Zeichne Text.
2025-04-14 12:58:09 - WARNING - __main__ - Slot 1 (Sack Erde): KEIN Icon gefunden in item_icons! Zeichne Text.
2025-04-14 12:58:09 - WARNING - __main__ - Slot 2 (Weed Seeds): KEIN Icon gefunden in item_icons! Zeichne Text.
2025-04-14 12:58:09 - WARNING - __main__ - Slot 0 (Blumentopf): KEIN Icon gefunden in item_icons! Zeichne Text.
2025-04-14 12:58:09 - WARNING - __main__ - Slot 1 (Sack Erde): KEIN Icon gefunden in item_icons! Zeichne Text.
2025-04-14 12:58:09 - WARNING - __main__ - Slot 2 (Weed Seeds): KEIN Icon gefunden in item_icons! Zeichne Text.
2025-04-14 12:58:09 - WARNING - __main__ - Slot 0 (Blumentopf): KEIN Icon gefunden in item_icons! Zeichne Text.
2025-04-14 12:58:09 - WARNING - __main__ - Slot 1 (Sack Erde): KEIN Icon gefunden in item_icons! Zeichne Text.
2025-04-14 12:58:09 - WARNING - __main__ - Slot 2 (Weed Seeds): KEIN Icon gefunden in item_icons! Zeichne Text.
2025-04-14 12:58:09 - WARNING - __main__ - Slot 0 (Blumentopf): KEIN Icon gefunden in item_icons! Zeichne Text.
2025-04-14 12:58:09 - WARNING - __main__ - Slot 1 (Sack Erde): KEIN Icon gefunden in item_icons! Zeichne Text.
2025-04-14 12:58:09 - WARNING - __main__ - Slot 2 (Weed Seeds): KEIN Icon gefunden in item_icons! Zeichne Text.
2025-04-14 12:58:09 - WARNING - __main__ - Slot 0 (Blumentopf): KEIN Icon gefunden in item_icons! Zeichne Text.
2025-04-14 12:58:09 - WARNING - __main__ - Slot 1 (Sack Erde): KEIN Icon gefunden in item_icons! Zeichne Text.
2025-04-14 12:58:09 - WARNING - __main__ - Slot 2 (Weed Seeds): KEIN Icon gefunden in item_icons! Zeichne Text.
2025-04-14 12:58:09 - WARNING - __main__ - Slot 0 (Blumentopf): KEIN Icon gefunden in item_icons! Zeichne Text.
2025-04-14 12:58:09 - WARNING - __main__ - Slot 1 (Sack Erde): KEIN Icon gefunden in item_icons! Zeichne Text.
2025-04-14 12:58:09 - WARNING - __main__ - Slot 2 (Weed Seeds): KEIN Icon gefunden in item_icons! Zeichne Text.
2025-04-14 12:58:09 - WARNING - __main__ - Slot 0 (Blumentopf): KEIN Icon gefunden in item_icons! Zeichne Text.
2025-04-14 12:58:09 - WARNING - __main__ - Slot 1 (Sack Erde): KEIN Icon gefunden in item_icons! Zeichne Text.
2025-04-14 12:58:09 - WARNING - __main__ - Slot 2 (Weed Seeds): KEIN Icon gefunden in item_icons! Zeichne Text.
2025-04-14 12:58:09 - WARNING - __main__ - Slot 0 (Blumentopf): KEIN Icon gefunden in item_icons! Zeichne Text.
2025-04-14 12:58:09 - WARNING - __main__ - Slot 1 (Sack Erde): KEIN Icon gefunden in item_icons! Zeichne Text.
2025-04-14 12:58:09 - WARNING - __main__ - Slot 2 (Weed Seeds): KEIN Icon gefunden in item_icons! Zeichne Text.
2025-04-14 12:58:09 - WARNING - __main__ - Slot 0 (Blumentopf): KEIN Icon gefunden in item_icons! Zeichne Text.
2025-04-14 12:58:09 - WARNING - __main__ - Slot 1 (Sack Erde): KEIN Icon gefunden in item_icons! Zeichne Text.
2025-04-14 12:58:09 - WARNING - __main__ - Slot 2 (Weed Seeds): KEIN Icon gefunden in item_icons! Zeichne Text.
2025-04-14 12:58:09 - WARNING - __main__ - Slot 0 (Blumentopf): KEIN Icon gefunden in item_icons! Zeichne Text.
2025-04-14 12:58:09 - WARNING - __main__ - Slot 1 (Sack Erde): KEIN Icon gefunden in item_icons! Zeichne Text.
2025-04-14 12:58:09 - WARNING - __main__ - Slot 2 (Weed Seeds): KEIN Icon gefunden in item_icons! Zeichne Text.
2025-04-14 12:58:09 - WARNING - __main__ - Slot 0 (Blumentopf): KEIN Icon gefunden in item_icons! Zeichne Text.
2025-04-14 12:58:09 - WARNING - __main__ - Slot 1 (Sack Erde): KEIN Icon gefunden in item_icons! Zeichne Text.
2025-04-14 12:58:09 - WARNING - __main__ - Slot 2 (Weed Seeds): KEIN Icon gefunden in item_icons! Zeichne Text.
2025-04-14 12:58:09 - WARNING - __main__ - Slot 0 (Blumentopf): KEIN Icon gefunden in item_icons! Zeichne Text.
2025-04-14 12:58:09 - WARNING - __main__ - Slot 1 (Sack Erde): KEIN Icon gefunden in item_icons! Zeichne Text.
2025-04-14 12:58:09 - WARNING - __main__ - Slot 2 (Weed Seeds): KEIN Icon gefunden in item_icons! Zeichne Text.
2025-04-14 12:58:09 - WARNING - __main__ - Slot 0 (Blumentopf): KEIN Icon gefunden in item_icons! Zeichne Text.
2025-04-14 12:58:09 - WARNING - __main__ - Slot 1 (Sack Erde): KEIN Icon gefunden in item_icons! Zeichne Text.
2025-04-14 12:58:09 - WARNING - __main__ - Slot 2 (Weed Seeds): KEIN Icon gefunden in item_icons! Zeichne Text.
2025-04-14 12:58:09 - WARNING - __main__ - Slot 0 (Blumentopf): KEIN Icon gefunden in item_icons! Zeichne Text.
2025-04-14 12:58:09 - WARNING - __main__ - Slot 1 (Sack Erde): KEIN Icon gefunden in item_icons! Zeichne Text.
2025-04-14 12:58:09 - WARNING - __main__ - Slot 2 (Weed Seeds): KEIN Icon gefunden in item_icons! Zeichne Text.
2025-04-14 12:58:09 - WARNING - __main__ - Slot 0 (Blumentopf): KEIN Icon gefunden in item_icons! Zeichne Text.
2025-04-14 12:58:09 - WARNING - __main__ - Slot 1 (Sack Erde): KEIN Icon gefunden in item_icons! Zeichne Text.
2025-04-14 12:58:09 - WARNING - __main__ - Slot 2 (Weed Seeds): KEIN Icon gefunden in item_icons! Zeichne Text.
2025-04-14 12:58:09 - WARNING - __main__ - Slot 0 (Blumentopf): KEIN Icon gefunden in item_icons! Zeichne Text.
2025-04-14 12:58:09 - WARNING - __main__ - Slot 1 (Sack Erde): KEIN Icon gefunden in item_icons! Zeichne Text.
2025-04-14 12:58:09 - WARNING - __main__ - Slot 2 (Weed Seeds): KEIN Icon gefunden in item_icons! Zeichne Text.
2025-04-14 12:58:09 - WARNING - __main__ - Slot 0 (Blumentopf): KEIN Icon gefunden in item_icons! Zeichne Text.
2025-04-14 12:58:09 - WARNING - __main__ - Slot 1 (Sack Erde): KEIN Icon gefunden in item_icons! Zeichne Text.
2025-04-14 12:58:09 - WARNING - __main__ - Slot 2 (Weed Seeds): KEIN Icon gefunden in item_icons! Zeichne Text.
2025-04-14 12:58:09 - WARNING - __main__ - Slot 0 (Blumentopf): KEIN Icon gefunden in item_icons! Zeichne Text.
2025-04-14 12:58:09 - WARNING - __main__ - Slot 1 (Sack Erde): KEIN Icon gefunden in item_icons! Zeichne Text.
2025-04-14 12:58:09 - WARNING - __main__ - Slot 2 (Weed Seeds): KEIN Icon gefunden in item_icons! Zeichne Text.
2025-04-14 12:58:09 - WARNING - __main__ - Slot 0 (Blumentopf): KEIN Icon gefunden in item_icons! Zeichne Text.
2025-04-14 12:58:09 - WARNING - __main__ - Slot 1 (Sack Erde): KEIN Icon gefunden in item_icons! Zeichne Text.
2025-04-14 12:58:09 - WARNING - __main__ - Slot 2 (Weed Seeds): KEIN Icon gefunden in item_icons! Zeichne Text.
2025-04-14 12:58:09 - WARNING - __main__ - Slot 0 (Blumentopf): KEIN Icon gefunden in item_icons! Zeichne Text.
2025-04-14 12:58:09 - WARNING - __main__ - Slot 1 (Sack Erde): KEIN Icon gefunden in item_icons! Zeichne Text.
2025-04-14 12:58:09 - WARNING - __main__ - Slot 2 (Weed Seeds): KEIN Icon gefunden in item_icons! Zeichne Text.
2025-04-14 12:58:09 - WARNING - __main__ - Slot 0 (Blumentopf): KEIN Icon gefunden in item_icons! Zeichne Text.
2025-04-14 12:58:09 - WARNING - __main__ - Slot 1 (Sack Erde): KEIN Icon gefunden in item_icons! Zeichne Text.
2025-04-14 12:58:09 - WARNING - __main__ - Slot 2 (Weed Seeds): KEIN Icon gefunden in item_icons! Zeichne Text.
2025-04-14 12:58:09 - WARNING - __main__ - Slot 0 (Blumentopf): KEIN Icon gefunden in item_icons! Zeichne Text.
2025-04-14 12:58:09 - WARNING - __main__ - Slot 1 (Sack Erde): KEIN Icon gefunden in item_icons! Zeichne Text.
2025-04-14 12:58:09 - WARNING - __main__ - Slot 2 (Weed Seeds): KEIN Icon gefunden in item_icons! Zeichne Text.
2025-04-14 12:58:09 - WARNING - __main__ - Slot 0 (Blumentopf): KEIN Icon gefunden in item_icons! Zeichne Text.
2025-04-14 12:58:09 - WARNING - __main__ - Slot 1 (Sack Erde): KEIN Icon gefunden in item_icons! Zeichne Text.
2025-04-14 12:58:09 - WARNING - __main__ - Slot 2 (Weed Seeds): KEIN Icon gefunden in item_icons! Zeichne Text.
2025-04-14 12:58:09 - WARNING - __main__ - Slot 0 (Blumentopf): KEIN Icon gefunden in item_icons! Zeichne Text.
2025-04-14 12:58:09 - WARNING - __main__ - Slot 1 (Sack Erde): KEIN Icon gefunden in item_icons! Zeichne Text.
2025-04-14 12:58:09 - WARNING - __main__ - Slot 2 (Weed Seeds): KEIN Icon gefunden in item_icons! Zeichne Text.
2025-04-14 12:58:10 - WARNING - __main__ - Slot 0 (Blumentopf): KEIN Icon gefunden in item_icons! Zeichne Text.
2025-04-14 12:58:10 - WARNING - __main__ - Slot 1 (Sack Erde): KEIN Icon gefunden in item_icons! Zeichne Text.
2025-04-14 12:58:10 - WARNING - __main__ - Slot 2 (Weed Seeds): KEIN Icon gefunden in item_icons! Zeichne Text.
2025-04-14 12:58:10 - WARNING - __main__ - Slot 0 (Blumentopf): KEIN Icon gefunden in item_icons! Zeichne Text.
2025-04-14 12:58:10 - WARNING - __main__ - Slot 1 (Sack Erde): KEIN Icon gefunden in item_icons! Zeichne Text.
2025-04-14 12:58:10 - WARNING - __main__ - Slot 2 (Weed Seeds): KEIN Icon gefunden in item_icons! Zeichne Text.
2025-04-14 12:58:10 - WARNING - __main__ - Slot 0 (Blumentopf): KEIN Icon gefunden in item_icons! Zeichne Text.
2025-04-14 12:58:10 - WARNING - __main__ - Slot 1 (Sack Erde): KEIN Icon gefunden in item_icons! Zeichne Text.
2025-04-14 12:58:10 - WARNING - __main__ - Slot 2 (Weed Seeds): KEIN Icon gefunden in item_icons! Zeichne Text.
2025-04-14 12:58:10 - WARNING - __main__ - Slot 0 (Blumentopf): KEIN Icon gefunden in item_icons! Zeichne Text.
2025-04-14 12:58:10 - WARNING - __main__ - Slot 1 (Sack Erde): KEIN Icon gefunden in item_icons! Zeichne Text.
2025-04-14 12:58:10 - WARNING - __main__ - Slot 2 (Weed Seeds): KEIN Icon gefunden in item_icons! Zeichne Text.
2025-04-14 12:58:10 - WARNING - __main__ - Slot 0 (Blumentopf): KEIN Icon gefunden in item_icons! Zeichne Text.
2025-04-14 12:58:10 - WARNING - __main__ - Slot 1 (Sack Erde): KEIN Icon gefunden in item_icons! Zeichne Text.
2025-04-14 12:58:10 - WARNING - __main__ - Slot 2 (Weed Seeds): KEIN Icon gefunden in item_icons! Zeichne Text.
2025-04-14 12:58:10 - WARNING - __main__ - Slot 0 (Blumentopf): KEIN Icon gefunden in item_icons! Zeichne Text.
2025-04-14 12:58:10 - WARNING - __main__ - Slot 1 (Sack Erde): KEIN Icon gefunden in item_icons! Zeichne Text.
2025-04-14 12:58:10 - WARNING - __main__ - Slot 2 (Weed Seeds): KEIN Icon gefunden in item_icons! Zeichne Text.
2025-04-14 12:58:10 - WARNING - __main__ - Slot 0 (Blumentopf): KEIN Icon gefunden in item_icons! Zeichne Text.
2025-04-14 12:58:10 - WARNING - __main__ - Slot 1 (Sack Erde): KEIN Icon gefunden in item_icons! Zeichne Text.
2025-04-14 12:58:10 - WARNING - __main__ - Slot 2 (Weed Seeds): KEIN Icon gefunden in item_icons! Zeichne Text.
2025-04-14 12:58:10 - WARNING - __main__ - Slot 0 (Blumentopf): KEIN Icon gefunden in item_icons! Zeichne Text.
2025-04-14 12:58:10 - WARNING - __main__ - Slot 1 (Sack Erde): KEIN Icon gefunden in item_icons! Zeichne Text.
2025-04-14 12:58:10 - WARNING - __main__ - Slot 2 (Weed Seeds): KEIN Icon gefunden in item_icons! Zeichne Text.
2025-04-14 12:58:10 - WARNING - __main__ - Slot 0 (Blumentopf): KEIN Icon gefunden in item_icons! Zeichne Text.
2025-04-14 12:58:10 - WARNING - __main__ - Slot 1 (Sack Erde): KEIN Icon gefunden in item_icons! Zeichne Text.
2025-04-14 12:58:10 - WARNING - __main__ - Slot 2 (Weed Seeds): KEIN Icon gefunden in item_icons! Zeichne Text.
2025-04-14 12:58:10 - WARNING - __main__ - Slot 0 (Blumentopf): KEIN Icon gefunden in item_icons! Zeichne Text.
2025-04-14 12:58:10 - WARNING - __main__ - Slot 1 (Sack Erde): KEIN Icon gefunden in item_icons! Zeichne Text.
2025-04-14 12:58:10 - WARNING - __main__ - Slot 2 (Weed Seeds): KEIN Icon gefunden in item_icons! Zeichne Text.
2025-04-14 12:58:10 - WARNING - __main__ - Slot 0 (Blumentopf): KEIN Icon gefunden in item_icons! Zeichne Text.
2025-04-14 12:58:10 - WARNING - __main__ - Slot 1 (Sack Erde): KEIN Icon gefunden in item_icons! Zeichne Text.
2025-04-14 12:58:10 - WARNING - __main__ - Slot 2 (Weed Seeds): KEIN Icon gefunden in item_icons! Zeichne Text.
2025-04-14 12:58:10 - WARNING - __main__ - Slot 0 (Blumentopf): KEIN Icon gefunden in item_icons! Zeichne Text.
2025-04-14 12:58:10 - WARNING - __main__ - Slot 1 (Sack Erde): KEIN Icon gefunden in item_icons! Zeichne Text.
2025-04-14 12:58:10 - WARNING - __main__ - Slot 2 (Weed Seeds): KEIN Icon gefunden in item_icons! Zeichne Text.
2025-04-14 12:58:10 - WARNING - __main__ - Slot 0 (Blumentopf): KEIN Icon gefunden in item_icons! Zeichne Text.
2025-04-14 12:58:10 - WARNING - __main__ - Slot 1 (Sack Erde): KEIN Icon gefunden in item_icons! Zeichne Text.
2025-04-14 12:58:10 - WARNING - __main__ - Slot 2 (Weed Seeds): KEIN Icon gefunden in item_icons! Zeichne Text.
2025-04-14 12:58:10 - WARNING - __main__ - Slot 0 (Blumentopf): KEIN Icon gefunden in item_icons! Zeichne Text.
2025-04-14 12:58:10 - WARNING - __main__ - Slot 1 (Sack Erde): KEIN Icon gefunden in item_icons! Zeichne Text.
2025-04-14 12:58:10 - WARNING - __main__ - Slot 2 (Weed Seeds): KEIN Icon gefunden in item_icons! Zeichne Text.
2025-04-14 12:58:10 - WARNING - __main__ - Slot 0 (Blumentopf): KEIN Icon gefunden in item_icons! Zeichne Text.
2025-04-14 12:58:10 - WARNING - __main__ - Slot 1 (Sack Erde): KEIN Icon gefunden in item_icons! Zeichne Text.
2025-04-14 12:58:10 - WARNING - __main__ - Slot 2 (Weed Seeds): KEIN Icon gefunden in item_icons! Zeichne Text.
2025-04-14 12:58:10 - WARNING - __main__ - Slot 0 (Blumentopf): KEIN Icon gefunden in item_icons! Zeichne Text.
2025-04-14 12:58:10 - WARNING - __main__ - Slot 1 (Sack Erde): KEIN Icon gefunden in item_icons! Zeichne Text.
2025-04-14 12:58:10 - WARNING - __main__ - Slot 2 (Weed Seeds): KEIN Icon gefunden in item_icons! Zeichne Text.
2025-04-14 12:58:10 - WARNING - __main__ - Slot 0 (Blumentopf): KEIN Icon gefunden in item_icons! Zeichne Text.
2025-04-14 12:58:10 - WARNING - __main__ - Slot 1 (Sack Erde): KEIN Icon gefunden in item_icons! Zeichne Text.
2025-04-14 12:58:10 - WARNING - __main__ - Slot 2 (Weed Seeds): KEIN Icon gefunden in item_icons! Zeichne Text.
2025-04-14 12:58:10 - WARNING - __main__ - Slot 0 (Blumentopf): KEIN Icon gefunden in item_icons! Zeichne Text.
2025-04-14 12:58:10 - WARNING - __main__ - Slot 1 (Sack Erde): KEIN Icon gefunden in item_icons! Zeichne Text.
2025-04-14 12:58:10 - WARNING - __main__ - Slot 2 (Weed Seeds): KEIN Icon gefunden in item_icons! Zeichne Text.
2025-04-14 12:58:10 - WARNING - __main__ - Slot 0 (Blumentopf): KEIN Icon gefunden in item_icons! Zeichne Text.
2025-04-14 12:58:10 - WARNING - __main__ - Slot 1 (Sack Erde): KEIN Icon gefunden in item_icons! Zeichne Text.
2025-04-14 12:58:10 - WARNING - __main__ - Slot 2 (Weed Seeds): KEIN Icon gefunden in item_icons! Zeichne Text.
2025-04-14 12:58:10 - WARNING - __main__ - Slot 0 (Blumentopf): KEIN Icon gefunden in item_icons! Zeichne Text.
2025-04-14 12:58:10 - WARNING - __main__ - Slot 1 (Sack Erde): KEIN Icon gefunden in item_icons! Zeichne Text.
2025-04-14 12:58:10 - WARNING - __main__ - Slot 2 (Weed Seeds): KEIN Icon gefunden in item_icons! Zeichne Text.
2025-04-14 12:58:10 - WARNING - __main__ - Slot 0 (Blumentopf): KEIN Icon gefunden in item_icons! Zeichne Text.
2025-04-14 12:58:10 - WARNING - __main__ - Slot 1 (Sack Erde): KEIN Icon gefunden in item_icons! Zeichne Text.
2025-04-14 12:58:10 - WARNING - __main__ - Slot 2 (Weed Seeds): KEIN Icon gefunden in item_icons! Zeichne Text.
2025-04-14 12:58:10 - WARNING - __main__ - Slot 0 (Blumentopf): KEIN Icon gefunden in item_icons! Zeichne Text.
2025-04-14 12:58:10 - WARNING - __main__ - Slot 1 (Sack Erde): KEIN Icon gefunden in item_icons! Zeichne Text.
2025-04-14 12:58:10 - WARNING - __main__ - Slot 2 (Weed Seeds): KEIN Icon gefunden in item_icons! Zeichne Text.
2025-04-14 12:58:10 - WARNING - __main__ - Slot 0 (Blumentopf): KEIN Icon gefunden in item_icons! Zeichne Text.
2025-04-14 12:58:10 - WARNING - __main__ - Slot 1 (Sack Erde): KEIN Icon gefunden in item_icons! Zeichne Text.
2025-04-14 12:58:10 - WARNING - __main__ - Slot 2 (Weed Seeds): KEIN Icon gefunden in item_icons! Zeichne Text.
2025-04-14 12:58:10 - WARNING - __main__ - Slot 0 (Blumentopf): KEIN Icon gefunden in item_icons! Zeichne Text.
2025-04-14 12:58:10 - WARNING - __main__ - Slot 1 (Sack Erde): KEIN Icon gefunden in item_icons! Zeichne Text.
2025-04-14 12:58:10 - WARNING - __main__ - Slot 2 (Weed Seeds): KEIN Icon gefunden in item_icons! Zeichne Text.
2025-04-14 12:58:10 - WARNING - __main__ - Slot 0 (Blumentopf): KEIN Icon gefunden in item_icons! Zeichne Text.
2025-04-14 12:58:10 - WARNING - __main__ - Slot 1 (Sack Erde): KEIN Icon gefunden in item_icons! Zeichne Text.
2025-04-14 12:58:10 - WARNING - __main__ - Slot 2 (Weed Seeds): KEIN Icon gefunden in item_icons! Zeichne Text.
2025-04-14 12:58:10 - WARNING - __main__ - Slot 0 (Blumentopf): KEIN Icon gefunden in item_icons! Zeichne Text.
2025-04-14 12:58:10 - WARNING - __main__ - Slot 1 (Sack Erde): KEIN Icon gefunden in item_icons! Zeichne Text.
2025-04-14 12:58:10 - WARNING - __main__ - Slot 2 (Weed Seeds): KEIN Icon gefunden in item_icons! Zeichne Text.
2025-04-14 12:58:10 - WARNING - __main__ - Slot 0 (Blumentopf): KEIN Icon gefunden in item_icons! Zeichne Text.
2025-04-14 12:58:10 - WARNING - __main__ - Slot 1 (Sack Erde): KEIN Icon gefunden in item_icons! Zeichne Text.
2025-04-14 12:58:10 - WARNING - __main__ - Slot 2 (Weed Seeds): KEIN Icon gefunden in item_icons! Zeichne Text.
2025-04-14 12:58:10 - WARNING - __main__ - Slot 0 (Blumentopf): KEIN Icon gefunden in item_icons! Zeichne Text.
2025-04-14 12:58:10 - WARNING - __main__ - Slot 1 (Sack Erde): KEIN Icon gefunden in item_icons! Zeichne Text.
2025-04-14 12:58:10 - WARNING - __main__ - Slot 2 (Weed Seeds): KEIN Icon gefunden in item_icons! Zeichne Text.
2025-04-14 12:58:10 - WARNING - __main__ - Slot 0 (Blumentopf): KEIN Icon gefunden in item_icons! Zeichne Text.
2025-04-14 12:58:10 - WARNING - __main__ - Slot 1 (Sack Erde): KEIN Icon gefunden in item_icons! Zeichne Text.
2025-04-14 12:58:10 - WARNING - __main__ - Slot 2 (Weed Seeds): KEIN Icon gefunden in item_icons! Zeichne Text.
2025-04-14 12:58:10 - WARNING - __main__ - Slot 0 (Blumentopf): KEIN Icon gefunden in item_icons! Zeichne Text.
2025-04-14 12:58:10 - WARNING - __main__ - Slot 1 (Sack Erde): KEIN Icon gefunden in item_icons! Zeichne Text.
2025-04-14 12:58:10 - WARNING - __main__ - Slot 2 (Weed Seeds): KEIN Icon gefunden in item_icons! Zeichne Text.
2025-04-14 12:58:10 - WARNING - __main__ - Slot 0 (Blumentopf): KEIN Icon gefunden in item_icons! Zeichne Text.
2025-04-14 12:58:10 - WARNING - __main__ - Slot 1 (Sack Erde): KEIN Icon gefunden in item_icons! Zeichne Text.
2025-04-14 12:58:10 - WARNING - __main__ - Slot 2 (Weed Seeds): KEIN Icon gefunden in item_icons! Zeichne Text.
2025-04-14 12:58:10 - WARNING - __main__ - Slot 0 (Blumentopf): KEIN Icon gefunden in item_icons! Zeichne Text.
2025-04-14 12:58:10 - WARNING - __main__ - Slot 1 (Sack Erde): KEIN Icon gefunden in item_icons! Zeichne Text.
2025-04-14 12:58:10 - WARNING - __main__ - Slot 2 (Weed Seeds): KEIN Icon gefunden in item_icons! Zeichne Text.
2025-04-14 12:58:10 - WARNING - __main__ - Slot 0 (Blumentopf): KEIN Icon gefunden in item_icons! Zeichne Text.
2025-04-14 12:58:10 - WARNING - __main__ - Slot 1 (Sack Erde): KEIN Icon gefunden in item_icons! Zeichne Text.
2025-04-14 12:58:10 - WARNING - __main__ - Slot 2 (Weed Seeds): KEIN Icon gefunden in item_icons! Zeichne Text.
2025-04-14 12:58:10 - WARNING - __main__ - Slot 0 (Blumentopf): KEIN Icon gefunden in item_icons! Zeichne Text.
2025-04-14 12:58:10 - WARNING - __main__ - Slot 1 (Sack Erde): KEIN Icon gefunden in item_icons! Zeichne Text.
2025-04-14 12:58:10 - WARNING - __main__ - Slot 2 (Weed Seeds): KEIN Icon gefunden in item_icons! Zeichne Text.
2025-04-14 12:58:10 - WARNING - __main__ - Slot 0 (Blumentopf): KEIN Icon gefunden in item_icons! Zeichne Text.
2025-04-14 12:58:10 - WARNING - __main__ - Slot 1 (Sack Erde): KEIN Icon gefunden in item_icons! Zeichne Text.
2025-04-14 12:58:10 - WARNING - __main__ - Slot 2 (Weed Seeds): KEIN Icon gefunden in item_icons! Zeichne Text.
2025-04-14 12:58:10 - WARNING - __main__ - Slot 0 (Blumentopf): KEIN Icon gefunden in item_icons! Zeichne Text.
2025-04-14 12:58:10 - WARNING - __main__ - Slot 1 (Sack Erde): KEIN Icon gefunden in item_icons! Zeichne Text.
2025-04-14 12:58:10 - WARNING - __main__ - Slot 2 (Weed Seeds): KEIN Icon gefunden in item_icons! Zeichne Text.
2025-04-14 12:58:10 - WARNING - __main__ - Slot 0 (Blumentopf): KEIN Icon gefunden in item_icons! Zeichne Text.
2025-04-14 12:58:10 - WARNING - __main__ - Slot 1 (Sack Erde): KEIN Icon gefunden in item_icons! Zeichne Text.
2025-04-14 12:58:10 - WARNING - __main__ - Slot 2 (Weed Seeds): KEIN Icon gefunden in item_icons! Zeichne Text.
2025-04-14 12:58:10 - WARNING - __main__ - Slot 0 (Blumentopf): KEIN Icon gefunden in item_icons! Zeichne Text.
2025-04-14 12:58:10 - WARNING - __main__ - Slot 1 (Sack Erde): KEIN Icon gefunden in item_icons! Zeichne Text.
2025-04-14 12:58:10 - WARNING - __main__ - Slot 2 (Weed Seeds): KEIN Icon gefunden in item_icons! Zeichne Text.
2025-04-14 12:58:10 - WARNING - __main__ - Slot 0 (Blumentopf): KEIN Icon gefunden in item_icons! Zeichne Text.
2025-04-14 12:58:10 - WARNING - __main__ - Slot 1 (Sack Erde): KEIN Icon gefunden in item_icons! Zeichne Text.
2025-04-14 12:58:10 - WARNING - __main__ - Slot 2 (Weed Seeds): KEIN Icon gefunden in item_icons! Zeichne Text.
2025-04-14 12:58:10 - WARNING - __main__ - Slot 0 (Blumentopf): KEIN Icon gefunden in item_icons! Zeichne Text.
2025-04-14 12:58:10 - WARNING - __main__ - Slot 1 (Sack Erde): KEIN Icon gefunden in item_icons! Zeichne Text.
2025-04-14 12:58:10 - WARNING - __main__ - Slot 2 (Weed Seeds): KEIN Icon gefunden in item_icons! Zeichne Text.
2025-04-14 12:58:10 - WARNING - __main__ - Slot 0 (Blumentopf): KEIN Icon gefunden in item_icons! Zeichne Text.
2025-04-14 12:58:10 - WARNING - __main__ - Slot 1 (Sack Erde): KEIN Icon gefunden in item_icons! Zeichne Text.
2025-04-14 12:58:10 - WARNING - __main__ - Slot 2 (Weed Seeds): KEIN Icon gefunden in item_icons! Zeichne Text.
2025-04-14 12:58:10 - WARNING - __main__ - Slot 0 (Blumentopf): KEIN Icon gefunden in item_icons! Zeichne Text.
2025-04-14 12:58:10 - WARNING - __main__ - Slot 1 (Sack Erde): KEIN Icon gefunden in item_icons! Zeichne Text.
2025-04-14 12:58:10 - WARNING - __main__ - Slot 2 (Weed Seeds): KEIN Icon gefunden in item_icons! Zeichne Text.
2025-04-14 12:58:10 - WARNING - __main__ - Slot 0 (Blumentopf): KEIN Icon gefunden in item_icons! Zeichne Text.
2025-04-14 12:58:10 - WARNING - __main__ - Slot 1 (Sack Erde): KEIN Icon gefunden in item_icons! Zeichne Text.
2025-04-14 12:58:10 - WARNING - __main__ - Slot 2 (Weed Seeds): KEIN Icon gefunden in item_icons! Zeichne Text.
2025-04-14 12:58:10 - WARNING - __main__ - Slot 0 (Blumentopf): KEIN Icon gefunden in item_icons! Zeichne Text.
2025-04-14 12:58:10 - WARNING - __main__ - Slot 1 (Sack Erde): KEIN Icon gefunden in item_icons! Zeichne Text.
2025-04-14 12:58:10 - WARNING - __main__ - Slot 2 (Weed Seeds): KEIN Icon gefunden in item_icons! Zeichne Text.
2025-04-14 12:58:10 - WARNING - __main__ - Slot 0 (Blumentopf): KEIN Icon gefunden in item_icons! Zeichne Text.
2025-04-14 12:58:10 - WARNING - __main__ - Slot 1 (Sack Erde): KEIN Icon gefunden in item_icons! Zeichne Text.
2025-04-14 12:58:10 - WARNING - __main__ - Slot 2 (Weed Seeds): KEIN Icon gefunden in item_icons! Zeichne Text.
2025-04-14 12:58:10 - WARNING - __main__ - Slot 0 (Blumentopf): KEIN Icon gefunden in item_icons! Zeichne Text.
2025-04-14 12:58:10 - WARNING - __main__ - Slot 1 (Sack Erde): KEIN Icon gefunden in item_icons! Zeichne Text.
2025-04-14 12:58:10 - WARNING - __main__ - Slot 2 (Weed Seeds): KEIN Icon gefunden in item_icons! Zeichne Text.
2025-04-14 12:58:10 - WARNING - __main__ - Slot 0 (Blumentopf): KEIN Icon gefunden in item_icons! Zeichne Text.
2025-04-14 12:58:10 - WARNING - __main__ - Slot 1 (Sack Erde): KEIN Icon gefunden in item_icons! Zeichne Text.
2025-04-14 12:58:10 - WARNING - __main__ - Slot 2 (Weed Seeds): KEIN Icon gefunden in item_icons! Zeichne Text.
2025-04-14 12:58:10 - WARNING - __main__ - Slot 0 (Blumentopf): KEIN Icon gefunden in item_icons! Zeichne Text.
2025-04-14 12:58:10 - WARNING - __main__ - Slot 1 (Sack Erde): KEIN Icon gefunden in item_icons! Zeichne Text.
2025-04-14 12:58:10 - WARNING - __main__ - Slot 2 (Weed Seeds): KEIN Icon gefunden in item_icons! Zeichne Text.
2025-04-14 12:58:10 - WARNING - __main__ - Slot 0 (Blumentopf): KEIN Icon gefunden in item_icons! Zeichne Text.
2025-04-14 12:58:10 - WARNING - __main__ - Slot 1 (Sack Erde): KEIN Icon gefunden in item_icons! Zeichne Text.
2025-04-14 12:58:10 - WARNING - __main__ - Slot 2 (Weed Seeds): KEIN Icon gefunden in item_icons! Zeichne Text.
2025-04-14 12:58:10 - WARNING - __main__ - Slot 0 (Blumentopf): KEIN Icon gefunden in item_icons! Zeichne Text.
2025-04-14 12:58:10 - WARNING - __main__ - Slot 1 (Sack Erde): KEIN Icon gefunden in item_icons! Zeichne Text.
2025-04-14 12:58:10 - WARNING - __main__ - Slot 2 (Weed Seeds): KEIN Icon gefunden in item_icons! Zeichne Text.
2025-04-14 12:58:10 - WARNING - __main__ - Slot 0 (Blumentopf): KEIN Icon gefunden in item_icons! Zeichne Text.
2025-04-14 12:58:10 - WARNING - __main__ - Slot 1 (Sack Erde): KEIN Icon gefunden in item_icons! Zeichne Text.
2025-04-14 12:58:10 - WARNING - __main__ - Slot 2 (Weed Seeds): KEIN Icon gefunden in item_icons! Zeichne Text.
2025-04-14 12:58:10 - WARNING - __main__ - Slot 0 (Blumentopf): KEIN Icon gefunden in item_icons! Zeichne Text.
2025-04-14 12:58:10 - WARNING - __main__ - Slot 1 (Sack Erde): KEIN Icon gefunden in item_icons! Zeichne Text.
2025-04-14 12:58:10 - WARNING - __main__ - Slot 2 (Weed Seeds): KEIN Icon gefunden in item_icons! Zeichne Text.
2025-04-14 12:58:10 - WARNING - __main__ - Slot 0 (Blumentopf): KEIN Icon gefunden in item_icons! Zeichne Text.
2025-04-14 12:58:10 - WARNING - __main__ - Slot 1 (Sack Erde): KEIN Icon gefunden in item_icons! Zeichne Text.
2025-04-14 12:58:10 - WARNING - __main__ - Slot 2 (Weed Seeds): KEIN Icon gefunden in item_icons! Zeichne Text.
2025-04-14 12:58:10 - WARNING - __main__ - Slot 0 (Blumentopf): KEIN Icon gefunden in item_icons! Zeichne Text.
2025-04-14 12:58:10 - WARNING - __main__ - Slot 1 (Sack Erde): KEIN Icon gefunden in item_icons! Zeichne Text.
2025-04-14 12:58:10 - WARNING - __main__ - Slot 2 (Weed Seeds): KEIN Icon gefunden in item_icons! Zeichne Text.
2025-04-14 12:58:10 - WARNING - __main__ - Slot 0 (Blumentopf): KEIN Icon gefunden in item_icons! Zeichne Text.
2025-04-14 12:58:10 - WARNING - __main__ - Slot 1 (Sack Erde): KEIN Icon gefunden in item_icons! Zeichne Text.
2025-04-14 12:58:10 - WARNING - __main__ - Slot 2 (Weed Seeds): KEIN Icon gefunden in item_icons! Zeichne Text.
2025-04-14 12:58:10 - WARNING - __main__ - Slot 0 (Blumentopf): KEIN Icon gefunden in item_icons! Zeichne Text.
2025-04-14 12:58:10 - WARNING - __main__ - Slot 1 (Sack Erde): KEIN Icon gefunden in item_icons! Zeichne Text.
2025-04-14 12:58:10 - WARNING - __main__ - Slot 2 (Weed Seeds): KEIN Icon gefunden in item_icons! Zeichne Text.
2025-04-14 12:58:10 - WARNING - __main__ - Slot 0 (Blumentopf): KEIN Icon gefunden in item_icons! Zeichne Text.
2025-04-14 12:58:10 - WARNING - __main__ - Slot 1 (Sack Erde): KEIN Icon gefunden in item_icons! Zeichne Text.
2025-04-14 12:58:10 - WARNING - __main__ - Slot 2 (Weed Seeds): KEIN Icon gefunden in item_icons! Zeichne Text.
2025-04-14 12:58:10 - WARNING - __main__ - Slot 0 (Blumentopf): KEIN Icon gefunden in item_icons! Zeichne Text.
2025-04-14 12:58:10 - WARNING - __main__ - Slot 1 (Sack Erde): KEIN Icon gefunden in item_icons! Zeichne Text.
2025-04-14 12:58:10 - WARNING - __main__ - Slot 2 (Weed Seeds): KEIN Icon gefunden in item_icons! Zeichne Text.
2025-04-14 12:58:10 - WARNING - __main__ - Slot 0 (Blumentopf): KEIN Icon gefunden in item_icons! Zeichne Text.
2025-04-14 12:58:10 - WARNING - __main__ - Slot 1 (Sack Erde): KEIN Icon gefunden in item_icons! Zeichne Text.
2025-04-14 12:58:10 - WARNING - __main__ - Slot 2 (Weed Seeds): KEIN Icon gefunden in item_icons! Zeichne Text.
2025-04-14 12:58:10 - WARNING - __main__ - Slot 0 (Blumentopf): KEIN Icon gefunden in item_icons! Zeichne Text.
2025-04-14 12:58:10 - WARNING - __main__ - Slot 1 (Sack Erde): KEIN Icon gefunden in item_icons! Zeichne Text.
2025-04-14 12:58:10 - WARNING - __main__ - Slot 2 (Weed Seeds): KEIN Icon gefunden in item_icons! Zeichne Text.
2025-04-14 12:58:11 - WARNING - __main__ - Slot 0 (Blumentopf): KEIN Icon gefunden in item_icons! Zeichne Text.
2025-04-14 12:58:11 - WARNING - __main__ - Slot 1 (Sack Erde): KEIN Icon gefunden in item_icons! Zeichne Text.
2025-04-14 12:58:11 - WARNING - __main__ - Slot 2 (Weed Seeds): KEIN Icon gefunden in item_icons! Zeichne Text.
2025-04-14 12:58:11 - WARNING - __main__ - Slot 0 (Blumentopf): KEIN Icon gefunden in item_icons! Zeichne Text.
2025-04-14 12:58:11 - WARNING - __main__ - Slot 1 (Sack Erde): KEIN Icon gefunden in item_icons! Zeichne Text.
2025-04-14 12:58:11 - WARNING - __main__ - Slot 2 (Weed Seeds): KEIN Icon gefunden in item_icons! Zeichne Text.
2025-04-14 12:58:11 - WARNING - __main__ - Slot 0 (Blumentopf): KEIN Icon gefunden in item_icons! Zeichne Text.
2025-04-14 12:58:11 - WARNING - __main__ - Slot 1 (Sack Erde): KEIN Icon gefunden in item_icons! Zeichne Text.
2025-04-14 12:58:11 - WARNING - __main__ - Slot 2 (Weed Seeds): KEIN Icon gefunden in item_icons! Zeichne Text.
2025-04-14 12:58:11 - WARNING - __main__ - Slot 0 (Blumentopf): KEIN Icon gefunden in item_icons! Zeichne Text.
2025-04-14 12:58:11 - WARNING - __main__ - Slot 1 (Sack Erde): KEIN Icon gefunden in item_icons! Zeichne Text.
2025-04-14 12:58:11 - WARNING - __main__ - Slot 2 (Weed Seeds): KEIN Icon gefunden in item_icons! Zeichne Text.
2025-04-14 12:58:11 - WARNING - __main__ - Slot 0 (Blumentopf): KEIN Icon gefunden in item_icons! Zeichne Text.
2025-04-14 12:58:11 - WARNING - __main__ - Slot 1 (Sack Erde): KEIN Icon gefunden in item_icons! Zeichne Text.
2025-04-14 12:58:11 - WARNING - __main__ - Slot 2 (Weed Seeds): KEIN Icon gefunden in item_icons! Zeichne Text.
2025-04-14 12:58:11 - WARNING - __main__ - Slot 0 (Blumentopf): KEIN Icon gefunden in item_icons! Zeichne Text.
2025-04-14 12:58:11 - WARNING - __main__ - Slot 1 (Sack Erde): KEIN Icon gefunden in item_icons! Zeichne Text.
2025-04-14 12:58:11 - WARNING - __main__ - Slot 2 (Weed Seeds): KEIN Icon gefunden in item_icons! Zeichne Text.
2025-04-14 12:58:11 - WARNING - __main__ - Slot 0 (Blumentopf): KEIN Icon gefunden in item_icons! Zeichne Text.
2025-04-14 12:58:11 - WARNING - __main__ - Slot 1 (Sack Erde): KEIN Icon gefunden in item_icons! Zeichne Text.
2025-04-14 12:58:11 - WARNING - __main__ - Slot 2 (Weed Seeds): KEIN Icon gefunden in item_icons! Zeichne Text.
2025-04-14 12:58:11 - WARNING - __main__ - Slot 0 (Blumentopf): KEIN Icon gefunden in item_icons! Zeichne Text.
2025-04-14 12:58:11 - WARNING - __main__ - Slot 1 (Sack Erde): KEIN Icon gefunden in item_icons! Zeichne Text.
2025-04-14 12:58:11 - WARNING - __main__ - Slot 2 (Weed Seeds): KEIN Icon gefunden in item_icons! Zeichne Text.
2025-04-14 12:58:11 - WARNING - __main__ - Slot 0 (Blumentopf): KEIN Icon gefunden in item_icons! Zeichne Text.
2025-04-14 12:58:11 - WARNING - __main__ - Slot 1 (Sack Erde): KEIN Icon gefunden in item_icons! Zeichne Text.
2025-04-14 12:58:11 - WARNING - __main__ - Slot 2 (Weed Seeds): KEIN Icon gefunden in item_icons! Zeichne Text.
2025-04-14 12:58:11 - WARNING - __main__ - Slot 0 (Blumentopf): KEIN Icon gefunden in item_icons! Zeichne Text.
2025-04-14 12:58:11 - WARNING - __main__ - Slot 1 (Sack Erde): KEIN Icon gefunden in item_icons! Zeichne Text.
2025-04-14 12:58:11 - WARNING - __main__ - Slot 2 (Weed Seeds): KEIN Icon gefunden in item_icons! Zeichne Text.
2025-04-14 12:58:11 - WARNING - __main__ - Slot 0 (Blumentopf): KEIN Icon gefunden in item_icons! Zeichne Text.
2025-04-14 12:58:11 - WARNING - __main__ - Slot 1 (Sack Erde): KEIN Icon gefunden in item_icons! Zeichne Text.
2025-04-14 12:58:11 - WARNING - __main__ - Slot 2 (Weed Seeds): KEIN Icon gefunden in item_icons! Zeichne Text.
2025-04-14 12:58:11 - WARNING - __main__ - Slot 0 (Blumentopf): KEIN Icon gefunden in item_icons! Zeichne Text.
2025-04-14 12:58:11 - WARNING - __main__ - Slot 1 (Sack Erde): KEIN Icon gefunden in item_icons! Zeichne Text.
2025-04-14 12:58:11 - WARNING - __main__ - Slot 2 (Weed Seeds): KEIN Icon gefunden in item_icons! Zeichne Text.
2025-04-14 12:58:11 - WARNING - __main__ - Slot 0 (Blumentopf): KEIN Icon gefunden in item_icons! Zeichne Text.
2025-04-14 12:58:11 - WARNING - __main__ - Slot 1 (Sack Erde): KEIN Icon gefunden in item_icons! Zeichne Text.
2025-04-14 12:58:11 - WARNING - __main__ - Slot 2 (Weed Seeds): KEIN Icon gefunden in item_icons! Zeichne Text.
2025-04-14 12:58:11 - WARNING - __main__ - Slot 0 (Blumentopf): KEIN Icon gefunden in item_icons! Zeichne Text.
2025-04-14 12:58:11 - WARNING - __main__ - Slot 1 (Sack Erde): KEIN Icon gefunden in item_icons! Zeichne Text.
2025-04-14 12:58:11 - WARNING - __main__ - Slot 2 (Weed Seeds): KEIN Icon gefunden in item_icons! Zeichne Text.
2025-04-14 12:58:11 - WARNING - __main__ - Slot 0 (Blumentopf): KEIN Icon gefunden in item_icons! Zeichne Text.
2025-04-14 12:58:11 - WARNING - __main__ - Slot 1 (Sack Erde): KEIN Icon gefunden in item_icons! Zeichne Text.
2025-04-14 12:58:11 - WARNING - __main__ - Slot 2 (Weed Seeds): KEIN Icon gefunden in item_icons! Zeichne Text.
2025-04-14 12:58:11 - WARNING - __main__ - Slot 0 (Blumentopf): KEIN Icon gefunden in item_icons! Zeichne Text.
2025-04-14 12:58:11 - WARNING - __main__ - Slot 1 (Sack Erde): KEIN Icon gefunden in item_icons! Zeichne Text.
2025-04-14 12:58:11 - WARNING - __main__ - Slot 2 (Weed Seeds): KEIN Icon gefunden in item_icons! Zeichne Text.
2025-04-14 12:58:11 - WARNING - __main__ - Slot 0 (Blumentopf): KEIN Icon gefunden in item_icons! Zeichne Text.
2025-04-14 12:58:11 - WARNING - __main__ - Slot 1 (Sack Erde): KEIN Icon gefunden in item_icons! Zeichne Text.
2025-04-14 12:58:11 - WARNING - __main__ - Slot 2 (Weed Seeds): KEIN Icon gefunden in item_icons! Zeichne Text.
2025-04-14 12:58:11 - WARNING - __main__ - Slot 0 (Blumentopf): KEIN Icon gefunden in item_icons! Zeichne Text.
2025-04-14 12:58:11 - WARNING - __main__ - Slot 1 (Sack Erde): KEIN Icon gefunden in item_icons! Zeichne Text.
2025-04-14 12:58:11 - WARNING - __main__ - Slot 2 (Weed Seeds): KEIN Icon gefunden in item_icons! Zeichne Text.
2025-04-14 12:58:11 - WARNING - __main__ - Slot 0 (Blumentopf): KEIN Icon gefunden in item_icons! Zeichne Text.
2025-04-14 12:58:11 - WARNING - __main__ - Slot 1 (Sack Erde): KEIN Icon gefunden in item_icons! Zeichne Text.
2025-04-14 12:58:11 - WARNING - __main__ - Slot 2 (Weed Seeds): KEIN Icon gefunden in item_icons! Zeichne Text.
2025-04-14 12:58:11 - WARNING - __main__ - Slot 0 (Blumentopf): KEIN Icon gefunden in item_icons! Zeichne Text.
2025-04-14 12:58:11 - WARNING - __main__ - Slot 1 (Sack Erde): KEIN Icon gefunden in item_icons! Zeichne Text.
2025-04-14 12:58:11 - WARNING - __main__ - Slot 2 (Weed Seeds): KEIN Icon gefunden in item_icons! Zeichne Text.
2025-04-14 12:58:11 - WARNING - __main__ - Slot 0 (Blumentopf): KEIN Icon gefunden in item_icons! Zeichne Text.
2025-04-14 12:58:11 - WARNING - __main__ - Slot 1 (Sack Erde): KEIN Icon gefunden in item_icons! Zeichne Text.
2025-04-14 12:58:11 - WARNING - __main__ - Slot 2 (Weed Seeds): KEIN Icon gefunden in item_icons! Zeichne Text.
2025-04-14 12:58:11 - WARNING - __main__ - Slot 0 (Blumentopf): KEIN Icon gefunden in item_icons! Zeichne Text.
2025-04-14 12:58:11 - WARNING - __main__ - Slot 1 (Sack Erde): KEIN Icon gefunden in item_icons! Zeichne Text.
2025-04-14 12:58:11 - WARNING - __main__ - Slot 2 (Weed Seeds): KEIN Icon gefunden in item_icons! Zeichne Text.
2025-04-14 12:58:11 - WARNING - __main__ - Slot 0 (Blumentopf): KEIN Icon gefunden in item_icons! Zeichne Text.
2025-04-14 12:58:11 - WARNING - __main__ - Slot 1 (Sack Erde): KEIN Icon gefunden in item_icons! Zeichne Text.
2025-04-14 12:58:11 - WARNING - __main__ - Slot 2 (Weed Seeds): KEIN Icon gefunden in item_icons! Zeichne Text.
2025-04-14 12:58:11 - WARNING - __main__ - Slot 0 (Blumentopf): KEIN Icon gefunden in item_icons! Zeichne Text.
2025-04-14 12:58:11 - WARNING - __main__ - Slot 1 (Sack Erde): KEIN Icon gefunden in item_icons! Zeichne Text.
2025-04-14 12:58:11 - WARNING - __main__ - Slot 2 (Weed Seeds): KEIN Icon gefunden in item_icons! Zeichne Text.
2025-04-14 12:58:11 - WARNING - __main__ - Slot 0 (Blumentopf): KEIN Icon gefunden in item_icons! Zeichne Text.
2025-04-14 12:58:11 - WARNING - __main__ - Slot 1 (Sack Erde): KEIN Icon gefunden in item_icons! Zeichne Text.
2025-04-14 12:58:11 - WARNING - __main__ - Slot 2 (Weed Seeds): KEIN Icon gefunden in item_icons! Zeichne Text.
2025-04-14 12:58:11 - WARNING - __main__ - Slot 0 (Blumentopf): KEIN Icon gefunden in item_icons! Zeichne Text.
2025-04-14 12:58:11 - WARNING - __main__ - Slot 1 (Sack Erde): KEIN Icon gefunden in item_icons! Zeichne Text.
2025-04-14 12:58:11 - WARNING - __main__ - Slot 2 (Weed Seeds): KEIN Icon gefunden in item_icons! Zeichne Text.
2025-04-14 12:58:11 - WARNING - __main__ - Slot 0 (Blumentopf): KEIN Icon gefunden in item_icons! Zeichne Text.
2025-04-14 12:58:11 - WARNING - __main__ - Slot 1 (Sack Erde): KEIN Icon gefunden in item_icons! Zeichne Text.
2025-04-14 12:58:11 - WARNING - __main__ - Slot 2 (Weed Seeds): KEIN Icon gefunden in item_icons! Zeichne Text.
2025-04-14 12:58:11 - WARNING - __main__ - Slot 0 (Blumentopf): KEIN Icon gefunden in item_icons! Zeichne Text.
2025-04-14 12:58:11 - WARNING - __main__ - Slot 1 (Sack Erde): KEIN Icon gefunden in item_icons! Zeichne Text.
2025-04-14 12:58:11 - WARNING - __main__ - Slot 2 (Weed Seeds): KEIN Icon gefunden in item_icons! Zeichne Text.
2025-04-14 12:58:11 - WARNING - __main__ - Slot 0 (Blumentopf): KEIN Icon gefunden in item_icons! Zeichne Text.
2025-04-14 12:58:11 - WARNING - __main__ - Slot 1 (Sack Erde): KEIN Icon gefunden in item_icons! Zeichne Text.
2025-04-14 12:58:11 - WARNING - __main__ - Slot 2 (Weed Seeds): KEIN Icon gefunden in item_icons! Zeichne Text.
2025-04-14 12:58:11 - WARNING - __main__ - Slot 0 (Blumentopf): KEIN Icon gefunden in item_icons! Zeichne Text.
2025-04-14 12:58:11 - WARNING - __main__ - Slot 1 (Sack Erde): KEIN Icon gefunden in item_icons! Zeichne Text.
2025-04-14 12:58:11 - WARNING - __main__ - Slot 2 (Weed Seeds): KEIN Icon gefunden in item_icons! Zeichne Text.
2025-04-14 12:58:11 - WARNING - __main__ - Slot 0 (Blumentopf): KEIN Icon gefunden in item_icons! Zeichne Text.
2025-04-14 12:58:11 - WARNING - __main__ - Slot 1 (Sack Erde): KEIN Icon gefunden in item_icons! Zeichne Text.
2025-04-14 12:58:11 - WARNING - __main__ - Slot 2 (Weed Seeds): KEIN Icon gefunden in item_icons! Zeichne Text.
2025-04-14 12:58:11 - WARNING - __main__ - Slot 0 (Blumentopf): KEIN Icon gefunden in item_icons! Zeichne Text.
2025-04-14 12:58:11 - WARNING - __main__ - Slot 1 (Sack Erde): KEIN Icon gefunden in item_icons! Zeichne Text.
2025-04-14 12:58:11 - WARNING - __main__ - Slot 2 (Weed Seeds): KEIN Icon gefunden in item_icons! Zeichne Text.
2025-04-14 12:58:11 - WARNING - __main__ - Slot 0 (Blumentopf): KEIN Icon gefunden in item_icons! Zeichne Text.
2025-04-14 12:58:11 - WARNING - __main__ - Slot 1 (Sack Erde): KEIN Icon gefunden in item_icons! Zeichne Text.
2025-04-14 12:58:11 - WARNING - __main__ - Slot 2 (Weed Seeds): KEIN Icon gefunden in item_icons! Zeichne Text.
2025-04-14 12:58:11 - WARNING - __main__ - Slot 0 (Blumentopf): KEIN Icon gefunden in item_icons! Zeichne Text.
2025-04-14 12:58:11 - WARNING - __main__ - Slot 1 (Sack Erde): KEIN Icon gefunden in item_icons! Zeichne Text.
2025-04-14 12:58:11 - WARNING - __main__ - Slot 2 (Weed Seeds): KEIN Icon gefunden in item_icons! Zeichne Text.
2025-04-14 12:58:11 - WARNING - __main__ - Slot 0 (Blumentopf): KEIN Icon gefunden in item_icons! Zeichne Text.
2025-04-14 12:58:11 - WARNING - __main__ - Slot 1 (Sack Erde): KEIN Icon gefunden in item_icons! Zeichne Text.
2025-04-14 12:58:11 - WARNING - __main__ - Slot 2 (Weed Seeds): KEIN Icon gefunden in item_icons! Zeichne Text.
2025-04-14 12:58:11 - WARNING - __main__ - Slot 0 (Blumentopf): KEIN Icon gefunden in item_icons! Zeichne Text.
2025-04-14 12:58:11 - WARNING - __main__ - Slot 1 (Sack Erde): KEIN Icon gefunden in item_icons! Zeichne Text.
2025-04-14 12:58:11 - WARNING - __main__ - Slot 2 (Weed Seeds): KEIN Icon gefunden in item_icons! Zeichne Text.
2025-04-14 12:58:11 - WARNING - __main__ - Slot 0 (Blumentopf): KEIN Icon gefunden in item_icons! Zeichne Text.
2025-04-14 12:58:11 - WARNING - __main__ - Slot 1 (Sack Erde): KEIN Icon gefunden in item_icons! Zeichne Text.
2025-04-14 12:58:11 - WARNING - __main__ - Slot 2 (Weed Seeds): KEIN Icon gefunden in item_icons! Zeichne Text.
2025-04-14 12:58:11 - WARNING - __main__ - Slot 0 (Blumentopf): KEIN Icon gefunden in item_icons! Zeichne Text.
2025-04-14 12:58:11 - WARNING - __main__ - Slot 1 (Sack Erde): KEIN Icon gefunden in item_icons! Zeichne Text.
2025-04-14 12:58:11 - WARNING - __main__ - Slot 2 (Weed Seeds): KEIN Icon gefunden in item_icons! Zeichne Text.
2025-04-14 12:58:11 - WARNING - __main__ - Slot 0 (Blumentopf): KEIN Icon gefunden in item_icons! Zeichne Text.
2025-04-14 12:58:11 - WARNING - __main__ - Slot 1 (Sack Erde): KEIN Icon gefunden in item_icons! Zeichne Text.
2025-04-14 12:58:11 - WARNING - __main__ - Slot 2 (Weed Seeds): KEIN Icon gefunden in item_icons! Zeichne Text.
2025-04-14 12:58:11 - WARNING - __main__ - Slot 0 (Blumentopf): KEIN Icon gefunden in item_icons! Zeichne Text.
2025-04-14 12:58:11 - WARNING - __main__ - Slot 1 (Sack Erde): KEIN Icon gefunden in item_icons! Zeichne Text.
2025-04-14 12:58:11 - WARNING - __main__ - Slot 2 (Weed Seeds): KEIN Icon gefunden in item_icons! Zeichne Text.
2025-04-14 12:58:11 - WARNING - __main__ - Slot 0 (Blumentopf): KEIN Icon gefunden in item_icons! Zeichne Text.
2025-04-14 12:58:11 - WARNING - __main__ - Slot 1 (Sack Erde): KEIN Icon gefunden in item_icons! Zeichne Text.
2025-04-14 12:58:11 - WARNING - __main__ - Slot 2 (Weed Seeds): KEIN Icon gefunden in item_icons! Zeichne Text.
2025-04-14 12:58:11 - WARNING - __main__ - Slot 0 (Blumentopf): KEIN Icon gefunden in item_icons! Zeichne Text.
2025-04-14 12:58:11 - WARNING - __main__ - Slot 1 (Sack Erde): KEIN Icon gefunden in item_icons! Zeichne Text.
2025-04-14 12:58:11 - WARNING - __main__ - Slot 2 (Weed Seeds): KEIN Icon gefunden in item_icons! Zeichne Text.
2025-04-14 12:58:11 - WARNING - __main__ - Slot 0 (Blumentopf): KEIN Icon gefunden in item_icons! Zeichne Text.
2025-04-14 12:58:11 - WARNING - __main__ - Slot 1 (Sack Erde): KEIN Icon gefunden in item_icons! Zeichne Text.
2025-04-14 12:58:11 - WARNING - __main__ - Slot 2 (Weed Seeds): KEIN Icon gefunden in item_icons! Zeichne Text.
2025-04-14 12:58:11 - WARNING - __main__ - Slot 0 (Blumentopf): KEIN Icon gefunden in item_icons! Zeichne Text.
2025-04-14 12:58:11 - WARNING - __main__ - Slot 1 (Sack Erde): KEIN Icon gefunden in item_icons! Zeichne Text.
2025-04-14 12:58:11 - WARNING - __main__ - Slot 2 (Weed Seeds): KEIN Icon gefunden in item_icons! Zeichne Text.
2025-04-14 12:58:11 - WARNING - __main__ - Slot 0 (Blumentopf): KEIN Icon gefunden in item_icons! Zeichne Text.
2025-04-14 12:58:11 - WARNING - __main__ - Slot 1 (Sack Erde): KEIN Icon gefunden in item_icons! Zeichne Text.
2025-04-14 12:58:11 - WARNING - __main__ - Slot 2 (Weed Seeds): KEIN Icon gefunden in item_icons! Zeichne Text.
2025-04-14 12:58:11 - WARNING - __main__ - Slot 0 (Blumentopf): KEIN Icon gefunden in item_icons! Zeichne Text.
2025-04-14 12:58:11 - WARNING - __main__ - Slot 1 (Sack Erde): KEIN Icon gefunden in item_icons! Zeichne Text.
2025-04-14 12:58:11 - WARNING - __main__ - Slot 2 (Weed Seeds): KEIN Icon gefunden in item_icons! Zeichne Text.
2025-04-14 12:58:11 - WARNING - __main__ - Slot 0 (Blumentopf): KEIN Icon gefunden in item_icons! Zeichne Text.
2025-04-14 12:58:11 - WARNING - __main__ - Slot 1 (Sack Erde): KEIN Icon gefunden in item_icons! Zeichne Text.
2025-04-14 12:58:11 - WARNING - __main__ - Slot 2 (Weed Seeds): KEIN Icon gefunden in item_icons! Zeichne Text.
2025-04-14 12:58:11 - WARNING - __main__ - Slot 0 (Blumentopf): KEIN Icon gefunden in item_icons! Zeichne Text.
2025-04-14 12:58:11 - WARNING - __main__ - Slot 1 (Sack Erde): KEIN Icon gefunden in item_icons! Zeichne Text.
2025-04-14 12:58:11 - WARNING - __main__ - Slot 2 (Weed Seeds): KEIN Icon gefunden in item_icons! Zeichne Text.
2025-04-14 12:58:11 - WARNING - __main__ - Slot 0 (Blumentopf): KEIN Icon gefunden in item_icons! Zeichne Text.
2025-04-14 12:58:11 - WARNING - __main__ - Slot 1 (Sack Erde): KEIN Icon gefunden in item_icons! Zeichne Text.
2025-04-14 12:58:11 - WARNING - __main__ - Slot 2 (Weed Seeds): KEIN Icon gefunden in item_icons! Zeichne Text.
2025-04-14 12:58:11 - WARNING - __main__ - Slot 0 (Blumentopf): KEIN Icon gefunden in item_icons! Zeichne Text.
2025-04-14 12:58:11 - WARNING - __main__ - Slot 1 (Sack Erde): KEIN Icon gefunden in item_icons! Zeichne Text.
2025-04-14 12:58:11 - WARNING - __main__ - Slot 2 (Weed Seeds): KEIN Icon gefunden in item_icons! Zeichne Text.
2025-04-14 12:58:11 - WARNING - __main__ - Slot 0 (Blumentopf): KEIN Icon gefunden in item_icons! Zeichne Text.
2025-04-14 12:58:11 - WARNING - __main__ - Slot 1 (Sack Erde): KEIN Icon gefunden in item_icons! Zeichne Text.
2025-04-14 12:58:11 - WARNING - __main__ - Slot 2 (Weed Seeds): KEIN Icon gefunden in item_icons! Zeichne Text.
2025-04-14 12:58:11 - WARNING - __main__ - Slot 0 (Blumentopf): KEIN Icon gefunden in item_icons! Zeichne Text.
2025-04-14 12:58:11 - WARNING - __main__ - Slot 1 (Sack Erde): KEIN Icon gefunden in item_icons! Zeichne Text.
2025-04-14 12:58:11 - WARNING - __main__ - Slot 2 (Weed Seeds): KEIN Icon gefunden in item_icons! Zeichne Text.
2025-04-14 12:58:11 - WARNING - __main__ - Slot 0 (Blumentopf): KEIN Icon gefunden in item_icons! Zeichne Text.
2025-04-14 12:58:11 - WARNING - __main__ - Slot 1 (Sack Erde): KEIN Icon gefunden in item_icons! Zeichne Text.
2025-04-14 12:58:11 - WARNING - __main__ - Slot 2 (Weed Seeds): KEIN Icon gefunden in item_icons! Zeichne Text.
2025-04-14 12:58:11 - WARNING - __main__ - Slot 0 (Blumentopf): KEIN Icon gefunden in item_icons! Zeichne Text.
2025-04-14 12:58:11 - WARNING - __main__ - Slot 1 (Sack Erde): KEIN Icon gefunden in item_icons! Zeichne Text.
2025-04-14 12:58:11 - WARNING - __main__ - Slot 2 (Weed Seeds): KEIN Icon gefunden in item_icons! Zeichne Text.
2025-04-14 12:58:11 - WARNING - __main__ - Slot 0 (Blumentopf): KEIN Icon gefunden in item_icons! Zeichne Text.
2025-04-14 12:58:11 - WARNING - __main__ - Slot 1 (Sack Erde): KEIN Icon gefunden in item_icons! Zeichne Text.
2025-04-14 12:58:11 - WARNING - __main__ - Slot 2 (Weed Seeds): KEIN Icon gefunden in item_icons! Zeichne Text.
2025-04-14 12:58:11 - WARNING - __main__ - Slot 0 (Blumentopf): KEIN Icon gefunden in item_icons! Zeichne Text.
2025-04-14 12:58:11 - WARNING - __main__ - Slot 1 (Sack Erde): KEIN Icon gefunden in item_icons! Zeichne Text.
2025-04-14 12:58:11 - WARNING - __main__ - Slot 2 (Weed Seeds): KEIN Icon gefunden in item_icons! Zeichne Text.
2025-04-14 12:58:11 - WARNING - __main__ - Slot 0 (Blumentopf): KEIN Icon gefunden in item_icons! Zeichne Text.
2025-04-14 12:58:11 - WARNING - __main__ - Slot 1 (Sack Erde): KEIN Icon gefunden in item_icons! Zeichne Text.
2025-04-14 12:58:11 - WARNING - __main__ - Slot 2 (Weed Seeds): KEIN Icon gefunden in item_icons! Zeichne Text.
2025-04-14 12:58:11 - WARNING - __main__ - Slot 0 (Blumentopf): KEIN Icon gefunden in item_icons! Zeichne Text.
2025-04-14 12:58:11 - WARNING - __main__ - Slot 1 (Sack Erde): KEIN Icon gefunden in item_icons! Zeichne Text.
2025-04-14 12:58:11 - WARNING - __main__ - Slot 2 (Weed Seeds): KEIN Icon gefunden in item_icons! Zeichne Text.
2025-04-14 12:58:11 - WARNING - __main__ - Slot 0 (Blumentopf): KEIN Icon gefunden in item_icons! Zeichne Text.
2025-04-14 12:58:11 - WARNING - __main__ - Slot 1 (Sack Erde): KEIN Icon gefunden in item_icons! Zeichne Text.
2025-04-14 12:58:11 - WARNING - __main__ - Slot 2 (Weed Seeds): KEIN Icon gefunden in item_icons! Zeichne Text.
2025-04-14 12:58:11 - WARNING - __main__ - Slot 0 (Blumentopf): KEIN Icon gefunden in item_icons! Zeichne Text.
2025-04-14 12:58:11 - WARNING - __main__ - Slot 1 (Sack Erde): KEIN Icon gefunden in item_icons! Zeichne Text.
2025-04-14 12:58:11 - WARNING - __main__ - Slot 2 (Weed Seeds): KEIN Icon gefunden in item_icons! Zeichne Text.
2025-04-14 12:58:12 - WARNING - __main__ - Slot 0 (Blumentopf): KEIN Icon gefunden in item_icons! Zeichne Text.
2025-04-14 12:58:12 - WARNING - __main__ - Slot 1 (Sack Erde): KEIN Icon gefunden in item_icons! Zeichne Text.
2025-04-14 12:58:12 - WARNING - __main__ - Slot 2 (Weed Seeds): KEIN Icon gefunden in item_icons! Zeichne Text.
2025-04-14 12:58:12 - WARNING - __main__ - Slot 0 (Blumentopf): KEIN Icon gefunden in item_icons! Zeichne Text.
2025-04-14 12:58:12 - WARNING - __main__ - Slot 1 (Sack Erde): KEIN Icon gefunden in item_icons! Zeichne Text.
2025-04-14 12:58:12 - WARNING - __main__ - Slot 2 (Weed Seeds): KEIN Icon gefunden in item_icons! Zeichne Text.
2025-04-14 12:58:12 - WARNING - __main__ - Slot 0 (Blumentopf): KEIN Icon gefunden in item_icons! Zeichne Text.
2025-04-14 12:58:12 - WARNING - __main__ - Slot 1 (Sack Erde): KEIN Icon gefunden in item_icons! Zeichne Text.
2025-04-14 12:58:12 - WARNING - __main__ - Slot 2 (Weed Seeds): KEIN Icon gefunden in item_icons! Zeichne Text.
2025-04-14 12:58:12 - WARNING - __main__ - Slot 0 (Blumentopf): KEIN Icon gefunden in item_icons! Zeichne Text.
2025-04-14 12:58:12 - WARNING - __main__ - Slot 1 (Sack Erde): KEIN Icon gefunden in item_icons! Zeichne Text.
2025-04-14 12:58:12 - WARNING - __main__ - Slot 2 (Weed Seeds): KEIN Icon gefunden in item_icons! Zeichne Text.
2025-04-14 12:58:12 - WARNING - __main__ - Slot 0 (Blumentopf): KEIN Icon gefunden in item_icons! Zeichne Text.
2025-04-14 12:58:12 - WARNING - __main__ - Slot 1 (Sack Erde): KEIN Icon gefunden in item_icons! Zeichne Text.
2025-04-14 12:58:12 - WARNING - __main__ - Slot 2 (Weed Seeds): KEIN Icon gefunden in item_icons! Zeichne Text.
2025-04-14 12:58:12 - WARNING - __main__ - Slot 0 (Blumentopf): KEIN Icon gefunden in item_icons! Zeichne Text.
2025-04-14 12:58:12 - WARNING - __main__ - Slot 1 (Sack Erde): KEIN Icon gefunden in item_icons! Zeichne Text.
2025-04-14 12:58:12 - WARNING - __main__ - Slot 2 (Weed Seeds): KEIN Icon gefunden in item_icons! Zeichne Text.
2025-04-14 12:58:12 - WARNING - __main__ - Slot 0 (Blumentopf): KEIN Icon gefunden in item_icons! Zeichne Text.
2025-04-14 12:58:12 - WARNING - __main__ - Slot 1 (Sack Erde): KEIN Icon gefunden in item_icons! Zeichne Text.
2025-04-14 12:58:12 - WARNING - __main__ - Slot 2 (Weed Seeds): KEIN Icon gefunden in item_icons! Zeichne Text.
2025-04-14 12:58:12 - WARNING - __main__ - Slot 0 (Blumentopf): KEIN Icon gefunden in item_icons! Zeichne Text.
2025-04-14 12:58:12 - WARNING - __main__ - Slot 1 (Sack Erde): KEIN Icon gefunden in item_icons! Zeichne Text.
2025-04-14 12:58:12 - WARNING - __main__ - Slot 2 (Weed Seeds): KEIN Icon gefunden in item_icons! Zeichne Text.
2025-04-14 12:58:12 - WARNING - __main__ - Slot 0 (Blumentopf): KEIN Icon gefunden in item_icons! Zeichne Text.
2025-04-14 12:58:12 - WARNING - __main__ - Slot 1 (Sack Erde): KEIN Icon gefunden in item_icons! Zeichne Text.
2025-04-14 12:58:12 - WARNING - __main__ - Slot 2 (Weed Seeds): KEIN Icon gefunden in item_icons! Zeichne Text.
2025-04-14 12:58:12 - WARNING - __main__ - Slot 0 (Blumentopf): KEIN Icon gefunden in item_icons! Zeichne Text.
2025-04-14 12:58:12 - WARNING - __main__ - Slot 1 (Sack Erde): KEIN Icon gefunden in item_icons! Zeichne Text.
2025-04-14 12:58:12 - WARNING - __main__ - Slot 2 (Weed Seeds): KEIN Icon gefunden in item_icons! Zeichne Text.
2025-04-14 12:58:12 - WARNING - __main__ - Slot 0 (Blumentopf): KEIN Icon gefunden in item_icons! Zeichne Text.
2025-04-14 12:58:12 - WARNING - __main__ - Slot 1 (Sack Erde): KEIN Icon gefunden in item_icons! Zeichne Text.
2025-04-14 12:58:12 - WARNING - __main__ - Slot 2 (Weed Seeds): KEIN Icon gefunden in item_icons! Zeichne Text.
2025-04-14 12:58:12 - WARNING - __main__ - Slot 0 (Blumentopf): KEIN Icon gefunden in item_icons! Zeichne Text.
2025-04-14 12:58:12 - WARNING - __main__ - Slot 1 (Sack Erde): KEIN Icon gefunden in item_icons! Zeichne Text.
2025-04-14 12:58:12 - WARNING - __main__ - Slot 2 (Weed Seeds): KEIN Icon gefunden in item_icons! Zeichne Text.
2025-04-14 12:58:12 - WARNING - __main__ - Slot 0 (Blumentopf): KEIN Icon gefunden in item_icons! Zeichne Text.
2025-04-14 12:58:12 - WARNING - __main__ - Slot 1 (Sack Erde): KEIN Icon gefunden in item_icons! Zeichne Text.
2025-04-14 12:58:12 - WARNING - __main__ - Slot 2 (Weed Seeds): KEIN Icon gefunden in item_icons! Zeichne Text.
2025-04-14 12:58:12 - WARNING - __main__ - Slot 0 (Blumentopf): KEIN Icon gefunden in item_icons! Zeichne Text.
2025-04-14 12:58:12 - WARNING - __main__ - Slot 1 (Sack Erde): KEIN Icon gefunden in item_icons! Zeichne Text.
2025-04-14 12:58:12 - WARNING - __main__ - Slot 2 (Weed Seeds): KEIN Icon gefunden in item_icons! Zeichne Text.
2025-04-14 12:58:12 - WARNING - __main__ - Slot 0 (Blumentopf): KEIN Icon gefunden in item_icons! Zeichne Text.
2025-04-14 12:58:12 - WARNING - __main__ - Slot 1 (Sack Erde): KEIN Icon gefunden in item_icons! Zeichne Text.
2025-04-14 12:58:12 - WARNING - __main__ - Slot 2 (Weed Seeds): KEIN Icon gefunden in item_icons! Zeichne Text.
2025-04-14 12:58:12 - WARNING - __main__ - Slot 0 (Blumentopf): KEIN Icon gefunden in item_icons! Zeichne Text.
2025-04-14 12:58:12 - WARNING - __main__ - Slot 1 (Sack Erde): KEIN Icon gefunden in item_icons! Zeichne Text.
2025-04-14 12:58:12 - WARNING - __main__ - Slot 2 (Weed Seeds): KEIN Icon gefunden in item_icons! Zeichne Text.
2025-04-14 12:58:12 - WARNING - __main__ - Slot 0 (Blumentopf): KEIN Icon gefunden in item_icons! Zeichne Text.
2025-04-14 12:58:12 - WARNING - __main__ - Slot 1 (Sack Erde): KEIN Icon gefunden in item_icons! Zeichne Text.
2025-04-14 12:58:12 - WARNING - __main__ - Slot 2 (Weed Seeds): KEIN Icon gefunden in item_icons! Zeichne Text.
2025-04-14 12:58:12 - WARNING - __main__ - Slot 0 (Blumentopf): KEIN Icon gefunden in item_icons! Zeichne Text.
2025-04-14 12:58:12 - WARNING - __main__ - Slot 1 (Sack Erde): KEIN Icon gefunden in item_icons! Zeichne Text.
2025-04-14 12:58:12 - WARNING - __main__ - Slot 2 (Weed Seeds): KEIN Icon gefunden in item_icons! Zeichne Text.
2025-04-14 12:58:12 - WARNING - __main__ - Slot 0 (Blumentopf): KEIN Icon gefunden in item_icons! Zeichne Text.
2025-04-14 12:58:12 - WARNING - __main__ - Slot 1 (Sack Erde): KEIN Icon gefunden in item_icons! Zeichne Text.
2025-04-14 12:58:12 - WARNING - __main__ - Slot 2 (Weed Seeds): KEIN Icon gefunden in item_icons! Zeichne Text.
2025-04-14 12:58:12 - WARNING - __main__ - Slot 0 (Blumentopf): KEIN Icon gefunden in item_icons! Zeichne Text.
2025-04-14 12:58:12 - WARNING - __main__ - Slot 1 (Sack Erde): KEIN Icon gefunden in item_icons! Zeichne Text.
2025-04-14 12:58:12 - WARNING - __main__ - Slot 2 (Weed Seeds): KEIN Icon gefunden in item_icons! Zeichne Text.
2025-04-14 12:58:12 - WARNING - __main__ - Slot 0 (Blumentopf): KEIN Icon gefunden in item_icons! Zeichne Text.
2025-04-14 12:58:12 - WARNING - __main__ - Slot 1 (Sack Erde): KEIN Icon gefunden in item_icons! Zeichne Text.
2025-04-14 12:58:12 - WARNING - __main__ - Slot 2 (Weed Seeds): KEIN Icon gefunden in item_icons! Zeichne Text.
2025-04-14 12:58:12 - WARNING - __main__ - Slot 0 (Blumentopf): KEIN Icon gefunden in item_icons! Zeichne Text.
2025-04-14 12:58:12 - WARNING - __main__ - Slot 1 (Sack Erde): KEIN Icon gefunden in item_icons! Zeichne Text.
2025-04-14 12:58:12 - WARNING - __main__ - Slot 2 (Weed Seeds): KEIN Icon gefunden in item_icons! Zeichne Text.
2025-04-14 12:58:12 - WARNING - __main__ - Slot 0 (Blumentopf): KEIN Icon gefunden in item_icons! Zeichne Text.
2025-04-14 12:58:12 - WARNING - __main__ - Slot 1 (Sack Erde): KEIN Icon gefunden in item_icons! Zeichne Text.
2025-04-14 12:58:12 - WARNING - __main__ - Slot 2 (Weed Seeds): KEIN Icon gefunden in item_icons! Zeichne Text.
2025-04-14 12:58:12 - WARNING - __main__ - Slot 0 (Blumentopf): KEIN Icon gefunden in item_icons! Zeichne Text.
2025-04-14 12:58:12 - WARNING - __main__ - Slot 1 (Sack Erde): KEIN Icon gefunden in item_icons! Zeichne Text.
2025-04-14 12:58:12 - WARNING - __main__ - Slot 2 (Weed Seeds): KEIN Icon gefunden in item_icons! Zeichne Text.
2025-04-14 12:58:12 - WARNING - __main__ - Slot 0 (Blumentopf): KEIN Icon gefunden in item_icons! Zeichne Text.
2025-04-14 12:58:12 - WARNING - __main__ - Slot 1 (Sack Erde): KEIN Icon gefunden in item_icons! Zeichne Text.
2025-04-14 12:58:12 - WARNING - __main__ - Slot 2 (Weed Seeds): KEIN Icon gefunden in item_icons! Zeichne Text.
2025-04-14 12:58:12 - WARNING - __main__ - Slot 0 (Blumentopf): KEIN Icon gefunden in item_icons! Zeichne Text.
2025-04-14 12:58:12 - WARNING - __main__ - Slot 1 (Sack Erde): KEIN Icon gefunden in item_icons! Zeichne Text.
2025-04-14 12:58:12 - WARNING - __main__ - Slot 2 (Weed Seeds): KEIN Icon gefunden in item_icons! Zeichne Text.
2025-04-14 12:58:12 - WARNING - __main__ - Slot 0 (Blumentopf): KEIN Icon gefunden in item_icons! Zeichne Text.
2025-04-14 12:58:12 - WARNING - __main__ - Slot 1 (Sack Erde): KEIN Icon gefunden in item_icons! Zeichne Text.
2025-04-14 12:58:12 - WARNING - __main__ - Slot 2 (Weed Seeds): KEIN Icon gefunden in item_icons! Zeichne Text.
2025-04-14 12:58:12 - WARNING - __main__ - Slot 0 (Blumentopf): KEIN Icon gefunden in item_icons! Zeichne Text.
2025-04-14 12:58:12 - WARNING - __main__ - Slot 1 (Sack Erde): KEIN Icon gefunden in item_icons! Zeichne Text.
2025-04-14 12:58:12 - WARNING - __main__ - Slot 2 (Weed Seeds): KEIN Icon gefunden in item_icons! Zeichne Text.
2025-04-14 12:58:12 - WARNING - __main__ - Slot 0 (Blumentopf): KEIN Icon gefunden in item_icons! Zeichne Text.
2025-04-14 12:58:12 - WARNING - __main__ - Slot 1 (Sack Erde): KEIN Icon gefunden in item_icons! Zeichne Text.
2025-04-14 12:58:12 - WARNING - __main__ - Slot 2 (Weed Seeds): KEIN Icon gefunden in item_icons! Zeichne Text.
2025-04-14 12:58:12 - WARNING - __main__ - Slot 0 (Blumentopf): KEIN Icon gefunden in item_icons! Zeichne Text.
2025-04-14 12:58:12 - WARNING - __main__ - Slot 1 (Sack Erde): KEIN Icon gefunden in item_icons! Zeichne Text.
2025-04-14 12:58:12 - WARNING - __main__ - Slot 2 (Weed Seeds): KEIN Icon gefunden in item_icons! Zeichne Text.
2025-04-14 12:58:12 - WARNING - __main__ - Slot 0 (Blumentopf): KEIN Icon gefunden in item_icons! Zeichne Text.
2025-04-14 12:58:12 - WARNING - __main__ - Slot 1 (Sack Erde): KEIN Icon gefunden in item_icons! Zeichne Text.
2025-04-14 12:58:12 - WARNING - __main__ - Slot 2 (Weed Seeds): KEIN Icon gefunden in item_icons! Zeichne Text.
2025-04-14 12:58:12 - WARNING - __main__ - Slot 0 (Blumentopf): KEIN Icon gefunden in item_icons! Zeichne Text.
2025-04-14 12:58:12 - WARNING - __main__ - Slot 1 (Sack Erde): KEIN Icon gefunden in item_icons! Zeichne Text.
2025-04-14 12:58:12 - WARNING - __main__ - Slot 2 (Weed Seeds): KEIN Icon gefunden in item_icons! Zeichne Text.
2025-04-14 12:58:12 - WARNING - __main__ - Slot 0 (Blumentopf): KEIN Icon gefunden in item_icons! Zeichne Text.
2025-04-14 12:58:12 - WARNING - __main__ - Slot 1 (Sack Erde): KEIN Icon gefunden in item_icons! Zeichne Text.
2025-04-14 12:58:12 - WARNING - __main__ - Slot 2 (Weed Seeds): KEIN Icon gefunden in item_icons! Zeichne Text.
2025-04-14 12:58:12 - WARNING - __main__ - Slot 0 (Blumentopf): KEIN Icon gefunden in item_icons! Zeichne Text.
2025-04-14 12:58:12 - WARNING - __main__ - Slot 1 (Sack Erde): KEIN Icon gefunden in item_icons! Zeichne Text.
2025-04-14 12:58:12 - WARNING - __main__ - Slot 2 (Weed Seeds): KEIN Icon gefunden in item_icons! Zeichne Text.
2025-04-14 12:58:12 - WARNING - __main__ - Slot 0 (Blumentopf): KEIN Icon gefunden in item_icons! Zeichne Text.
2025-04-14 12:58:12 - WARNING - __main__ - Slot 1 (Sack Erde): KEIN Icon gefunden in item_icons! Zeichne Text.
2025-04-14 12:58:12 - WARNING - __main__ - Slot 2 (Weed Seeds): KEIN Icon gefunden in item_icons! Zeichne Text.
2025-04-14 12:58:12 - WARNING - __main__ - Slot 0 (Blumentopf): KEIN Icon gefunden in item_icons! Zeichne Text.
2025-04-14 12:58:12 - WARNING - __main__ - Slot 1 (Sack Erde): KEIN Icon gefunden in item_icons! Zeichne Text.
2025-04-14 12:58:12 - WARNING - __main__ - Slot 2 (Weed Seeds): KEIN Icon gefunden in item_icons! Zeichne Text.
2025-04-14 12:58:12 - WARNING - __main__ - Slot 0 (Blumentopf): KEIN Icon gefunden in item_icons! Zeichne Text.
2025-04-14 12:58:12 - WARNING - __main__ - Slot 1 (Sack Erde): KEIN Icon gefunden in item_icons! Zeichne Text.
2025-04-14 12:58:12 - WARNING - __main__ - Slot 2 (Weed Seeds): KEIN Icon gefunden in item_icons! Zeichne Text.
2025-04-14 12:58:12 - WARNING - __main__ - Slot 0 (Blumentopf): KEIN Icon gefunden in item_icons! Zeichne Text.
2025-04-14 12:58:12 - WARNING - __main__ - Slot 1 (Sack Erde): KEIN Icon gefunden in item_icons! Zeichne Text.
2025-04-14 12:58:12 - WARNING - __main__ - Slot 2 (Weed Seeds): KEIN Icon gefunden in item_icons! Zeichne Text.
2025-04-14 12:58:12 - WARNING - __main__ - Slot 0 (Blumentopf): KEIN Icon gefunden in item_icons! Zeichne Text.
2025-04-14 12:58:12 - WARNING - __main__ - Slot 1 (Sack Erde): KEIN Icon gefunden in item_icons! Zeichne Text.
2025-04-14 12:58:12 - WARNING - __main__ - Slot 2 (Weed Seeds): KEIN Icon gefunden in item_icons! Zeichne Text.
2025-04-14 12:58:12 - WARNING - __main__ - Slot 0 (Blumentopf): KEIN Icon gefunden in item_icons! Zeichne Text.
2025-04-14 12:58:12 - WARNING - __main__ - Slot 1 (Sack Erde): KEIN Icon gefunden in item_icons! Zeichne Text.
2025-04-14 12:58:12 - WARNING - __main__ - Slot 2 (Weed Seeds): KEIN Icon gefunden in item_icons! Zeichne Text.
2025-04-14 12:58:12 - WARNING - __main__ - Slot 0 (Blumentopf): KEIN Icon gefunden in item_icons! Zeichne Text.
2025-04-14 12:58:12 - WARNING - __main__ - Slot 1 (Sack Erde): KEIN Icon gefunden in item_icons! Zeichne Text.
2025-04-14 12:58:12 - WARNING - __main__ - Slot 2 (Weed Seeds): KEIN Icon gefunden in item_icons! Zeichne Text.
2025-04-14 12:58:12 - WARNING - __main__ - Slot 0 (Blumentopf): KEIN Icon gefunden in item_icons! Zeichne Text.
2025-04-14 12:58:12 - WARNING - __main__ - Slot 1 (Sack Erde): KEIN Icon gefunden in item_icons! Zeichne Text.
2025-04-14 12:58:12 - WARNING - __main__ - Slot 2 (Weed Seeds): KEIN Icon gefunden in item_icons! Zeichne Text.
2025-04-14 12:58:12 - WARNING - __main__ - Slot 0 (Blumentopf): KEIN Icon gefunden in item_icons! Zeichne Text.
2025-04-14 12:58:12 - WARNING - __main__ - Slot 1 (Sack Erde): KEIN Icon gefunden in item_icons! Zeichne Text.
2025-04-14 12:58:12 - WARNING - __main__ - Slot 2 (Weed Seeds): KEIN Icon gefunden in item_icons! Zeichne Text.
2025-04-14 12:58:12 - WARNING - __main__ - Slot 0 (Blumentopf): KEIN Icon gefunden in item_icons! Zeichne Text.
2025-04-14 12:58:12 - WARNING - __main__ - Slot 1 (Sack Erde): KEIN Icon gefunden in item_icons! Zeichne Text.
2025-04-14 12:58:12 - WARNING - __main__ - Slot 2 (Weed Seeds): KEIN Icon gefunden in item_icons! Zeichne Text.
2025-04-14 12:58:12 - WARNING - __main__ - Slot 0 (Blumentopf): KEIN Icon gefunden in item_icons! Zeichne Text.
2025-04-14 12:58:12 - WARNING - __main__ - Slot 1 (Sack Erde): KEIN Icon gefunden in item_icons! Zeichne Text.
2025-04-14 12:58:12 - WARNING - __main__ - Slot 2 (Weed Seeds): KEIN Icon gefunden in item_icons! Zeichne Text.
2025-04-14 12:58:12 - WARNING - __main__ - Slot 0 (Blumentopf): KEIN Icon gefunden in item_icons! Zeichne Text.
2025-04-14 12:58:12 - WARNING - __main__ - Slot 1 (Sack Erde): KEIN Icon gefunden in item_icons! Zeichne Text.
2025-04-14 12:58:12 - WARNING - __main__ - Slot 2 (Weed Seeds): KEIN Icon gefunden in item_icons! Zeichne Text.
2025-04-14 12:58:12 - WARNING - __main__ - Slot 0 (Blumentopf): KEIN Icon gefunden in item_icons! Zeichne Text.
2025-04-14 12:58:12 - WARNING - __main__ - Slot 1 (Sack Erde): KEIN Icon gefunden in item_icons! Zeichne Text.
2025-04-14 12:58:12 - WARNING - __main__ - Slot 2 (Weed Seeds): KEIN Icon gefunden in item_icons! Zeichne Text.
2025-04-14 12:58:12 - WARNING - __main__ - Slot 0 (Blumentopf): KEIN Icon gefunden in item_icons! Zeichne Text.
2025-04-14 12:58:12 - WARNING - __main__ - Slot 1 (Sack Erde): KEIN Icon gefunden in item_icons! Zeichne Text.
2025-04-14 12:58:12 - WARNING - __main__ - Slot 2 (Weed Seeds): KEIN Icon gefunden in item_icons! Zeichne Text.
2025-04-14 12:58:12 - WARNING - __main__ - Slot 0 (Blumentopf): KEIN Icon gefunden in item_icons! Zeichne Text.
2025-04-14 12:58:12 - WARNING - __main__ - Slot 1 (Sack Erde): KEIN Icon gefunden in item_icons! Zeichne Text.
2025-04-14 12:58:12 - WARNING - __main__ - Slot 2 (Weed Seeds): KEIN Icon gefunden in item_icons! Zeichne Text.
2025-04-14 12:58:12 - WARNING - __main__ - Slot 0 (Blumentopf): KEIN Icon gefunden in item_icons! Zeichne Text.
2025-04-14 12:58:12 - WARNING - __main__ - Slot 1 (Sack Erde): KEIN Icon gefunden in item_icons! Zeichne Text.
2025-04-14 12:58:12 - WARNING - __main__ - Slot 2 (Weed Seeds): KEIN Icon gefunden in item_icons! Zeichne Text.
2025-04-14 12:58:12 - WARNING - __main__ - Slot 0 (Blumentopf): KEIN Icon gefunden in item_icons! Zeichne Text.
2025-04-14 12:58:12 - WARNING - __main__ - Slot 1 (Sack Erde): KEIN Icon gefunden in item_icons! Zeichne Text.
2025-04-14 12:58:12 - WARNING - __main__ - Slot 2 (Weed Seeds): KEIN Icon gefunden in item_icons! Zeichne Text.
2025-04-14 12:58:12 - WARNING - __main__ - Slot 0 (Blumentopf): KEIN Icon gefunden in item_icons! Zeichne Text.
2025-04-14 12:58:12 - WARNING - __main__ - Slot 1 (Sack Erde): KEIN Icon gefunden in item_icons! Zeichne Text.
2025-04-14 12:58:12 - WARNING - __main__ - Slot 2 (Weed Seeds): KEIN Icon gefunden in item_icons! Zeichne Text.
2025-04-14 12:58:12 - WARNING - __main__ - Slot 0 (Blumentopf): KEIN Icon gefunden in item_icons! Zeichne Text.
2025-04-14 12:58:12 - WARNING - __main__ - Slot 1 (Sack Erde): KEIN Icon gefunden in item_icons! Zeichne Text.
2025-04-14 12:58:12 - WARNING - __main__ - Slot 2 (Weed Seeds): KEIN Icon gefunden in item_icons! Zeichne Text.
2025-04-14 12:58:12 - WARNING - __main__ - Slot 0 (Blumentopf): KEIN Icon gefunden in item_icons! Zeichne Text.
2025-04-14 12:58:12 - WARNING - __main__ - Slot 1 (Sack Erde): KEIN Icon gefunden in item_icons! Zeichne Text.
2025-04-14 12:58:12 - WARNING - __main__ - Slot 2 (Weed Seeds): KEIN Icon gefunden in item_icons! Zeichne Text.
2025-04-14 12:58:12 - WARNING - __main__ - Slot 0 (Blumentopf): KEIN Icon gefunden in item_icons! Zeichne Text.
2025-04-14 12:58:12 - WARNING - __main__ - Slot 1 (Sack Erde): KEIN Icon gefunden in item_icons! Zeichne Text.
2025-04-14 12:58:12 - WARNING - __main__ - Slot 2 (Weed Seeds): KEIN Icon gefunden in item_icons! Zeichne Text.
2025-04-14 12:58:12 - WARNING - __main__ - Slot 0 (Blumentopf): KEIN Icon gefunden in item_icons! Zeichne Text.
2025-04-14 12:58:12 - WARNING - __main__ - Slot 1 (Sack Erde): KEIN Icon gefunden in item_icons! Zeichne Text.
2025-04-14 12:58:12 - WARNING - __main__ - Slot 2 (Weed Seeds): KEIN Icon gefunden in item_icons! Zeichne Text.
2025-04-14 12:58:12 - WARNING - __main__ - Slot 0 (Blumentopf): KEIN Icon gefunden in item_icons! Zeichne Text.
2025-04-14 12:58:12 - WARNING - __main__ - Slot 1 (Sack Erde): KEIN Icon gefunden in item_icons! Zeichne Text.
2025-04-14 12:58:12 - WARNING - __main__ - Slot 2 (Weed Seeds): KEIN Icon gefunden in item_icons! Zeichne Text.
2025-04-14 12:58:12 - WARNING - __main__ - Slot 0 (Blumentopf): KEIN Icon gefunden in item_icons! Zeichne Text.
2025-04-14 12:58:12 - WARNING - __main__ - Slot 1 (Sack Erde): KEIN Icon gefunden in item_icons! Zeichne Text.
2025-04-14 12:58:12 - WARNING - __main__ - Slot 2 (Weed Seeds): KEIN Icon gefunden in item_icons! Zeichne Text.
2025-04-14 12:58:12 - WARNING - __main__ - Slot 0 (Blumentopf): KEIN Icon gefunden in item_icons! Zeichne Text.
2025-04-14 12:58:12 - WARNING - __main__ - Slot 1 (Sack Erde): KEIN Icon gefunden in item_icons! Zeichne Text.
2025-04-14 12:58:12 - WARNING - __main__ - Slot 2 (Weed Seeds): KEIN Icon gefunden in item_icons! Zeichne Text.
2025-04-14 12:58:13 - WARNING - __main__ - Slot 0 (Blumentopf): KEIN Icon gefunden in item_icons! Zeichne Text.
2025-04-14 12:58:13 - WARNING - __main__ - Slot 1 (Sack Erde): KEIN Icon gefunden in item_icons! Zeichne Text.
2025-04-14 12:58:13 - WARNING - __main__ - Slot 2 (Weed Seeds): KEIN Icon gefunden in item_icons! Zeichne Text.
2025-04-14 12:58:13 - WARNING - __main__ - Slot 0 (Blumentopf): KEIN Icon gefunden in item_icons! Zeichne Text.
2025-04-14 12:58:13 - WARNING - __main__ - Slot 1 (Sack Erde): KEIN Icon gefunden in item_icons! Zeichne Text.
2025-04-14 12:58:13 - WARNING - __main__ - Slot 2 (Weed Seeds): KEIN Icon gefunden in item_icons! Zeichne Text.
2025-04-14 12:58:13 - WARNING - __main__ - Slot 0 (Blumentopf): KEIN Icon gefunden in item_icons! Zeichne Text.
2025-04-14 12:58:13 - WARNING - __main__ - Slot 1 (Sack Erde): KEIN Icon gefunden in item_icons! Zeichne Text.
2025-04-14 12:58:13 - WARNING - __main__ - Slot 2 (Weed Seeds): KEIN Icon gefunden in item_icons! Zeichne Text.
2025-04-14 12:58:13 - WARNING - __main__ - Slot 0 (Blumentopf): KEIN Icon gefunden in item_icons! Zeichne Text.
2025-04-14 12:58:13 - WARNING - __main__ - Slot 1 (Sack Erde): KEIN Icon gefunden in item_icons! Zeichne Text.
2025-04-14 12:58:13 - WARNING - __main__ - Slot 2 (Weed Seeds): KEIN Icon gefunden in item_icons! Zeichne Text.
2025-04-14 12:58:13 - WARNING - __main__ - Slot 0 (Blumentopf): KEIN Icon gefunden in item_icons! Zeichne Text.
2025-04-14 12:58:13 - WARNING - __main__ - Slot 1 (Sack Erde): KEIN Icon gefunden in item_icons! Zeichne Text.
2025-04-14 12:58:13 - WARNING - __main__ - Slot 2 (Weed Seeds): KEIN Icon gefunden in item_icons! Zeichne Text.
2025-04-14 12:58:13 - WARNING - __main__ - Slot 0 (Blumentopf): KEIN Icon gefunden in item_icons! Zeichne Text.
2025-04-14 12:58:13 - WARNING - __main__ - Slot 1 (Sack Erde): KEIN Icon gefunden in item_icons! Zeichne Text.
2025-04-14 12:58:13 - WARNING - __main__ - Slot 2 (Weed Seeds): KEIN Icon gefunden in item_icons! Zeichne Text.
2025-04-14 12:58:13 - WARNING - __main__ - Slot 0 (Blumentopf): KEIN Icon gefunden in item_icons! Zeichne Text.
2025-04-14 12:58:13 - WARNING - __main__ - Slot 1 (Sack Erde): KEIN Icon gefunden in item_icons! Zeichne Text.
2025-04-14 12:58:13 - WARNING - __main__ - Slot 2 (Weed Seeds): KEIN Icon gefunden in item_icons! Zeichne Text.
2025-04-14 12:58:13 - WARNING - __main__ - Slot 0 (Blumentopf): KEIN Icon gefunden in item_icons! Zeichne Text.
2025-04-14 12:58:13 - WARNING - __main__ - Slot 1 (Sack Erde): KEIN Icon gefunden in item_icons! Zeichne Text.
2025-04-14 12:58:13 - WARNING - __main__ - Slot 2 (Weed Seeds): KEIN Icon gefunden in item_icons! Zeichne Text.
2025-04-14 12:58:13 - WARNING - __main__ - Slot 0 (Blumentopf): KEIN Icon gefunden in item_icons! Zeichne Text.
2025-04-14 12:58:13 - WARNING - __main__ - Slot 1 (Sack Erde): KEIN Icon gefunden in item_icons! Zeichne Text.
2025-04-14 12:58:13 - WARNING - __main__ - Slot 2 (Weed Seeds): KEIN Icon gefunden in item_icons! Zeichne Text.
2025-04-14 12:58:13 - WARNING - __main__ - Slot 0 (Blumentopf): KEIN Icon gefunden in item_icons! Zeichne Text.
2025-04-14 12:58:13 - WARNING - __main__ - Slot 1 (Sack Erde): KEIN Icon gefunden in item_icons! Zeichne Text.
2025-04-14 12:58:13 - WARNING - __main__ - Slot 2 (Weed Seeds): KEIN Icon gefunden in item_icons! Zeichne Text.
2025-04-14 12:58:13 - WARNING - __main__ - Slot 0 (Blumentopf): KEIN Icon gefunden in item_icons! Zeichne Text.
2025-04-14 12:58:13 - WARNING - __main__ - Slot 1 (Sack Erde): KEIN Icon gefunden in item_icons! Zeichne Text.
2025-04-14 12:58:13 - WARNING - __main__ - Slot 2 (Weed Seeds): KEIN Icon gefunden in item_icons! Zeichne Text.
2025-04-14 12:58:13 - WARNING - __main__ - Slot 0 (Blumentopf): KEIN Icon gefunden in item_icons! Zeichne Text.
2025-04-14 12:58:13 - WARNING - __main__ - Slot 1 (Sack Erde): KEIN Icon gefunden in item_icons! Zeichne Text.
2025-04-14 12:58:13 - WARNING - __main__ - Slot 2 (Weed Seeds): KEIN Icon gefunden in item_icons! Zeichne Text.
2025-04-14 12:58:13 - WARNING - __main__ - Slot 0 (Blumentopf): KEIN Icon gefunden in item_icons! Zeichne Text.
2025-04-14 12:58:13 - WARNING - __main__ - Slot 1 (Sack Erde): KEIN Icon gefunden in item_icons! Zeichne Text.
2025-04-14 12:58:13 - WARNING - __main__ - Slot 2 (Weed Seeds): KEIN Icon gefunden in item_icons! Zeichne Text.
2025-04-14 12:58:13 - WARNING - __main__ - Slot 0 (Blumentopf): KEIN Icon gefunden in item_icons! Zeichne Text.
2025-04-14 12:58:13 - WARNING - __main__ - Slot 1 (Sack Erde): KEIN Icon gefunden in item_icons! Zeichne Text.
2025-04-14 12:58:13 - WARNING - __main__ - Slot 2 (Weed Seeds): KEIN Icon gefunden in item_icons! Zeichne Text.
2025-04-14 12:58:13 - WARNING - __main__ - Slot 0 (Blumentopf): KEIN Icon gefunden in item_icons! Zeichne Text.
2025-04-14 12:58:13 - WARNING - __main__ - Slot 1 (Sack Erde): KEIN Icon gefunden in item_icons! Zeichne Text.
2025-04-14 12:58:13 - WARNING - __main__ - Slot 2 (Weed Seeds): KEIN Icon gefunden in item_icons! Zeichne Text.
2025-04-14 12:58:13 - WARNING - __main__ - Slot 0 (Blumentopf): KEIN Icon gefunden in item_icons! Zeichne Text.
2025-04-14 12:58:13 - WARNING - __main__ - Slot 1 (Sack Erde): KEIN Icon gefunden in item_icons! Zeichne Text.
2025-04-14 12:58:13 - WARNING - __main__ - Slot 2 (Weed Seeds): KEIN Icon gefunden in item_icons! Zeichne Text.
2025-04-14 12:58:13 - WARNING - __main__ - Slot 0 (Blumentopf): KEIN Icon gefunden in item_icons! Zeichne Text.
2025-04-14 12:58:13 - WARNING - __main__ - Slot 1 (Sack Erde): KEIN Icon gefunden in item_icons! Zeichne Text.
2025-04-14 12:58:13 - WARNING - __main__ - Slot 2 (Weed Seeds): KEIN Icon gefunden in item_icons! Zeichne Text.
2025-04-14 12:58:13 - WARNING - __main__ - Slot 0 (Blumentopf): KEIN Icon gefunden in item_icons! Zeichne Text.
2025-04-14 12:58:13 - WARNING - __main__ - Slot 1 (Sack Erde): KEIN Icon gefunden in item_icons! Zeichne Text.
2025-04-14 12:58:13 - WARNING - __main__ - Slot 2 (Weed Seeds): KEIN Icon gefunden in item_icons! Zeichne Text.
2025-04-14 12:58:13 - WARNING - __main__ - Slot 0 (Blumentopf): KEIN Icon gefunden in item_icons! Zeichne Text.
2025-04-14 12:58:13 - WARNING - __main__ - Slot 1 (Sack Erde): KEIN Icon gefunden in item_icons! Zeichne Text.
2025-04-14 12:58:13 - WARNING - __main__ - Slot 2 (Weed Seeds): KEIN Icon gefunden in item_icons! Zeichne Text.
2025-04-14 12:58:13 - WARNING - __main__ - Slot 0 (Blumentopf): KEIN Icon gefunden in item_icons! Zeichne Text.
2025-04-14 12:58:13 - WARNING - __main__ - Slot 1 (Sack Erde): KEIN Icon gefunden in item_icons! Zeichne Text.
2025-04-14 12:58:13 - WARNING - __main__ - Slot 2 (Weed Seeds): KEIN Icon gefunden in item_icons! Zeichne Text.
2025-04-14 12:58:13 - WARNING - __main__ - Slot 0 (Blumentopf): KEIN Icon gefunden in item_icons! Zeichne Text.
2025-04-14 12:58:13 - WARNING - __main__ - Slot 1 (Sack Erde): KEIN Icon gefunden in item_icons! Zeichne Text.
2025-04-14 12:58:13 - WARNING - __main__ - Slot 2 (Weed Seeds): KEIN Icon gefunden in item_icons! Zeichne Text.
2025-04-14 12:58:13 - WARNING - __main__ - Slot 0 (Blumentopf): KEIN Icon gefunden in item_icons! Zeichne Text.
2025-04-14 12:58:13 - WARNING - __main__ - Slot 1 (Sack Erde): KEIN Icon gefunden in item_icons! Zeichne Text.
2025-04-14 12:58:13 - WARNING - __main__ - Slot 2 (Weed Seeds): KEIN Icon gefunden in item_icons! Zeichne Text.
2025-04-14 12:58:13 - WARNING - __main__ - Slot 0 (Blumentopf): KEIN Icon gefunden in item_icons! Zeichne Text.
2025-04-14 12:58:13 - WARNING - __main__ - Slot 1 (Sack Erde): KEIN Icon gefunden in item_icons! Zeichne Text.
2025-04-14 12:58:13 - WARNING - __main__ - Slot 2 (Weed Seeds): KEIN Icon gefunden in item_icons! Zeichne Text.
2025-04-14 12:58:13 - WARNING - __main__ - Slot 0 (Blumentopf): KEIN Icon gefunden in item_icons! Zeichne Text.
2025-04-14 12:58:13 - WARNING - __main__ - Slot 1 (Sack Erde): KEIN Icon gefunden in item_icons! Zeichne Text.
2025-04-14 12:58:13 - WARNING - __main__ - Slot 2 (Weed Seeds): KEIN Icon gefunden in item_icons! Zeichne Text.
2025-04-14 12:58:13 - WARNING - __main__ - Slot 0 (Blumentopf): KEIN Icon gefunden in item_icons! Zeichne Text.
2025-04-14 12:58:13 - WARNING - __main__ - Slot 1 (Sack Erde): KEIN Icon gefunden in item_icons! Zeichne Text.
2025-04-14 12:58:13 - WARNING - __main__ - Slot 2 (Weed Seeds): KEIN Icon gefunden in item_icons! Zeichne Text.
2025-04-14 12:58:13 - WARNING - __main__ - Slot 0 (Blumentopf): KEIN Icon gefunden in item_icons! Zeichne Text.
2025-04-14 12:58:13 - WARNING - __main__ - Slot 1 (Sack Erde): KEIN Icon gefunden in item_icons! Zeichne Text.
2025-04-14 12:58:13 - WARNING - __main__ - Slot 2 (Weed Seeds): KEIN Icon gefunden in item_icons! Zeichne Text.
2025-04-14 12:58:13 - WARNING - __main__ - Slot 0 (Blumentopf): KEIN Icon gefunden in item_icons! Zeichne Text.
2025-04-14 12:58:13 - WARNING - __main__ - Slot 1 (Sack Erde): KEIN Icon gefunden in item_icons! Zeichne Text.
2025-04-14 12:58:13 - WARNING - __main__ - Slot 2 (Weed Seeds): KEIN Icon gefunden in item_icons! Zeichne Text.
2025-04-14 12:58:13 - WARNING - __main__ - Slot 0 (Blumentopf): KEIN Icon gefunden in item_icons! Zeichne Text.
2025-04-14 12:58:13 - WARNING - __main__ - Slot 1 (Sack Erde): KEIN Icon gefunden in item_icons! Zeichne Text.
2025-04-14 12:58:13 - WARNING - __main__ - Slot 2 (Weed Seeds): KEIN Icon gefunden in item_icons! Zeichne Text.
2025-04-14 12:58:13 - WARNING - __main__ - Slot 0 (Blumentopf): KEIN Icon gefunden in item_icons! Zeichne Text.
2025-04-14 12:58:13 - WARNING - __main__ - Slot 1 (Sack Erde): KEIN Icon gefunden in item_icons! Zeichne Text.
2025-04-14 12:58:13 - WARNING - __main__ - Slot 2 (Weed Seeds): KEIN Icon gefunden in item_icons! Zeichne Text.
2025-04-14 12:58:13 - WARNING - __main__ - Slot 0 (Blumentopf): KEIN Icon gefunden in item_icons! Zeichne Text.
2025-04-14 12:58:13 - WARNING - __main__ - Slot 1 (Sack Erde): KEIN Icon gefunden in item_icons! Zeichne Text.
2025-04-14 12:58:13 - WARNING - __main__ - Slot 2 (Weed Seeds): KEIN Icon gefunden in item_icons! Zeichne Text.
2025-04-14 12:58:13 - WARNING - __main__ - Slot 0 (Blumentopf): KEIN Icon gefunden in item_icons! Zeichne Text.
2025-04-14 12:58:13 - WARNING - __main__ - Slot 1 (Sack Erde): KEIN Icon gefunden in item_icons! Zeichne Text.
2025-04-14 12:58:13 - WARNING - __main__ - Slot 2 (Weed Seeds): KEIN Icon gefunden in item_icons! Zeichne Text.
2025-04-14 12:58:13 - WARNING - __main__ - Slot 0 (Blumentopf): KEIN Icon gefunden in item_icons! Zeichne Text.
2025-04-14 12:58:13 - WARNING - __main__ - Slot 1 (Sack Erde): KEIN Icon gefunden in item_icons! Zeichne Text.
2025-04-14 12:58:13 - WARNING - __main__ - Slot 2 (Weed Seeds): KEIN Icon gefunden in item_icons! Zeichne Text.
2025-04-14 12:58:13 - WARNING - __main__ - Slot 0 (Blumentopf): KEIN Icon gefunden in item_icons! Zeichne Text.
2025-04-14 12:58:13 - WARNING - __main__ - Slot 1 (Sack Erde): KEIN Icon gefunden in item_icons! Zeichne Text.
2025-04-14 12:58:13 - WARNING - __main__ - Slot 2 (Weed Seeds): KEIN Icon gefunden in item_icons! Zeichne Text.
2025-04-14 12:58:13 - WARNING - __main__ - Slot 0 (Blumentopf): KEIN Icon gefunden in item_icons! Zeichne Text.
2025-04-14 12:58:13 - WARNING - __main__ - Slot 1 (Sack Erde): KEIN Icon gefunden in item_icons! Zeichne Text.
2025-04-14 12:58:13 - WARNING - __main__ - Slot 2 (Weed Seeds): KEIN Icon gefunden in item_icons! Zeichne Text.
2025-04-14 12:58:13 - WARNING - __main__ - Slot 0 (Blumentopf): KEIN Icon gefunden in item_icons! Zeichne Text.
2025-04-14 12:58:13 - WARNING - __main__ - Slot 1 (Sack Erde): KEIN Icon gefunden in item_icons! Zeichne Text.
2025-04-14 12:58:13 - WARNING - __main__ - Slot 2 (Weed Seeds): KEIN Icon gefunden in item_icons! Zeichne Text.
2025-04-14 12:58:13 - WARNING - __main__ - Slot 0 (Blumentopf): KEIN Icon gefunden in item_icons! Zeichne Text.
2025-04-14 12:58:13 - WARNING - __main__ - Slot 1 (Sack Erde): KEIN Icon gefunden in item_icons! Zeichne Text.
2025-04-14 12:58:13 - WARNING - __main__ - Slot 2 (Weed Seeds): KEIN Icon gefunden in item_icons! Zeichne Text.
2025-04-14 12:58:13 - WARNING - __main__ - Slot 0 (Blumentopf): KEIN Icon gefunden in item_icons! Zeichne Text.
2025-04-14 12:58:13 - WARNING - __main__ - Slot 1 (Sack Erde): KEIN Icon gefunden in item_icons! Zeichne Text.
2025-04-14 12:58:13 - WARNING - __main__ - Slot 2 (Weed Seeds): KEIN Icon gefunden in item_icons! Zeichne Text.
2025-04-14 12:58:13 - WARNING - __main__ - Slot 0 (Blumentopf): KEIN Icon gefunden in item_icons! Zeichne Text.
2025-04-14 12:58:13 - WARNING - __main__ - Slot 1 (Sack Erde): KEIN Icon gefunden in item_icons! Zeichne Text.
2025-04-14 12:58:13 - WARNING - __main__ - Slot 2 (Weed Seeds): KEIN Icon gefunden in item_icons! Zeichne Text.
2025-04-14 12:58:13 - WARNING - __main__ - Slot 0 (Blumentopf): KEIN Icon gefunden in item_icons! Zeichne Text.
2025-04-14 12:58:13 - WARNING - __main__ - Slot 1 (Sack Erde): KEIN Icon gefunden in item_icons! Zeichne Text.
2025-04-14 12:58:13 - WARNING - __main__ - Slot 2 (Weed Seeds): KEIN Icon gefunden in item_icons! Zeichne Text.
2025-04-14 12:58:13 - WARNING - __main__ - Slot 0 (Blumentopf): KEIN Icon gefunden in item_icons! Zeichne Text.
2025-04-14 12:58:13 - WARNING - __main__ - Slot 1 (Sack Erde): KEIN Icon gefunden in item_icons! Zeichne Text.
2025-04-14 12:58:13 - WARNING - __main__ - Slot 2 (Weed Seeds): KEIN Icon gefunden in item_icons! Zeichne Text.
2025-04-14 12:58:13 - WARNING - __main__ - Slot 0 (Blumentopf): KEIN Icon gefunden in item_icons! Zeichne Text.
2025-04-14 12:58:13 - WARNING - __main__ - Slot 1 (Sack Erde): KEIN Icon gefunden in item_icons! Zeichne Text.
2025-04-14 12:58:13 - WARNING - __main__ - Slot 2 (Weed Seeds): KEIN Icon gefunden in item_icons! Zeichne Text.
2025-04-14 12:58:13 - WARNING - __main__ - Slot 0 (Blumentopf): KEIN Icon gefunden in item_icons! Zeichne Text.
2025-04-14 12:58:13 - WARNING - __main__ - Slot 1 (Sack Erde): KEIN Icon gefunden in item_icons! Zeichne Text.
2025-04-14 12:58:13 - WARNING - __main__ - Slot 2 (Weed Seeds): KEIN Icon gefunden in item_icons! Zeichne Text.
2025-04-14 12:58:13 - WARNING - __main__ - Slot 0 (Blumentopf): KEIN Icon gefunden in item_icons! Zeichne Text.
2025-04-14 12:58:13 - WARNING - __main__ - Slot 1 (Sack Erde): KEIN Icon gefunden in item_icons! Zeichne Text.
2025-04-14 12:58:13 - WARNING - __main__ - Slot 2 (Weed Seeds): KEIN Icon gefunden in item_icons! Zeichne Text.
2025-04-14 12:58:13 - WARNING - __main__ - Slot 0 (Blumentopf): KEIN Icon gefunden in item_icons! Zeichne Text.
2025-04-14 12:58:13 - WARNING - __main__ - Slot 1 (Sack Erde): KEIN Icon gefunden in item_icons! Zeichne Text.
2025-04-14 12:58:13 - WARNING - __main__ - Slot 2 (Weed Seeds): KEIN Icon gefunden in item_icons! Zeichne Text.
2025-04-14 12:58:13 - WARNING - __main__ - Slot 0 (Blumentopf): KEIN Icon gefunden in item_icons! Zeichne Text.
2025-04-14 12:58:13 - WARNING - __main__ - Slot 1 (Sack Erde): KEIN Icon gefunden in item_icons! Zeichne Text.
2025-04-14 12:58:13 - WARNING - __main__ - Slot 2 (Weed Seeds): KEIN Icon gefunden in item_icons! Zeichne Text.
2025-04-14 12:58:13 - WARNING - __main__ - Slot 0 (Blumentopf): KEIN Icon gefunden in item_icons! Zeichne Text.
2025-04-14 12:58:13 - WARNING - __main__ - Slot 1 (Sack Erde): KEIN Icon gefunden in item_icons! Zeichne Text.
2025-04-14 12:58:13 - WARNING - __main__ - Slot 2 (Weed Seeds): KEIN Icon gefunden in item_icons! Zeichne Text.
2025-04-14 12:58:13 - WARNING - __main__ - Slot 0 (Blumentopf): KEIN Icon gefunden in item_icons! Zeichne Text.
2025-04-14 12:58:13 - WARNING - __main__ - Slot 1 (Sack Erde): KEIN Icon gefunden in item_icons! Zeichne Text.
2025-04-14 12:58:13 - WARNING - __main__ - Slot 2 (Weed Seeds): KEIN Icon gefunden in item_icons! Zeichne Text.
2025-04-14 12:58:13 - WARNING - __main__ - Slot 0 (Blumentopf): KEIN Icon gefunden in item_icons! Zeichne Text.
2025-04-14 12:58:13 - WARNING - __main__ - Slot 1 (Sack Erde): KEIN Icon gefunden in item_icons! Zeichne Text.
2025-04-14 12:58:13 - WARNING - __main__ - Slot 2 (Weed Seeds): KEIN Icon gefunden in item_icons! Zeichne Text.
2025-04-14 12:58:13 - WARNING - __main__ - Slot 0 (Blumentopf): KEIN Icon gefunden in item_icons! Zeichne Text.
2025-04-14 12:58:13 - WARNING - __main__ - Slot 1 (Sack Erde): KEIN Icon gefunden in item_icons! Zeichne Text.
2025-04-14 12:58:13 - WARNING - __main__ - Slot 2 (Weed Seeds): KEIN Icon gefunden in item_icons! Zeichne Text.
2025-04-14 12:58:13 - WARNING - __main__ - Slot 0 (Blumentopf): KEIN Icon gefunden in item_icons! Zeichne Text.
2025-04-14 12:58:13 - WARNING - __main__ - Slot 1 (Sack Erde): KEIN Icon gefunden in item_icons! Zeichne Text.
2025-04-14 12:58:13 - WARNING - __main__ - Slot 2 (Weed Seeds): KEIN Icon gefunden in item_icons! Zeichne Text.
2025-04-14 12:58:13 - WARNING - __main__ - Slot 0 (Blumentopf): KEIN Icon gefunden in item_icons! Zeichne Text.
2025-04-14 12:58:13 - WARNING - __main__ - Slot 1 (Sack Erde): KEIN Icon gefunden in item_icons! Zeichne Text.
2025-04-14 12:58:13 - WARNING - __main__ - Slot 2 (Weed Seeds): KEIN Icon gefunden in item_icons! Zeichne Text.
2025-04-14 12:58:13 - WARNING - __main__ - Slot 0 (Blumentopf): KEIN Icon gefunden in item_icons! Zeichne Text.
2025-04-14 12:58:13 - WARNING - __main__ - Slot 1 (Sack Erde): KEIN Icon gefunden in item_icons! Zeichne Text.
2025-04-14 12:58:13 - WARNING - __main__ - Slot 2 (Weed Seeds): KEIN Icon gefunden in item_icons! Zeichne Text.
2025-04-14 12:58:13 - WARNING - __main__ - Slot 0 (Blumentopf): KEIN Icon gefunden in item_icons! Zeichne Text.
2025-04-14 12:58:13 - WARNING - __main__ - Slot 1 (Sack Erde): KEIN Icon gefunden in item_icons! Zeichne Text.
2025-04-14 12:58:13 - WARNING - __main__ - Slot 2 (Weed Seeds): KEIN Icon gefunden in item_icons! Zeichne Text.
2025-04-14 12:58:13 - WARNING - __main__ - Slot 0 (Blumentopf): KEIN Icon gefunden in item_icons! Zeichne Text.
2025-04-14 12:58:13 - WARNING - __main__ - Slot 1 (Sack Erde): KEIN Icon gefunden in item_icons! Zeichne Text.
2025-04-14 12:58:13 - WARNING - __main__ - Slot 2 (Weed Seeds): KEIN Icon gefunden in item_icons! Zeichne Text.
2025-04-14 12:58:13 - WARNING - __main__ - Slot 0 (Blumentopf): KEIN Icon gefunden in item_icons! Zeichne Text.
2025-04-14 12:58:13 - WARNING - __main__ - Slot 1 (Sack Erde): KEIN Icon gefunden in item_icons! Zeichne Text.
2025-04-14 12:58:13 - WARNING - __main__ - Slot 2 (Weed Seeds): KEIN Icon gefunden in item_icons! Zeichne Text.
2025-04-14 12:58:13 - WARNING - __main__ - Slot 0 (Blumentopf): KEIN Icon gefunden in item_icons! Zeichne Text.
2025-04-14 12:58:13 - WARNING - __main__ - Slot 1 (Sack Erde): KEIN Icon gefunden in item_icons! Zeichne Text.
2025-04-14 12:58:13 - WARNING - __main__ - Slot 2 (Weed Seeds): KEIN Icon gefunden in item_icons! Zeichne Text.
2025-04-14 12:58:13 - WARNING - __main__ - Slot 0 (Blumentopf): KEIN Icon gefunden in item_icons! Zeichne Text.
2025-04-14 12:58:13 - WARNING - __main__ - Slot 1 (Sack Erde): KEIN Icon gefunden in item_icons! Zeichne Text.
2025-04-14 12:58:13 - WARNING - __main__ - Slot 2 (Weed Seeds): KEIN Icon gefunden in item_icons! Zeichne Text.
2025-04-14 12:58:13 - WARNING - __main__ - Slot 0 (Blumentopf): KEIN Icon gefunden in item_icons! Zeichne Text.
2025-04-14 12:58:13 - WARNING - __main__ - Slot 1 (Sack Erde): KEIN Icon gefunden in item_icons! Zeichne Text.
2025-04-14 12:58:13 - WARNING - __main__ - Slot 2 (Weed Seeds): KEIN Icon gefunden in item_icons! Zeichne Text.
2025-04-14 12:58:13 - WARNING - __main__ - Slot 0 (Blumentopf): KEIN Icon gefunden in item_icons! Zeichne Text.
2025-04-14 12:58:13 - WARNING - __main__ - Slot 1 (Sack Erde): KEIN Icon gefunden in item_icons! Zeichne Text.
2025-04-14 12:58:13 - WARNING - __main__ - Slot 2 (Weed Seeds): KEIN Icon gefunden in item_icons! Zeichne Text.
2025-04-14 12:58:13 - WARNING - __main__ - Slot 0 (Blumentopf): KEIN Icon gefunden in item_icons! Zeichne Text.
2025-04-14 12:58:13 - WARNING - __main__ - Slot 1 (Sack Erde): KEIN Icon gefunden in item_icons! Zeichne Text.
2025-04-14 12:58:13 - WARNING - __main__ - Slot 2 (Weed Seeds): KEIN Icon gefunden in item_icons! Zeichne Text.
2025-04-14 12:58:13 - WARNING - __main__ - Slot 0 (Blumentopf): KEIN Icon gefunden in item_icons! Zeichne Text.
2025-04-14 12:58:13 - WARNING - __main__ - Slot 1 (Sack Erde): KEIN Icon gefunden in item_icons! Zeichne Text.
2025-04-14 12:58:13 - WARNING - __main__ - Slot 2 (Weed Seeds): KEIN Icon gefunden in item_icons! Zeichne Text.
2025-04-14 12:58:14 - WARNING - __main__ - Slot 0 (Blumentopf): KEIN Icon gefunden in item_icons! Zeichne Text.
2025-04-14 12:58:14 - WARNING - __main__ - Slot 1 (Sack Erde): KEIN Icon gefunden in item_icons! Zeichne Text.
2025-04-14 12:58:14 - WARNING - __main__ - Slot 2 (Weed Seeds): KEIN Icon gefunden in item_icons! Zeichne Text.
2025-04-14 12:58:14 - WARNING - __main__ - Slot 0 (Blumentopf): KEIN Icon gefunden in item_icons! Zeichne Text.
2025-04-14 12:58:14 - WARNING - __main__ - Slot 1 (Sack Erde): KEIN Icon gefunden in item_icons! Zeichne Text.
2025-04-14 12:58:14 - WARNING - __main__ - Slot 2 (Weed Seeds): KEIN Icon gefunden in item_icons! Zeichne Text.
2025-04-14 12:58:14 - WARNING - __main__ - Slot 0 (Blumentopf): KEIN Icon gefunden in item_icons! Zeichne Text.
2025-04-14 12:58:14 - WARNING - __main__ - Slot 1 (Sack Erde): KEIN Icon gefunden in item_icons! Zeichne Text.
2025-04-14 12:58:14 - WARNING - __main__ - Slot 2 (Weed Seeds): KEIN Icon gefunden in item_icons! Zeichne Text.
2025-04-14 12:58:14 - WARNING - __main__ - Slot 0 (Blumentopf): KEIN Icon gefunden in item_icons! Zeichne Text.
2025-04-14 12:58:14 - WARNING - __main__ - Slot 1 (Sack Erde): KEIN Icon gefunden in item_icons! Zeichne Text.
2025-04-14 12:58:14 - WARNING - __main__ - Slot 2 (Weed Seeds): KEIN Icon gefunden in item_icons! Zeichne Text.
2025-04-14 12:58:14 - WARNING - __main__ - Slot 0 (Blumentopf): KEIN Icon gefunden in item_icons! Zeichne Text.
2025-04-14 12:58:14 - WARNING - __main__ - Slot 1 (Sack Erde): KEIN Icon gefunden in item_icons! Zeichne Text.
2025-04-14 12:58:14 - WARNING - __main__ - Slot 2 (Weed Seeds): KEIN Icon gefunden in item_icons! Zeichne Text.
2025-04-14 12:58:14 - WARNING - __main__ - Slot 0 (Blumentopf): KEIN Icon gefunden in item_icons! Zeichne Text.
2025-04-14 12:58:14 - WARNING - __main__ - Slot 1 (Sack Erde): KEIN Icon gefunden in item_icons! Zeichne Text.
2025-04-14 12:58:14 - WARNING - __main__ - Slot 2 (Weed Seeds): KEIN Icon gefunden in item_icons! Zeichne Text.
2025-04-14 12:58:14 - WARNING - __main__ - Slot 0 (Blumentopf): KEIN Icon gefunden in item_icons! Zeichne Text.
2025-04-14 12:58:14 - WARNING - __main__ - Slot 1 (Sack Erde): KEIN Icon gefunden in item_icons! Zeichne Text.
2025-04-14 12:58:14 - WARNING - __main__ - Slot 2 (Weed Seeds): KEIN Icon gefunden in item_icons! Zeichne Text.
2025-04-14 12:58:14 - WARNING - __main__ - Slot 0 (Blumentopf): KEIN Icon gefunden in item_icons! Zeichne Text.
2025-04-14 12:58:14 - WARNING - __main__ - Slot 1 (Sack Erde): KEIN Icon gefunden in item_icons! Zeichne Text.
2025-04-14 12:58:14 - WARNING - __main__ - Slot 2 (Weed Seeds): KEIN Icon gefunden in item_icons! Zeichne Text.
2025-04-14 12:58:14 - WARNING - __main__ - Slot 0 (Blumentopf): KEIN Icon gefunden in item_icons! Zeichne Text.
2025-04-14 12:58:14 - WARNING - __main__ - Slot 1 (Sack Erde): KEIN Icon gefunden in item_icons! Zeichne Text.
2025-04-14 12:58:14 - WARNING - __main__ - Slot 2 (Weed Seeds): KEIN Icon gefunden in item_icons! Zeichne Text.
2025-04-14 12:58:14 - WARNING - __main__ - Slot 0 (Blumentopf): KEIN Icon gefunden in item_icons! Zeichne Text.
2025-04-14 12:58:14 - WARNING - __main__ - Slot 1 (Sack Erde): KEIN Icon gefunden in item_icons! Zeichne Text.
2025-04-14 12:58:14 - WARNING - __main__ - Slot 2 (Weed Seeds): KEIN Icon gefunden in item_icons! Zeichne Text.
2025-04-14 12:58:14 - WARNING - __main__ - Slot 0 (Blumentopf): KEIN Icon gefunden in item_icons! Zeichne Text.
2025-04-14 12:58:14 - WARNING - __main__ - Slot 1 (Sack Erde): KEIN Icon gefunden in item_icons! Zeichne Text.
2025-04-14 12:58:14 - WARNING - __main__ - Slot 2 (Weed Seeds): KEIN Icon gefunden in item_icons! Zeichne Text.
2025-04-14 12:58:14 - WARNING - __main__ - Slot 0 (Blumentopf): KEIN Icon gefunden in item_icons! Zeichne Text.
2025-04-14 12:58:14 - WARNING - __main__ - Slot 1 (Sack Erde): KEIN Icon gefunden in item_icons! Zeichne Text.
2025-04-14 12:58:14 - WARNING - __main__ - Slot 2 (Weed Seeds): KEIN Icon gefunden in item_icons! Zeichne Text.
2025-04-14 12:58:14 - WARNING - __main__ - Slot 0 (Blumentopf): KEIN Icon gefunden in item_icons! Zeichne Text.
2025-04-14 12:58:14 - WARNING - __main__ - Slot 1 (Sack Erde): KEIN Icon gefunden in item_icons! Zeichne Text.
2025-04-14 12:58:14 - WARNING - __main__ - Slot 2 (Weed Seeds): KEIN Icon gefunden in item_icons! Zeichne Text.
2025-04-14 12:58:14 - WARNING - __main__ - Slot 0 (Blumentopf): KEIN Icon gefunden in item_icons! Zeichne Text.
2025-04-14 12:58:14 - WARNING - __main__ - Slot 1 (Sack Erde): KEIN Icon gefunden in item_icons! Zeichne Text.
2025-04-14 12:58:14 - WARNING - __main__ - Slot 2 (Weed Seeds): KEIN Icon gefunden in item_icons! Zeichne Text.
2025-04-14 12:58:14 - WARNING - __main__ - Slot 0 (Blumentopf): KEIN Icon gefunden in item_icons! Zeichne Text.
2025-04-14 12:58:14 - WARNING - __main__ - Slot 1 (Sack Erde): KEIN Icon gefunden in item_icons! Zeichne Text.
2025-04-14 12:58:14 - WARNING - __main__ - Slot 2 (Weed Seeds): KEIN Icon gefunden in item_icons! Zeichne Text.
2025-04-14 12:58:14 - WARNING - __main__ - Slot 0 (Blumentopf): KEIN Icon gefunden in item_icons! Zeichne Text.
2025-04-14 12:58:14 - WARNING - __main__ - Slot 1 (Sack Erde): KEIN Icon gefunden in item_icons! Zeichne Text.
2025-04-14 12:58:14 - WARNING - __main__ - Slot 2 (Weed Seeds): KEIN Icon gefunden in item_icons! Zeichne Text.
2025-04-14 12:58:14 - WARNING - __main__ - Slot 0 (Blumentopf): KEIN Icon gefunden in item_icons! Zeichne Text.
2025-04-14 12:58:14 - WARNING - __main__ - Slot 1 (Sack Erde): KEIN Icon gefunden in item_icons! Zeichne Text.
2025-04-14 12:58:14 - WARNING - __main__ - Slot 2 (Weed Seeds): KEIN Icon gefunden in item_icons! Zeichne Text.
2025-04-14 12:58:14 - WARNING - __main__ - Slot 0 (Blumentopf): KEIN Icon gefunden in item_icons! Zeichne Text.
2025-04-14 12:58:14 - WARNING - __main__ - Slot 1 (Sack Erde): KEIN Icon gefunden in item_icons! Zeichne Text.
2025-04-14 12:58:14 - WARNING - __main__ - Slot 2 (Weed Seeds): KEIN Icon gefunden in item_icons! Zeichne Text.
2025-04-14 12:58:14 - WARNING - __main__ - Slot 0 (Blumentopf): KEIN Icon gefunden in item_icons! Zeichne Text.
2025-04-14 12:58:14 - WARNING - __main__ - Slot 1 (Sack Erde): KEIN Icon gefunden in item_icons! Zeichne Text.
2025-04-14 12:58:14 - WARNING - __main__ - Slot 2 (Weed Seeds): KEIN Icon gefunden in item_icons! Zeichne Text.
2025-04-14 12:58:14 - WARNING - __main__ - Slot 0 (Blumentopf): KEIN Icon gefunden in item_icons! Zeichne Text.
2025-04-14 12:58:14 - WARNING - __main__ - Slot 1 (Sack Erde): KEIN Icon gefunden in item_icons! Zeichne Text.
2025-04-14 12:58:14 - WARNING - __main__ - Slot 2 (Weed Seeds): KEIN Icon gefunden in item_icons! Zeichne Text.
2025-04-14 12:58:14 - WARNING - __main__ - Slot 0 (Blumentopf): KEIN Icon gefunden in item_icons! Zeichne Text.
2025-04-14 12:58:14 - WARNING - __main__ - Slot 1 (Sack Erde): KEIN Icon gefunden in item_icons! Zeichne Text.
2025-04-14 12:58:14 - WARNING - __main__ - Slot 2 (Weed Seeds): KEIN Icon gefunden in item_icons! Zeichne Text.
2025-04-14 12:58:14 - WARNING - __main__ - Slot 0 (Blumentopf): KEIN Icon gefunden in item_icons! Zeichne Text.
2025-04-14 12:58:14 - WARNING - __main__ - Slot 1 (Sack Erde): KEIN Icon gefunden in item_icons! Zeichne Text.
2025-04-14 12:58:14 - WARNING - __main__ - Slot 2 (Weed Seeds): KEIN Icon gefunden in item_icons! Zeichne Text.
2025-04-14 12:58:14 - WARNING - __main__ - Slot 0 (Blumentopf): KEIN Icon gefunden in item_icons! Zeichne Text.
2025-04-14 12:58:14 - WARNING - __main__ - Slot 1 (Sack Erde): KEIN Icon gefunden in item_icons! Zeichne Text.
2025-04-14 12:58:14 - WARNING - __main__ - Slot 2 (Weed Seeds): KEIN Icon gefunden in item_icons! Zeichne Text.
2025-04-14 12:58:14 - WARNING - __main__ - Slot 0 (Blumentopf): KEIN Icon gefunden in item_icons! Zeichne Text.
2025-04-14 12:58:14 - WARNING - __main__ - Slot 1 (Sack Erde): KEIN Icon gefunden in item_icons! Zeichne Text.
2025-04-14 12:58:14 - WARNING - __main__ - Slot 2 (Weed Seeds): KEIN Icon gefunden in item_icons! Zeichne Text.
2025-04-14 12:58:14 - WARNING - __main__ - Slot 0 (Blumentopf): KEIN Icon gefunden in item_icons! Zeichne Text.
2025-04-14 12:58:14 - WARNING - __main__ - Slot 1 (Sack Erde): KEIN Icon gefunden in item_icons! Zeichne Text.
2025-04-14 12:58:14 - WARNING - __main__ - Slot 2 (Weed Seeds): KEIN Icon gefunden in item_icons! Zeichne Text.
2025-04-14 12:58:14 - WARNING - __main__ - Slot 0 (Blumentopf): KEIN Icon gefunden in item_icons! Zeichne Text.
2025-04-14 12:58:14 - WARNING - __main__ - Slot 1 (Sack Erde): KEIN Icon gefunden in item_icons! Zeichne Text.
2025-04-14 12:58:14 - WARNING - __main__ - Slot 2 (Weed Seeds): KEIN Icon gefunden in item_icons! Zeichne Text.
2025-04-14 12:58:14 - WARNING - __main__ - Slot 0 (Blumentopf): KEIN Icon gefunden in item_icons! Zeichne Text.
2025-04-14 12:58:14 - WARNING - __main__ - Slot 1 (Sack Erde): KEIN Icon gefunden in item_icons! Zeichne Text.
2025-04-14 12:58:14 - WARNING - __main__ - Slot 2 (Weed Seeds): KEIN Icon gefunden in item_icons! Zeichne Text.
2025-04-14 12:58:14 - WARNING - __main__ - Slot 0 (Blumentopf): KEIN Icon gefunden in item_icons! Zeichne Text.
2025-04-14 12:58:14 - WARNING - __main__ - Slot 1 (Sack Erde): KEIN Icon gefunden in item_icons! Zeichne Text.
2025-04-14 12:58:14 - WARNING - __main__ - Slot 2 (Weed Seeds): KEIN Icon gefunden in item_icons! Zeichne Text.
2025-04-14 12:58:14 - WARNING - __main__ - Slot 0 (Blumentopf): KEIN Icon gefunden in item_icons! Zeichne Text.
2025-04-14 12:58:14 - WARNING - __main__ - Slot 1 (Sack Erde): KEIN Icon gefunden in item_icons! Zeichne Text.
2025-04-14 12:58:14 - WARNING - __main__ - Slot 2 (Weed Seeds): KEIN Icon gefunden in item_icons! Zeichne Text.
2025-04-14 12:58:14 - WARNING - __main__ - Slot 0 (Blumentopf): KEIN Icon gefunden in item_icons! Zeichne Text.
2025-04-14 12:58:14 - WARNING - __main__ - Slot 1 (Sack Erde): KEIN Icon gefunden in item_icons! Zeichne Text.
2025-04-14 12:58:14 - WARNING - __main__ - Slot 2 (Weed Seeds): KEIN Icon gefunden in item_icons! Zeichne Text.
2025-04-14 12:58:14 - WARNING - __main__ - Slot 0 (Blumentopf): KEIN Icon gefunden in item_icons! Zeichne Text.
2025-04-14 12:58:14 - WARNING - __main__ - Slot 1 (Sack Erde): KEIN Icon gefunden in item_icons! Zeichne Text.
2025-04-14 12:58:14 - WARNING - __main__ - Slot 2 (Weed Seeds): KEIN Icon gefunden in item_icons! Zeichne Text.
2025-04-14 12:58:14 - WARNING - __main__ - Slot 0 (Blumentopf): KEIN Icon gefunden in item_icons! Zeichne Text.
2025-04-14 12:58:14 - WARNING - __main__ - Slot 1 (Sack Erde): KEIN Icon gefunden in item_icons! Zeichne Text.
2025-04-14 12:58:14 - WARNING - __main__ - Slot 2 (Weed Seeds): KEIN Icon gefunden in item_icons! Zeichne Text.
2025-04-14 12:58:14 - WARNING - __main__ - Slot 0 (Blumentopf): KEIN Icon gefunden in item_icons! Zeichne Text.
2025-04-14 12:58:14 - WARNING - __main__ - Slot 1 (Sack Erde): KEIN Icon gefunden in item_icons! Zeichne Text.
2025-04-14 12:58:14 - WARNING - __main__ - Slot 2 (Weed Seeds): KEIN Icon gefunden in item_icons! Zeichne Text.
2025-04-14 12:58:14 - WARNING - __main__ - Slot 0 (Blumentopf): KEIN Icon gefunden in item_icons! Zeichne Text.
2025-04-14 12:58:14 - WARNING - __main__ - Slot 1 (Sack Erde): KEIN Icon gefunden in item_icons! Zeichne Text.
2025-04-14 12:58:14 - WARNING - __main__ - Slot 2 (Weed Seeds): KEIN Icon gefunden in item_icons! Zeichne Text.
2025-04-14 12:58:14 - WARNING - __main__ - Slot 0 (Blumentopf): KEIN Icon gefunden in item_icons! Zeichne Text.
2025-04-14 12:58:14 - WARNING - __main__ - Slot 1 (Sack Erde): KEIN Icon gefunden in item_icons! Zeichne Text.
2025-04-14 12:58:14 - WARNING - __main__ - Slot 2 (Weed Seeds): KEIN Icon gefunden in item_icons! Zeichne Text.
2025-04-14 12:58:14 - WARNING - __main__ - Slot 0 (Blumentopf): KEIN Icon gefunden in item_icons! Zeichne Text.
2025-04-14 12:58:14 - WARNING - __main__ - Slot 1 (Sack Erde): KEIN Icon gefunden in item_icons! Zeichne Text.
2025-04-14 12:58:14 - WARNING - __main__ - Slot 2 (Weed Seeds): KEIN Icon gefunden in item_icons! Zeichne Text.
2025-04-14 12:58:14 - WARNING - __main__ - Slot 0 (Blumentopf): KEIN Icon gefunden in item_icons! Zeichne Text.
2025-04-14 12:58:14 - WARNING - __main__ - Slot 1 (Sack Erde): KEIN Icon gefunden in item_icons! Zeichne Text.
2025-04-14 12:58:14 - WARNING - __main__ - Slot 2 (Weed Seeds): KEIN Icon gefunden in item_icons! Zeichne Text.
2025-04-14 12:58:14 - WARNING - __main__ - Slot 0 (Blumentopf): KEIN Icon gefunden in item_icons! Zeichne Text.
2025-04-14 12:58:14 - WARNING - __main__ - Slot 1 (Sack Erde): KEIN Icon gefunden in item_icons! Zeichne Text.
2025-04-14 12:58:14 - WARNING - __main__ - Slot 2 (Weed Seeds): KEIN Icon gefunden in item_icons! Zeichne Text.
2025-04-14 12:58:14 - WARNING - __main__ - Slot 0 (Blumentopf): KEIN Icon gefunden in item_icons! Zeichne Text.
2025-04-14 12:58:14 - WARNING - __main__ - Slot 1 (Sack Erde): KEIN Icon gefunden in item_icons! Zeichne Text.
2025-04-14 12:58:14 - WARNING - __main__ - Slot 2 (Weed Seeds): KEIN Icon gefunden in item_icons! Zeichne Text.
2025-04-14 12:58:14 - WARNING - __main__ - Slot 0 (Blumentopf): KEIN Icon gefunden in item_icons! Zeichne Text.
2025-04-14 12:58:14 - WARNING - __main__ - Slot 1 (Sack Erde): KEIN Icon gefunden in item_icons! Zeichne Text.
2025-04-14 12:58:14 - WARNING - __main__ - Slot 2 (Weed Seeds): KEIN Icon gefunden in item_icons! Zeichne Text.
2025-04-14 12:58:14 - WARNING - __main__ - Slot 0 (Blumentopf): KEIN Icon gefunden in item_icons! Zeichne Text.
2025-04-14 12:58:14 - WARNING - __main__ - Slot 1 (Sack Erde): KEIN Icon gefunden in item_icons! Zeichne Text.
2025-04-14 12:58:14 - WARNING - __main__ - Slot 2 (Weed Seeds): KEIN Icon gefunden in item_icons! Zeichne Text.
2025-04-14 12:58:14 - WARNING - __main__ - Slot 0 (Blumentopf): KEIN Icon gefunden in item_icons! Zeichne Text.
2025-04-14 12:58:14 - WARNING - __main__ - Slot 1 (Sack Erde): KEIN Icon gefunden in item_icons! Zeichne Text.
2025-04-14 12:58:14 - WARNING - __main__ - Slot 2 (Weed Seeds): KEIN Icon gefunden in item_icons! Zeichne Text.
2025-04-14 12:58:14 - WARNING - __main__ - Slot 0 (Blumentopf): KEIN Icon gefunden in item_icons! Zeichne Text.
2025-04-14 12:58:14 - WARNING - __main__ - Slot 1 (Sack Erde): KEIN Icon gefunden in item_icons! Zeichne Text.
2025-04-14 12:58:14 - WARNING - __main__ - Slot 2 (Weed Seeds): KEIN Icon gefunden in item_icons! Zeichne Text.
2025-04-14 12:58:14 - WARNING - __main__ - Slot 0 (Blumentopf): KEIN Icon gefunden in item_icons! Zeichne Text.
2025-04-14 12:58:14 - WARNING - __main__ - Slot 1 (Sack Erde): KEIN Icon gefunden in item_icons! Zeichne Text.
2025-04-14 12:58:14 - WARNING - __main__ - Slot 2 (Weed Seeds): KEIN Icon gefunden in item_icons! Zeichne Text.
2025-04-14 12:58:14 - WARNING - __main__ - Slot 0 (Blumentopf): KEIN Icon gefunden in item_icons! Zeichne Text.
2025-04-14 12:58:14 - WARNING - __main__ - Slot 1 (Sack Erde): KEIN Icon gefunden in item_icons! Zeichne Text.
2025-04-14 12:58:14 - WARNING - __main__ - Slot 2 (Weed Seeds): KEIN Icon gefunden in item_icons! Zeichne Text.
2025-04-14 12:58:14 - WARNING - __main__ - Slot 0 (Blumentopf): KEIN Icon gefunden in item_icons! Zeichne Text.
2025-04-14 12:58:14 - WARNING - __main__ - Slot 1 (Sack Erde): KEIN Icon gefunden in item_icons! Zeichne Text.
2025-04-14 12:58:14 - WARNING - __main__ - Slot 2 (Weed Seeds): KEIN Icon gefunden in item_icons! Zeichne Text.
2025-04-14 12:58:14 - WARNING - __main__ - Slot 0 (Blumentopf): KEIN Icon gefunden in item_icons! Zeichne Text.
2025-04-14 12:58:14 - WARNING - __main__ - Slot 1 (Sack Erde): KEIN Icon gefunden in item_icons! Zeichne Text.
2025-04-14 12:58:14 - WARNING - __main__ - Slot 2 (Weed Seeds): KEIN Icon gefunden in item_icons! Zeichne Text.
2025-04-14 12:58:14 - WARNING - __main__ - Slot 0 (Blumentopf): KEIN Icon gefunden in item_icons! Zeichne Text.
2025-04-14 12:58:14 - WARNING - __main__ - Slot 1 (Sack Erde): KEIN Icon gefunden in item_icons! Zeichne Text.
2025-04-14 12:58:14 - WARNING - __main__ - Slot 2 (Weed Seeds): KEIN Icon gefunden in item_icons! Zeichne Text.
2025-04-14 12:58:14 - WARNING - __main__ - Slot 0 (Blumentopf): KEIN Icon gefunden in item_icons! Zeichne Text.
2025-04-14 12:58:14 - WARNING - __main__ - Slot 1 (Sack Erde): KEIN Icon gefunden in item_icons! Zeichne Text.
2025-04-14 12:58:14 - WARNING - __main__ - Slot 2 (Weed Seeds): KEIN Icon gefunden in item_icons! Zeichne Text.
2025-04-14 12:58:14 - WARNING - __main__ - Slot 0 (Blumentopf): KEIN Icon gefunden in item_icons! Zeichne Text.
2025-04-14 12:58:14 - WARNING - __main__ - Slot 1 (Sack Erde): KEIN Icon gefunden in item_icons! Zeichne Text.
2025-04-14 12:58:14 - WARNING - __main__ - Slot 2 (Weed Seeds): KEIN Icon gefunden in item_icons! Zeichne Text.
2025-04-14 12:58:14 - WARNING - __main__ - Slot 0 (Blumentopf): KEIN Icon gefunden in item_icons! Zeichne Text.
2025-04-14 12:58:14 - WARNING - __main__ - Slot 1 (Sack Erde): KEIN Icon gefunden in item_icons! Zeichne Text.
2025-04-14 12:58:14 - WARNING - __main__ - Slot 2 (Weed Seeds): KEIN Icon gefunden in item_icons! Zeichne Text.
2025-04-14 12:58:14 - WARNING - __main__ - Slot 0 (Blumentopf): KEIN Icon gefunden in item_icons! Zeichne Text.
2025-04-14 12:58:14 - WARNING - __main__ - Slot 1 (Sack Erde): KEIN Icon gefunden in item_icons! Zeichne Text.
2025-04-14 12:58:14 - WARNING - __main__ - Slot 2 (Weed Seeds): KEIN Icon gefunden in item_icons! Zeichne Text.
2025-04-14 12:58:14 - WARNING - __main__ - Slot 0 (Blumentopf): KEIN Icon gefunden in item_icons! Zeichne Text.
2025-04-14 12:58:14 - WARNING - __main__ - Slot 1 (Sack Erde): KEIN Icon gefunden in item_icons! Zeichne Text.
2025-04-14 12:58:14 - WARNING - __main__ - Slot 2 (Weed Seeds): KEIN Icon gefunden in item_icons! Zeichne Text.
2025-04-14 12:58:14 - WARNING - __main__ - Slot 0 (Blumentopf): KEIN Icon gefunden in item_icons! Zeichne Text.
2025-04-14 12:58:14 - WARNING - __main__ - Slot 1 (Sack Erde): KEIN Icon gefunden in item_icons! Zeichne Text.
2025-04-14 12:58:14 - WARNING - __main__ - Slot 2 (Weed Seeds): KEIN Icon gefunden in item_icons! Zeichne Text.
2025-04-14 12:58:14 - WARNING - __main__ - Slot 0 (Blumentopf): KEIN Icon gefunden in item_icons! Zeichne Text.
2025-04-14 12:58:14 - WARNING - __main__ - Slot 1 (Sack Erde): KEIN Icon gefunden in item_icons! Zeichne Text.
2025-04-14 12:58:14 - WARNING - __main__ - Slot 2 (Weed Seeds): KEIN Icon gefunden in item_icons! Zeichne Text.
2025-04-14 12:58:14 - WARNING - __main__ - Slot 0 (Blumentopf): KEIN Icon gefunden in item_icons! Zeichne Text.
2025-04-14 12:58:14 - WARNING - __main__ - Slot 1 (Sack Erde): KEIN Icon gefunden in item_icons! Zeichne Text.
2025-04-14 12:58:14 - WARNING - __main__ - Slot 2 (Weed Seeds): KEIN Icon gefunden in item_icons! Zeichne Text.
2025-04-14 12:58:14 - WARNING - __main__ - Slot 0 (Blumentopf): KEIN Icon gefunden in item_icons! Zeichne Text.
2025-04-14 12:58:14 - WARNING - __main__ - Slot 1 (Sack Erde): KEIN Icon gefunden in item_icons! Zeichne Text.
2025-04-14 12:58:14 - WARNING - __main__ - Slot 2 (Weed Seeds): KEIN Icon gefunden in item_icons! Zeichne Text.
2025-04-14 12:58:14 - WARNING - __main__ - Slot 0 (Blumentopf): KEIN Icon gefunden in item_icons! Zeichne Text.
2025-04-14 12:58:14 - WARNING - __main__ - Slot 1 (Sack Erde): KEIN Icon gefunden in item_icons! Zeichne Text.
2025-04-14 12:58:14 - WARNING - __main__ - Slot 2 (Weed Seeds): KEIN Icon gefunden in item_icons! Zeichne Text.
2025-04-14 12:58:14 - WARNING - __main__ - Slot 0 (Blumentopf): KEIN Icon gefunden in item_icons! Zeichne Text.
2025-04-14 12:58:14 - WARNING - __main__ - Slot 1 (Sack Erde): KEIN Icon gefunden in item_icons! Zeichne Text.
2025-04-14 12:58:14 - WARNING - __main__ - Slot 2 (Weed Seeds): KEIN Icon gefunden in item_icons! Zeichne Text.
2025-04-14 12:58:14 - WARNING - __main__ - Slot 0 (Blumentopf): KEIN Icon gefunden in item_icons! Zeichne Text.
2025-04-14 12:58:14 - WARNING - __main__ - Slot 1 (Sack Erde): KEIN Icon gefunden in item_icons! Zeichne Text.
2025-04-14 12:58:14 - WARNING - __main__ - Slot 2 (Weed Seeds): KEIN Icon gefunden in item_icons! Zeichne Text.
2025-04-14 12:58:14 - WARNING - __main__ - Slot 0 (Blumentopf): KEIN Icon gefunden in item_icons! Zeichne Text.
2025-04-14 12:58:14 - WARNING - __main__ - Slot 1 (Sack Erde): KEIN Icon gefunden in item_icons! Zeichne Text.
2025-04-14 12:58:14 - WARNING - __main__ - Slot 2 (Weed Seeds): KEIN Icon gefunden in item_icons! Zeichne Text.
2025-04-14 12:58:15 - WARNING - __main__ - Slot 0 (Blumentopf): KEIN Icon gefunden in item_icons! Zeichne Text.
2025-04-14 12:58:15 - WARNING - __main__ - Slot 1 (Sack Erde): KEIN Icon gefunden in item_icons! Zeichne Text.
2025-04-14 12:58:15 - WARNING - __main__ - Slot 2 (Weed Seeds): KEIN Icon gefunden in item_icons! Zeichne Text.
2025-04-14 12:58:15 - WARNING - __main__ - Slot 0 (Blumentopf): KEIN Icon gefunden in item_icons! Zeichne Text.
2025-04-14 12:58:15 - WARNING - __main__ - Slot 1 (Sack Erde): KEIN Icon gefunden in item_icons! Zeichne Text.
2025-04-14 12:58:15 - WARNING - __main__ - Slot 2 (Weed Seeds): KEIN Icon gefunden in item_icons! Zeichne Text.
2025-04-14 12:58:15 - WARNING - __main__ - Slot 0 (Blumentopf): KEIN Icon gefunden in item_icons! Zeichne Text.
2025-04-14 12:58:15 - WARNING - __main__ - Slot 1 (Sack Erde): KEIN Icon gefunden in item_icons! Zeichne Text.
2025-04-14 12:58:15 - WARNING - __main__ - Slot 2 (Weed Seeds): KEIN Icon gefunden in item_icons! Zeichne Text.
2025-04-14 12:58:15 - WARNING - __main__ - Slot 0 (Blumentopf): KEIN Icon gefunden in item_icons! Zeichne Text.
2025-04-14 12:58:15 - WARNING - __main__ - Slot 1 (Sack Erde): KEIN Icon gefunden in item_icons! Zeichne Text.
2025-04-14 12:58:15 - WARNING - __main__ - Slot 2 (Weed Seeds): KEIN Icon gefunden in item_icons! Zeichne Text.
2025-04-14 12:58:15 - WARNING - __main__ - Slot 0 (Blumentopf): KEIN Icon gefunden in item_icons! Zeichne Text.
2025-04-14 12:58:15 - WARNING - __main__ - Slot 1 (Sack Erde): KEIN Icon gefunden in item_icons! Zeichne Text.
2025-04-14 12:58:15 - WARNING - __main__ - Slot 2 (Weed Seeds): KEIN Icon gefunden in item_icons! Zeichne Text.
2025-04-14 12:58:15 - WARNING - __main__ - Slot 0 (Blumentopf): KEIN Icon gefunden in item_icons! Zeichne Text.
2025-04-14 12:58:15 - WARNING - __main__ - Slot 1 (Sack Erde): KEIN Icon gefunden in item_icons! Zeichne Text.
2025-04-14 12:58:15 - WARNING - __main__ - Slot 2 (Weed Seeds): KEIN Icon gefunden in item_icons! Zeichne Text.
2025-04-14 12:58:15 - WARNING - __main__ - Slot 0 (Blumentopf): KEIN Icon gefunden in item_icons! Zeichne Text.
2025-04-14 12:58:15 - WARNING - __main__ - Slot 1 (Sack Erde): KEIN Icon gefunden in item_icons! Zeichne Text.
2025-04-14 12:58:15 - WARNING - __main__ - Slot 2 (Weed Seeds): KEIN Icon gefunden in item_icons! Zeichne Text.
2025-04-14 12:58:15 - WARNING - __main__ - Slot 0 (Blumentopf): KEIN Icon gefunden in item_icons! Zeichne Text.
2025-04-14 12:58:15 - WARNING - __main__ - Slot 1 (Sack Erde): KEIN Icon gefunden in item_icons! Zeichne Text.
2025-04-14 12:58:15 - WARNING - __main__ - Slot 2 (Weed Seeds): KEIN Icon gefunden in item_icons! Zeichne Text.
2025-04-14 12:58:15 - WARNING - __main__ - Slot 0 (Blumentopf): KEIN Icon gefunden in item_icons! Zeichne Text.
2025-04-14 12:58:15 - WARNING - __main__ - Slot 1 (Sack Erde): KEIN Icon gefunden in item_icons! Zeichne Text.
2025-04-14 12:58:15 - WARNING - __main__ - Slot 2 (Weed Seeds): KEIN Icon gefunden in item_icons! Zeichne Text.
2025-04-14 12:58:15 - WARNING - __main__ - Slot 0 (Blumentopf): KEIN Icon gefunden in item_icons! Zeichne Text.
2025-04-14 12:58:15 - WARNING - __main__ - Slot 1 (Sack Erde): KEIN Icon gefunden in item_icons! Zeichne Text.
2025-04-14 12:58:15 - WARNING - __main__ - Slot 2 (Weed Seeds): KEIN Icon gefunden in item_icons! Zeichne Text.
2025-04-14 12:58:15 - WARNING - __main__ - Slot 0 (Blumentopf): KEIN Icon gefunden in item_icons! Zeichne Text.
2025-04-14 12:58:15 - WARNING - __main__ - Slot 1 (Sack Erde): KEIN Icon gefunden in item_icons! Zeichne Text.
2025-04-14 12:58:15 - WARNING - __main__ - Slot 2 (Weed Seeds): KEIN Icon gefunden in item_icons! Zeichne Text.
2025-04-14 12:58:15 - WARNING - __main__ - Slot 0 (Blumentopf): KEIN Icon gefunden in item_icons! Zeichne Text.
2025-04-14 12:58:15 - WARNING - __main__ - Slot 1 (Sack Erde): KEIN Icon gefunden in item_icons! Zeichne Text.
2025-04-14 12:58:15 - WARNING - __main__ - Slot 2 (Weed Seeds): KEIN Icon gefunden in item_icons! Zeichne Text.
2025-04-14 12:58:15 - WARNING - __main__ - Slot 0 (Blumentopf): KEIN Icon gefunden in item_icons! Zeichne Text.
2025-04-14 12:58:15 - WARNING - __main__ - Slot 1 (Sack Erde): KEIN Icon gefunden in item_icons! Zeichne Text.
2025-04-14 12:58:15 - WARNING - __main__ - Slot 2 (Weed Seeds): KEIN Icon gefunden in item_icons! Zeichne Text.
2025-04-14 12:58:15 - WARNING - __main__ - Slot 0 (Blumentopf): KEIN Icon gefunden in item_icons! Zeichne Text.
2025-04-14 12:58:15 - WARNING - __main__ - Slot 1 (Sack Erde): KEIN Icon gefunden in item_icons! Zeichne Text.
2025-04-14 12:58:15 - WARNING - __main__ - Slot 2 (Weed Seeds): KEIN Icon gefunden in item_icons! Zeichne Text.
2025-04-14 12:58:15 - WARNING - __main__ - Slot 0 (Blumentopf): KEIN Icon gefunden in item_icons! Zeichne Text.
2025-04-14 12:58:15 - WARNING - __main__ - Slot 1 (Sack Erde): KEIN Icon gefunden in item_icons! Zeichne Text.
2025-04-14 12:58:15 - WARNING - __main__ - Slot 2 (Weed Seeds): KEIN Icon gefunden in item_icons! Zeichne Text.
2025-04-14 12:58:15 - WARNING - __main__ - Slot 0 (Blumentopf): KEIN Icon gefunden in item_icons! Zeichne Text.
2025-04-14 12:58:15 - WARNING - __main__ - Slot 1 (Sack Erde): KEIN Icon gefunden in item_icons! Zeichne Text.
2025-04-14 12:58:15 - WARNING - __main__ - Slot 2 (Weed Seeds): KEIN Icon gefunden in item_icons! Zeichne Text.
2025-04-14 12:58:15 - WARNING - __main__ - Slot 0 (Blumentopf): KEIN Icon gefunden in item_icons! Zeichne Text.
2025-04-14 12:58:15 - WARNING - __main__ - Slot 1 (Sack Erde): KEIN Icon gefunden in item_icons! Zeichne Text.
2025-04-14 12:58:15 - WARNING - __main__ - Slot 2 (Weed Seeds): KEIN Icon gefunden in item_icons! Zeichne Text.
2025-04-14 12:58:15 - WARNING - __main__ - Slot 0 (Blumentopf): KEIN Icon gefunden in item_icons! Zeichne Text.
2025-04-14 12:58:15 - WARNING - __main__ - Slot 1 (Sack Erde): KEIN Icon gefunden in item_icons! Zeichne Text.
2025-04-14 12:58:15 - WARNING - __main__ - Slot 2 (Weed Seeds): KEIN Icon gefunden in item_icons! Zeichne Text.
2025-04-14 12:58:15 - WARNING - __main__ - Slot 0 (Blumentopf): KEIN Icon gefunden in item_icons! Zeichne Text.
2025-04-14 12:58:15 - WARNING - __main__ - Slot 1 (Sack Erde): KEIN Icon gefunden in item_icons! Zeichne Text.
2025-04-14 12:58:15 - WARNING - __main__ - Slot 2 (Weed Seeds): KEIN Icon gefunden in item_icons! Zeichne Text.
2025-04-14 12:58:15 - WARNING - __main__ - Slot 0 (Blumentopf): KEIN Icon gefunden in item_icons! Zeichne Text.
2025-04-14 12:58:15 - WARNING - __main__ - Slot 1 (Sack Erde): KEIN Icon gefunden in item_icons! Zeichne Text.
2025-04-14 12:58:15 - WARNING - __main__ - Slot 2 (Weed Seeds): KEIN Icon gefunden in item_icons! Zeichne Text.
2025-04-14 12:58:15 - WARNING - __main__ - Slot 0 (Blumentopf): KEIN Icon gefunden in item_icons! Zeichne Text.
2025-04-14 12:58:15 - WARNING - __main__ - Slot 1 (Sack Erde): KEIN Icon gefunden in item_icons! Zeichne Text.
2025-04-14 12:58:15 - WARNING - __main__ - Slot 2 (Weed Seeds): KEIN Icon gefunden in item_icons! Zeichne Text.
2025-04-14 12:58:15 - WARNING - __main__ - Slot 0 (Blumentopf): KEIN Icon gefunden in item_icons! Zeichne Text.
2025-04-14 12:58:15 - WARNING - __main__ - Slot 1 (Sack Erde): KEIN Icon gefunden in item_icons! Zeichne Text.
2025-04-14 12:58:15 - WARNING - __main__ - Slot 2 (Weed Seeds): KEIN Icon gefunden in item_icons! Zeichne Text.
2025-04-14 12:58:15 - WARNING - __main__ - Slot 0 (Blumentopf): KEIN Icon gefunden in item_icons! Zeichne Text.
2025-04-14 12:58:15 - WARNING - __main__ - Slot 1 (Sack Erde): KEIN Icon gefunden in item_icons! Zeichne Text.
2025-04-14 12:58:15 - WARNING - __main__ - Slot 2 (Weed Seeds): KEIN Icon gefunden in item_icons! Zeichne Text.
2025-04-14 12:58:15 - WARNING - __main__ - Slot 0 (Blumentopf): KEIN Icon gefunden in item_icons! Zeichne Text.
2025-04-14 12:58:15 - WARNING - __main__ - Slot 1 (Sack Erde): KEIN Icon gefunden in item_icons! Zeichne Text.
2025-04-14 12:58:15 - WARNING - __main__ - Slot 2 (Weed Seeds): KEIN Icon gefunden in item_icons! Zeichne Text.
2025-04-14 12:58:15 - WARNING - __main__ - Slot 0 (Blumentopf): KEIN Icon gefunden in item_icons! Zeichne Text.
2025-04-14 12:58:15 - WARNING - __main__ - Slot 1 (Sack Erde): KEIN Icon gefunden in item_icons! Zeichne Text.
2025-04-14 12:58:15 - WARNING - __main__ - Slot 2 (Weed Seeds): KEIN Icon gefunden in item_icons! Zeichne Text.
2025-04-14 12:58:15 - WARNING - __main__ - Slot 0 (Blumentopf): KEIN Icon gefunden in item_icons! Zeichne Text.
2025-04-14 12:58:15 - WARNING - __main__ - Slot 1 (Sack Erde): KEIN Icon gefunden in item_icons! Zeichne Text.
2025-04-14 12:58:15 - WARNING - __main__ - Slot 2 (Weed Seeds): KEIN Icon gefunden in item_icons! Zeichne Text.
2025-04-14 12:58:15 - WARNING - __main__ - Slot 0 (Blumentopf): KEIN Icon gefunden in item_icons! Zeichne Text.
2025-04-14 12:58:15 - WARNING - __main__ - Slot 1 (Sack Erde): KEIN Icon gefunden in item_icons! Zeichne Text.
2025-04-14 12:58:15 - WARNING - __main__ - Slot 2 (Weed Seeds): KEIN Icon gefunden in item_icons! Zeichne Text.
2025-04-14 12:58:15 - WARNING - __main__ - Slot 0 (Blumentopf): KEIN Icon gefunden in item_icons! Zeichne Text.
2025-04-14 12:58:15 - WARNING - __main__ - Slot 1 (Sack Erde): KEIN Icon gefunden in item_icons! Zeichne Text.
2025-04-14 12:58:15 - WARNING - __main__ - Slot 2 (Weed Seeds): KEIN Icon gefunden in item_icons! Zeichne Text.
2025-04-14 12:58:15 - WARNING - __main__ - Slot 0 (Blumentopf): KEIN Icon gefunden in item_icons! Zeichne Text.
2025-04-14 12:58:15 - WARNING - __main__ - Slot 1 (Sack Erde): KEIN Icon gefunden in item_icons! Zeichne Text.
2025-04-14 12:58:15 - WARNING - __main__ - Slot 2 (Weed Seeds): KEIN Icon gefunden in item_icons! Zeichne Text.
2025-04-14 12:58:15 - WARNING - __main__ - Slot 0 (Blumentopf): KEIN Icon gefunden in item_icons! Zeichne Text.
2025-04-14 12:58:15 - WARNING - __main__ - Slot 1 (Sack Erde): KEIN Icon gefunden in item_icons! Zeichne Text.
2025-04-14 12:58:15 - WARNING - __main__ - Slot 2 (Weed Seeds): KEIN Icon gefunden in item_icons! Zeichne Text.
2025-04-14 12:58:15 - WARNING - __main__ - Slot 0 (Blumentopf): KEIN Icon gefunden in item_icons! Zeichne Text.
2025-04-14 12:58:15 - WARNING - __main__ - Slot 1 (Sack Erde): KEIN Icon gefunden in item_icons! Zeichne Text.
2025-04-14 12:58:15 - WARNING - __main__ - Slot 2 (Weed Seeds): KEIN Icon gefunden in item_icons! Zeichne Text.
2025-04-14 12:58:15 - WARNING - __main__ - Slot 0 (Blumentopf): KEIN Icon gefunden in item_icons! Zeichne Text.
2025-04-14 12:58:15 - WARNING - __main__ - Slot 1 (Sack Erde): KEIN Icon gefunden in item_icons! Zeichne Text.
2025-04-14 12:58:15 - WARNING - __main__ - Slot 2 (Weed Seeds): KEIN Icon gefunden in item_icons! Zeichne Text.
2025-04-14 12:58:15 - WARNING - __main__ - Slot 0 (Blumentopf): KEIN Icon gefunden in item_icons! Zeichne Text.
2025-04-14 12:58:15 - WARNING - __main__ - Slot 1 (Sack Erde): KEIN Icon gefunden in item_icons! Zeichne Text.
2025-04-14 12:58:15 - WARNING - __main__ - Slot 2 (Weed Seeds): KEIN Icon gefunden in item_icons! Zeichne Text.
2025-04-14 12:58:15 - WARNING - __main__ - Slot 0 (Blumentopf): KEIN Icon gefunden in item_icons! Zeichne Text.
2025-04-14 12:58:15 - WARNING - __main__ - Slot 1 (Sack Erde): KEIN Icon gefunden in item_icons! Zeichne Text.
2025-04-14 12:58:15 - WARNING - __main__ - Slot 2 (Weed Seeds): KEIN Icon gefunden in item_icons! Zeichne Text.
2025-04-14 12:58:15 - WARNING - __main__ - Slot 0 (Blumentopf): KEIN Icon gefunden in item_icons! Zeichne Text.
2025-04-14 12:58:15 - WARNING - __main__ - Slot 1 (Sack Erde): KEIN Icon gefunden in item_icons! Zeichne Text.
2025-04-14 12:58:15 - WARNING - __main__ - Slot 2 (Weed Seeds): KEIN Icon gefunden in item_icons! Zeichne Text.
2025-04-14 12:58:15 - WARNING - __main__ - Slot 0 (Blumentopf): KEIN Icon gefunden in item_icons! Zeichne Text.
2025-04-14 12:58:15 - WARNING - __main__ - Slot 1 (Sack Erde): KEIN Icon gefunden in item_icons! Zeichne Text.
2025-04-14 12:58:15 - WARNING - __main__ - Slot 2 (Weed Seeds): KEIN Icon gefunden in item_icons! Zeichne Text.
2025-04-14 12:58:15 - WARNING - __main__ - Slot 0 (Blumentopf): KEIN Icon gefunden in item_icons! Zeichne Text.
2025-04-14 12:58:15 - WARNING - __main__ - Slot 1 (Sack Erde): KEIN Icon gefunden in item_icons! Zeichne Text.
2025-04-14 12:58:15 - WARNING - __main__ - Slot 2 (Weed Seeds): KEIN Icon gefunden in item_icons! Zeichne Text.
2025-04-14 12:58:15 - WARNING - __main__ - Slot 0 (Blumentopf): KEIN Icon gefunden in item_icons! Zeichne Text.
2025-04-14 12:58:15 - WARNING - __main__ - Slot 1 (Sack Erde): KEIN Icon gefunden in item_icons! Zeichne Text.
2025-04-14 12:58:15 - WARNING - __main__ - Slot 2 (Weed Seeds): KEIN Icon gefunden in item_icons! Zeichne Text.
2025-04-14 12:58:15 - WARNING - __main__ - Slot 0 (Blumentopf): KEIN Icon gefunden in item_icons! Zeichne Text.
2025-04-14 12:58:15 - WARNING - __main__ - Slot 1 (Sack Erde): KEIN Icon gefunden in item_icons! Zeichne Text.
2025-04-14 12:58:15 - WARNING - __main__ - Slot 2 (Weed Seeds): KEIN Icon gefunden in item_icons! Zeichne Text.
2025-04-14 12:58:15 - WARNING - __main__ - Slot 0 (Blumentopf): KEIN Icon gefunden in item_icons! Zeichne Text.
2025-04-14 12:58:15 - WARNING - __main__ - Slot 1 (Sack Erde): KEIN Icon gefunden in item_icons! Zeichne Text.
2025-04-14 12:58:15 - WARNING - __main__ - Slot 2 (Weed Seeds): KEIN Icon gefunden in item_icons! Zeichne Text.
2025-04-14 12:58:15 - WARNING - __main__ - Slot 0 (Blumentopf): KEIN Icon gefunden in item_icons! Zeichne Text.
2025-04-14 12:58:15 - WARNING - __main__ - Slot 1 (Sack Erde): KEIN Icon gefunden in item_icons! Zeichne Text.
2025-04-14 12:58:15 - WARNING - __main__ - Slot 2 (Weed Seeds): KEIN Icon gefunden in item_icons! Zeichne Text.
2025-04-14 12:58:15 - WARNING - __main__ - Slot 0 (Blumentopf): KEIN Icon gefunden in item_icons! Zeichne Text.
2025-04-14 12:58:15 - WARNING - __main__ - Slot 1 (Sack Erde): KEIN Icon gefunden in item_icons! Zeichne Text.
2025-04-14 12:58:15 - WARNING - __main__ - Slot 2 (Weed Seeds): KEIN Icon gefunden in item_icons! Zeichne Text.
2025-04-14 12:58:15 - WARNING - __main__ - Slot 0 (Blumentopf): KEIN Icon gefunden in item_icons! Zeichne Text.
2025-04-14 12:58:15 - WARNING - __main__ - Slot 1 (Sack Erde): KEIN Icon gefunden in item_icons! Zeichne Text.
2025-04-14 12:58:15 - WARNING - __main__ - Slot 2 (Weed Seeds): KEIN Icon gefunden in item_icons! Zeichne Text.
2025-04-14 12:58:15 - WARNING - __main__ - Slot 0 (Blumentopf): KEIN Icon gefunden in item_icons! Zeichne Text.
2025-04-14 12:58:15 - WARNING - __main__ - Slot 1 (Sack Erde): KEIN Icon gefunden in item_icons! Zeichne Text.
2025-04-14 12:58:15 - WARNING - __main__ - Slot 2 (Weed Seeds): KEIN Icon gefunden in item_icons! Zeichne Text.
2025-04-14 12:58:15 - WARNING - __main__ - Slot 0 (Blumentopf): KEIN Icon gefunden in item_icons! Zeichne Text.
2025-04-14 12:58:15 - WARNING - __main__ - Slot 1 (Sack Erde): KEIN Icon gefunden in item_icons! Zeichne Text.
2025-04-14 12:58:15 - WARNING - __main__ - Slot 2 (Weed Seeds): KEIN Icon gefunden in item_icons! Zeichne Text.
2025-04-14 12:58:15 - WARNING - __main__ - Slot 0 (Blumentopf): KEIN Icon gefunden in item_icons! Zeichne Text.
2025-04-14 12:58:15 - WARNING - __main__ - Slot 1 (Sack Erde): KEIN Icon gefunden in item_icons! Zeichne Text.
2025-04-14 12:58:15 - WARNING - __main__ - Slot 2 (Weed Seeds): KEIN Icon gefunden in item_icons! Zeichne Text.
2025-04-14 12:58:15 - WARNING - __main__ - Slot 0 (Blumentopf): KEIN Icon gefunden in item_icons! Zeichne Text.
2025-04-14 12:58:15 - WARNING - __main__ - Slot 1 (Sack Erde): KEIN Icon gefunden in item_icons! Zeichne Text.
2025-04-14 12:58:15 - WARNING - __main__ - Slot 2 (Weed Seeds): KEIN Icon gefunden in item_icons! Zeichne Text.
2025-04-14 12:58:15 - WARNING - __main__ - Slot 0 (Blumentopf): KEIN Icon gefunden in item_icons! Zeichne Text.
2025-04-14 12:58:15 - WARNING - __main__ - Slot 1 (Sack Erde): KEIN Icon gefunden in item_icons! Zeichne Text.
2025-04-14 12:58:15 - WARNING - __main__ - Slot 2 (Weed Seeds): KEIN Icon gefunden in item_icons! Zeichne Text.
2025-04-14 12:58:15 - WARNING - __main__ - Slot 0 (Blumentopf): KEIN Icon gefunden in item_icons! Zeichne Text.
2025-04-14 12:58:15 - WARNING - __main__ - Slot 1 (Sack Erde): KEIN Icon gefunden in item_icons! Zeichne Text.
2025-04-14 12:58:15 - WARNING - __main__ - Slot 2 (Weed Seeds): KEIN Icon gefunden in item_icons! Zeichne Text.
2025-04-14 12:58:15 - WARNING - __main__ - Slot 0 (Blumentopf): KEIN Icon gefunden in item_icons! Zeichne Text.
2025-04-14 12:58:15 - WARNING - __main__ - Slot 1 (Sack Erde): KEIN Icon gefunden in item_icons! Zeichne Text.
2025-04-14 12:58:15 - WARNING - __main__ - Slot 2 (Weed Seeds): KEIN Icon gefunden in item_icons! Zeichne Text.
2025-04-14 12:58:15 - WARNING - __main__ - Slot 0 (Blumentopf): KEIN Icon gefunden in item_icons! Zeichne Text.
2025-04-14 12:58:15 - WARNING - __main__ - Slot 1 (Sack Erde): KEIN Icon gefunden in item_icons! Zeichne Text.
2025-04-14 12:58:15 - WARNING - __main__ - Slot 2 (Weed Seeds): KEIN Icon gefunden in item_icons! Zeichne Text.
2025-04-14 12:58:15 - WARNING - __main__ - Slot 0 (Blumentopf): KEIN Icon gefunden in item_icons! Zeichne Text.
2025-04-14 12:58:15 - WARNING - __main__ - Slot 1 (Sack Erde): KEIN Icon gefunden in item_icons! Zeichne Text.
2025-04-14 12:58:15 - WARNING - __main__ - Slot 2 (Weed Seeds): KEIN Icon gefunden in item_icons! Zeichne Text.
2025-04-14 12:58:15 - WARNING - __main__ - Slot 0 (Blumentopf): KEIN Icon gefunden in item_icons! Zeichne Text.
2025-04-14 12:58:15 - WARNING - __main__ - Slot 1 (Sack Erde): KEIN Icon gefunden in item_icons! Zeichne Text.
2025-04-14 12:58:15 - WARNING - __main__ - Slot 2 (Weed Seeds): KEIN Icon gefunden in item_icons! Zeichne Text.
2025-04-14 12:58:15 - WARNING - __main__ - Slot 0 (Blumentopf): KEIN Icon gefunden in item_icons! Zeichne Text.
2025-04-14 12:58:15 - WARNING - __main__ - Slot 1 (Sack Erde): KEIN Icon gefunden in item_icons! Zeichne Text.
2025-04-14 12:58:15 - WARNING - __main__ - Slot 2 (Weed Seeds): KEIN Icon gefunden in item_icons! Zeichne Text.
2025-04-14 12:58:15 - WARNING - __main__ - Slot 0 (Blumentopf): KEIN Icon gefunden in item_icons! Zeichne Text.
2025-04-14 12:58:15 - WARNING - __main__ - Slot 1 (Sack Erde): KEIN Icon gefunden in item_icons! Zeichne Text.
2025-04-14 12:58:15 - WARNING - __main__ - Slot 2 (Weed Seeds): KEIN Icon gefunden in item_icons! Zeichne Text.
2025-04-14 12:58:15 - WARNING - __main__ - Slot 0 (Blumentopf): KEIN Icon gefunden in item_icons! Zeichne Text.
2025-04-14 12:58:15 - WARNING - __main__ - Slot 1 (Sack Erde): KEIN Icon gefunden in item_icons! Zeichne Text.
2025-04-14 12:58:15 - WARNING - __main__ - Slot 2 (Weed Seeds): KEIN Icon gefunden in item_icons! Zeichne Text.
2025-04-14 12:58:15 - WARNING - __main__ - Slot 0 (Blumentopf): KEIN Icon gefunden in item_icons! Zeichne Text.
2025-04-14 12:58:15 - WARNING - __main__ - Slot 1 (Sack Erde): KEIN Icon gefunden in item_icons! Zeichne Text.
2025-04-14 12:58:15 - WARNING - __main__ - Slot 2 (Weed Seeds): KEIN Icon gefunden in item_icons! Zeichne Text.
2025-04-14 12:58:15 - WARNING - __main__ - Slot 0 (Blumentopf): KEIN Icon gefunden in item_icons! Zeichne Text.
2025-04-14 12:58:15 - WARNING - __main__ - Slot 1 (Sack Erde): KEIN Icon gefunden in item_icons! Zeichne Text.
2025-04-14 12:58:15 - WARNING - __main__ - Slot 2 (Weed Seeds): KEIN Icon gefunden in item_icons! Zeichne Text.
2025-04-14 12:58:15 - WARNING - __main__ - Slot 0 (Blumentopf): KEIN Icon gefunden in item_icons! Zeichne Text.
2025-04-14 12:58:15 - WARNING - __main__ - Slot 1 (Sack Erde): KEIN Icon gefunden in item_icons! Zeichne Text.
2025-04-14 12:58:15 - WARNING - __main__ - Slot 2 (Weed Seeds): KEIN Icon gefunden in item_icons! Zeichne Text.
2025-04-14 12:58:15 - WARNING - __main__ - Slot 0 (Blumentopf): KEIN Icon gefunden in item_icons! Zeichne Text.
2025-04-14 12:58:15 - WARNING - __main__ - Slot 1 (Sack Erde): KEIN Icon gefunden in item_icons! Zeichne Text.
2025-04-14 12:58:15 - WARNING - __main__ - Slot 2 (Weed Seeds): KEIN Icon gefunden in item_icons! Zeichne Text.
2025-04-14 12:58:15 - WARNING - __main__ - Slot 0 (Blumentopf): KEIN Icon gefunden in item_icons! Zeichne Text.
2025-04-14 12:58:15 - WARNING - __main__ - Slot 1 (Sack Erde): KEIN Icon gefunden in item_icons! Zeichne Text.
2025-04-14 12:58:15 - WARNING - __main__ - Slot 2 (Weed Seeds): KEIN Icon gefunden in item_icons! Zeichne Text.
2025-04-14 12:58:15 - WARNING - __main__ - Slot 0 (Blumentopf): KEIN Icon gefunden in item_icons! Zeichne Text.
2025-04-14 12:58:15 - WARNING - __main__ - Slot 1 (Sack Erde): KEIN Icon gefunden in item_icons! Zeichne Text.
2025-04-14 12:58:15 - WARNING - __main__ - Slot 2 (Weed Seeds): KEIN Icon gefunden in item_icons! Zeichne Text.
2025-04-14 12:58:16 - WARNING - __main__ - Slot 0 (Blumentopf): KEIN Icon gefunden in item_icons! Zeichne Text.
2025-04-14 12:58:16 - WARNING - __main__ - Slot 1 (Sack Erde): KEIN Icon gefunden in item_icons! Zeichne Text.
2025-04-14 12:58:16 - WARNING - __main__ - Slot 2 (Weed Seeds): KEIN Icon gefunden in item_icons! Zeichne Text.
2025-04-14 12:58:16 - WARNING - __main__ - Slot 0 (Blumentopf): KEIN Icon gefunden in item_icons! Zeichne Text.
2025-04-14 12:58:16 - WARNING - __main__ - Slot 1 (Sack Erde): KEIN Icon gefunden in item_icons! Zeichne Text.
2025-04-14 12:58:16 - WARNING - __main__ - Slot 2 (Weed Seeds): KEIN Icon gefunden in item_icons! Zeichne Text.
2025-04-14 12:58:16 - WARNING - __main__ - Slot 0 (Blumentopf): KEIN Icon gefunden in item_icons! Zeichne Text.
2025-04-14 12:58:16 - WARNING - __main__ - Slot 1 (Sack Erde): KEIN Icon gefunden in item_icons! Zeichne Text.
2025-04-14 12:58:16 - WARNING - __main__ - Slot 2 (Weed Seeds): KEIN Icon gefunden in item_icons! Zeichne Text.
2025-04-14 12:58:16 - WARNING - __main__ - Slot 0 (Blumentopf): KEIN Icon gefunden in item_icons! Zeichne Text.
2025-04-14 12:58:16 - WARNING - __main__ - Slot 1 (Sack Erde): KEIN Icon gefunden in item_icons! Zeichne Text.
2025-04-14 12:58:16 - WARNING - __main__ - Slot 2 (Weed Seeds): KEIN Icon gefunden in item_icons! Zeichne Text.
2025-04-14 12:58:16 - WARNING - __main__ - Slot 0 (Blumentopf): KEIN Icon gefunden in item_icons! Zeichne Text.
2025-04-14 12:58:16 - WARNING - __main__ - Slot 1 (Sack Erde): KEIN Icon gefunden in item_icons! Zeichne Text.
2025-04-14 12:58:16 - WARNING - __main__ - Slot 2 (Weed Seeds): KEIN Icon gefunden in item_icons! Zeichne Text.
2025-04-14 12:58:16 - WARNING - __main__ - Slot 0 (Blumentopf): KEIN Icon gefunden in item_icons! Zeichne Text.
2025-04-14 12:58:16 - WARNING - __main__ - Slot 1 (Sack Erde): KEIN Icon gefunden in item_icons! Zeichne Text.
2025-04-14 12:58:16 - WARNING - __main__ - Slot 2 (Weed Seeds): KEIN Icon gefunden in item_icons! Zeichne Text.
2025-04-14 12:58:16 - WARNING - __main__ - Slot 0 (Blumentopf): KEIN Icon gefunden in item_icons! Zeichne Text.
2025-04-14 12:58:16 - WARNING - __main__ - Slot 1 (Sack Erde): KEIN Icon gefunden in item_icons! Zeichne Text.
2025-04-14 12:58:16 - WARNING - __main__ - Slot 2 (Weed Seeds): KEIN Icon gefunden in item_icons! Zeichne Text.
2025-04-14 12:58:16 - WARNING - __main__ - Slot 0 (Blumentopf): KEIN Icon gefunden in item_icons! Zeichne Text.
2025-04-14 12:58:16 - WARNING - __main__ - Slot 1 (Sack Erde): KEIN Icon gefunden in item_icons! Zeichne Text.
2025-04-14 12:58:16 - WARNING - __main__ - Slot 2 (Weed Seeds): KEIN Icon gefunden in item_icons! Zeichne Text.
2025-04-14 12:58:16 - WARNING - __main__ - Slot 0 (Blumentopf): KEIN Icon gefunden in item_icons! Zeichne Text.
2025-04-14 12:58:16 - WARNING - __main__ - Slot 1 (Sack Erde): KEIN Icon gefunden in item_icons! Zeichne Text.
2025-04-14 12:58:16 - WARNING - __main__ - Slot 2 (Weed Seeds): KEIN Icon gefunden in item_icons! Zeichne Text.
2025-04-14 12:58:16 - WARNING - __main__ - Slot 0 (Blumentopf): KEIN Icon gefunden in item_icons! Zeichne Text.
2025-04-14 12:58:16 - WARNING - __main__ - Slot 1 (Sack Erde): KEIN Icon gefunden in item_icons! Zeichne Text.
2025-04-14 12:58:16 - WARNING - __main__ - Slot 2 (Weed Seeds): KEIN Icon gefunden in item_icons! Zeichne Text.
2025-04-14 12:58:16 - WARNING - __main__ - Slot 0 (Blumentopf): KEIN Icon gefunden in item_icons! Zeichne Text.
2025-04-14 12:58:16 - WARNING - __main__ - Slot 1 (Sack Erde): KEIN Icon gefunden in item_icons! Zeichne Text.
2025-04-14 12:58:16 - WARNING - __main__ - Slot 2 (Weed Seeds): KEIN Icon gefunden in item_icons! Zeichne Text.
2025-04-14 12:58:16 - WARNING - __main__ - Slot 0 (Blumentopf): KEIN Icon gefunden in item_icons! Zeichne Text.
2025-04-14 12:58:16 - WARNING - __main__ - Slot 1 (Sack Erde): KEIN Icon gefunden in item_icons! Zeichne Text.
2025-04-14 12:58:16 - WARNING - __main__ - Slot 2 (Weed Seeds): KEIN Icon gefunden in item_icons! Zeichne Text.
2025-04-14 12:58:16 - WARNING - __main__ - Slot 0 (Blumentopf): KEIN Icon gefunden in item_icons! Zeichne Text.
2025-04-14 12:58:16 - WARNING - __main__ - Slot 1 (Sack Erde): KEIN Icon gefunden in item_icons! Zeichne Text.
2025-04-14 12:58:16 - WARNING - __main__ - Slot 2 (Weed Seeds): KEIN Icon gefunden in item_icons! Zeichne Text.
2025-04-14 12:58:16 - WARNING - __main__ - Slot 0 (Blumentopf): KEIN Icon gefunden in item_icons! Zeichne Text.
2025-04-14 12:58:16 - WARNING - __main__ - Slot 1 (Sack Erde): KEIN Icon gefunden in item_icons! Zeichne Text.
2025-04-14 12:58:16 - WARNING - __main__ - Slot 2 (Weed Seeds): KEIN Icon gefunden in item_icons! Zeichne Text.
2025-04-14 12:58:16 - WARNING - __main__ - Slot 0 (Blumentopf): KEIN Icon gefunden in item_icons! Zeichne Text.
2025-04-14 12:58:16 - WARNING - __main__ - Slot 1 (Sack Erde): KEIN Icon gefunden in item_icons! Zeichne Text.
2025-04-14 12:58:16 - WARNING - __main__ - Slot 2 (Weed Seeds): KEIN Icon gefunden in item_icons! Zeichne Text.
2025-04-14 12:58:16 - WARNING - __main__ - Slot 0 (Blumentopf): KEIN Icon gefunden in item_icons! Zeichne Text.
2025-04-14 12:58:16 - WARNING - __main__ - Slot 1 (Sack Erde): KEIN Icon gefunden in item_icons! Zeichne Text.
2025-04-14 12:58:16 - WARNING - __main__ - Slot 2 (Weed Seeds): KEIN Icon gefunden in item_icons! Zeichne Text.
2025-04-14 12:58:16 - WARNING - __main__ - Slot 0 (Blumentopf): KEIN Icon gefunden in item_icons! Zeichne Text.
2025-04-14 12:58:16 - WARNING - __main__ - Slot 1 (Sack Erde): KEIN Icon gefunden in item_icons! Zeichne Text.
2025-04-14 12:58:16 - WARNING - __main__ - Slot 2 (Weed Seeds): KEIN Icon gefunden in item_icons! Zeichne Text.
2025-04-14 12:58:16 - WARNING - __main__ - Slot 0 (Blumentopf): KEIN Icon gefunden in item_icons! Zeichne Text.
2025-04-14 12:58:16 - WARNING - __main__ - Slot 1 (Sack Erde): KEIN Icon gefunden in item_icons! Zeichne Text.
2025-04-14 12:58:16 - WARNING - __main__ - Slot 2 (Weed Seeds): KEIN Icon gefunden in item_icons! Zeichne Text.
2025-04-14 12:58:16 - WARNING - __main__ - Slot 0 (Blumentopf): KEIN Icon gefunden in item_icons! Zeichne Text.
2025-04-14 12:58:16 - WARNING - __main__ - Slot 1 (Sack Erde): KEIN Icon gefunden in item_icons! Zeichne Text.
2025-04-14 12:58:16 - WARNING - __main__ - Slot 2 (Weed Seeds): KEIN Icon gefunden in item_icons! Zeichne Text.
2025-04-14 12:58:16 - WARNING - __main__ - Slot 0 (Blumentopf): KEIN Icon gefunden in item_icons! Zeichne Text.
2025-04-14 12:58:16 - WARNING - __main__ - Slot 1 (Sack Erde): KEIN Icon gefunden in item_icons! Zeichne Text.
2025-04-14 12:58:16 - WARNING - __main__ - Slot 2 (Weed Seeds): KEIN Icon gefunden in item_icons! Zeichne Text.
2025-04-14 12:58:16 - WARNING - __main__ - Slot 0 (Blumentopf): KEIN Icon gefunden in item_icons! Zeichne Text.
2025-04-14 12:58:16 - WARNING - __main__ - Slot 1 (Sack Erde): KEIN Icon gefunden in item_icons! Zeichne Text.
2025-04-14 12:58:16 - WARNING - __main__ - Slot 2 (Weed Seeds): KEIN Icon gefunden in item_icons! Zeichne Text.
2025-04-14 12:58:16 - WARNING - __main__ - Slot 0 (Blumentopf): KEIN Icon gefunden in item_icons! Zeichne Text.
2025-04-14 12:58:16 - WARNING - __main__ - Slot 1 (Sack Erde): KEIN Icon gefunden in item_icons! Zeichne Text.
2025-04-14 12:58:16 - WARNING - __main__ - Slot 2 (Weed Seeds): KEIN Icon gefunden in item_icons! Zeichne Text.
2025-04-14 12:58:16 - WARNING - __main__ - Slot 0 (Blumentopf): KEIN Icon gefunden in item_icons! Zeichne Text.
2025-04-14 12:58:16 - WARNING - __main__ - Slot 1 (Sack Erde): KEIN Icon gefunden in item_icons! Zeichne Text.
2025-04-14 12:58:16 - WARNING - __main__ - Slot 2 (Weed Seeds): KEIN Icon gefunden in item_icons! Zeichne Text.
2025-04-14 12:58:16 - WARNING - __main__ - Slot 0 (Blumentopf): KEIN Icon gefunden in item_icons! Zeichne Text.
2025-04-14 12:58:16 - WARNING - __main__ - Slot 1 (Sack Erde): KEIN Icon gefunden in item_icons! Zeichne Text.
2025-04-14 12:58:16 - WARNING - __main__ - Slot 2 (Weed Seeds): KEIN Icon gefunden in item_icons! Zeichne Text.
2025-04-14 12:58:16 - WARNING - __main__ - Slot 0 (Blumentopf): KEIN Icon gefunden in item_icons! Zeichne Text.
2025-04-14 12:58:16 - WARNING - __main__ - Slot 1 (Sack Erde): KEIN Icon gefunden in item_icons! Zeichne Text.
2025-04-14 12:58:16 - WARNING - __main__ - Slot 2 (Weed Seeds): KEIN Icon gefunden in item_icons! Zeichne Text.
2025-04-14 12:58:16 - WARNING - __main__ - Slot 0 (Blumentopf): KEIN Icon gefunden in item_icons! Zeichne Text.
2025-04-14 12:58:16 - WARNING - __main__ - Slot 1 (Sack Erde): KEIN Icon gefunden in item_icons! Zeichne Text.
2025-04-14 12:58:16 - WARNING - __main__ - Slot 2 (Weed Seeds): KEIN Icon gefunden in item_icons! Zeichne Text.
2025-04-14 12:58:16 - WARNING - __main__ - Slot 0 (Blumentopf): KEIN Icon gefunden in item_icons! Zeichne Text.
2025-04-14 12:58:16 - WARNING - __main__ - Slot 1 (Sack Erde): KEIN Icon gefunden in item_icons! Zeichne Text.
2025-04-14 12:58:16 - WARNING - __main__ - Slot 2 (Weed Seeds): KEIN Icon gefunden in item_icons! Zeichne Text.
2025-04-14 12:58:16 - WARNING - __main__ - Slot 0 (Blumentopf): KEIN Icon gefunden in item_icons! Zeichne Text.
2025-04-14 12:58:16 - WARNING - __main__ - Slot 1 (Sack Erde): KEIN Icon gefunden in item_icons! Zeichne Text.
2025-04-14 12:58:16 - WARNING - __main__ - Slot 2 (Weed Seeds): KEIN Icon gefunden in item_icons! Zeichne Text.
2025-04-14 12:58:16 - WARNING - __main__ - Slot 0 (Blumentopf): KEIN Icon gefunden in item_icons! Zeichne Text.
2025-04-14 12:58:16 - WARNING - __main__ - Slot 1 (Sack Erde): KEIN Icon gefunden in item_icons! Zeichne Text.
2025-04-14 12:58:16 - WARNING - __main__ - Slot 2 (Weed Seeds): KEIN Icon gefunden in item_icons! Zeichne Text.
2025-04-14 12:58:16 - WARNING - __main__ - Slot 0 (Blumentopf): KEIN Icon gefunden in item_icons! Zeichne Text.
2025-04-14 12:58:16 - WARNING - __main__ - Slot 1 (Sack Erde): KEIN Icon gefunden in item_icons! Zeichne Text.
2025-04-14 12:58:16 - WARNING - __main__ - Slot 2 (Weed Seeds): KEIN Icon gefunden in item_icons! Zeichne Text.
2025-04-14 12:58:16 - WARNING - __main__ - Slot 0 (Blumentopf): KEIN Icon gefunden in item_icons! Zeichne Text.
2025-04-14 12:58:16 - WARNING - __main__ - Slot 1 (Sack Erde): KEIN Icon gefunden in item_icons! Zeichne Text.
2025-04-14 12:58:16 - WARNING - __main__ - Slot 2 (Weed Seeds): KEIN Icon gefunden in item_icons! Zeichne Text.
2025-04-14 12:58:16 - WARNING - __main__ - Slot 0 (Blumentopf): KEIN Icon gefunden in item_icons! Zeichne Text.
2025-04-14 12:58:16 - WARNING - __main__ - Slot 1 (Sack Erde): KEIN Icon gefunden in item_icons! Zeichne Text.
2025-04-14 12:58:16 - WARNING - __main__ - Slot 2 (Weed Seeds): KEIN Icon gefunden in item_icons! Zeichne Text.
2025-04-14 12:58:16 - WARNING - __main__ - Slot 0 (Blumentopf): KEIN Icon gefunden in item_icons! Zeichne Text.
2025-04-14 12:58:16 - WARNING - __main__ - Slot 1 (Sack Erde): KEIN Icon gefunden in item_icons! Zeichne Text.
2025-04-14 12:58:16 - WARNING - __main__ - Slot 2 (Weed Seeds): KEIN Icon gefunden in item_icons! Zeichne Text.
2025-04-14 12:58:16 - WARNING - __main__ - Slot 0 (Blumentopf): KEIN Icon gefunden in item_icons! Zeichne Text.
2025-04-14 12:58:16 - WARNING - __main__ - Slot 1 (Sack Erde): KEIN Icon gefunden in item_icons! Zeichne Text.
2025-04-14 12:58:16 - WARNING - __main__ - Slot 2 (Weed Seeds): KEIN Icon gefunden in item_icons! Zeichne Text.
2025-04-14 12:58:16 - WARNING - __main__ - Slot 0 (Blumentopf): KEIN Icon gefunden in item_icons! Zeichne Text.
2025-04-14 12:58:16 - WARNING - __main__ - Slot 1 (Sack Erde): KEIN Icon gefunden in item_icons! Zeichne Text.
2025-04-14 12:58:16 - WARNING - __main__ - Slot 2 (Weed Seeds): KEIN Icon gefunden in item_icons! Zeichne Text.
2025-04-14 12:58:16 - WARNING - __main__ - Slot 0 (Blumentopf): KEIN Icon gefunden in item_icons! Zeichne Text.
2025-04-14 12:58:16 - WARNING - __main__ - Slot 1 (Sack Erde): KEIN Icon gefunden in item_icons! Zeichne Text.
2025-04-14 12:58:16 - WARNING - __main__ - Slot 2 (Weed Seeds): KEIN Icon gefunden in item_icons! Zeichne Text.
2025-04-14 12:58:16 - WARNING - __main__ - Slot 0 (Blumentopf): KEIN Icon gefunden in item_icons! Zeichne Text.
2025-04-14 12:58:16 - WARNING - __main__ - Slot 1 (Sack Erde): KEIN Icon gefunden in item_icons! Zeichne Text.
2025-04-14 12:58:16 - WARNING - __main__ - Slot 2 (Weed Seeds): KEIN Icon gefunden in item_icons! Zeichne Text.
2025-04-14 12:58:16 - WARNING - __main__ - Slot 0 (Blumentopf): KEIN Icon gefunden in item_icons! Zeichne Text.
2025-04-14 12:58:16 - WARNING - __main__ - Slot 1 (Sack Erde): KEIN Icon gefunden in item_icons! Zeichne Text.
2025-04-14 12:58:16 - WARNING - __main__ - Slot 2 (Weed Seeds): KEIN Icon gefunden in item_icons! Zeichne Text.
2025-04-14 12:58:16 - WARNING - __main__ - Slot 0 (Blumentopf): KEIN Icon gefunden in item_icons! Zeichne Text.
2025-04-14 12:58:16 - WARNING - __main__ - Slot 1 (Sack Erde): KEIN Icon gefunden in item_icons! Zeichne Text.
2025-04-14 12:58:16 - WARNING - __main__ - Slot 2 (Weed Seeds): KEIN Icon gefunden in item_icons! Zeichne Text.
2025-04-14 12:58:16 - WARNING - __main__ - Slot 0 (Blumentopf): KEIN Icon gefunden in item_icons! Zeichne Text.
2025-04-14 12:58:16 - WARNING - __main__ - Slot 1 (Sack Erde): KEIN Icon gefunden in item_icons! Zeichne Text.
2025-04-14 12:58:16 - WARNING - __main__ - Slot 2 (Weed Seeds): KEIN Icon gefunden in item_icons! Zeichne Text.
2025-04-14 12:58:16 - WARNING - __main__ - Slot 0 (Blumentopf): KEIN Icon gefunden in item_icons! Zeichne Text.
2025-04-14 12:58:16 - WARNING - __main__ - Slot 1 (Sack Erde): KEIN Icon gefunden in item_icons! Zeichne Text.
2025-04-14 12:58:16 - WARNING - __main__ - Slot 2 (Weed Seeds): KEIN Icon gefunden in item_icons! Zeichne Text.
2025-04-14 12:58:16 - WARNING - __main__ - Slot 0 (Blumentopf): KEIN Icon gefunden in item_icons! Zeichne Text.
2025-04-14 12:58:16 - WARNING - __main__ - Slot 1 (Sack Erde): KEIN Icon gefunden in item_icons! Zeichne Text.
2025-04-14 12:58:16 - WARNING - __main__ - Slot 2 (Weed Seeds): KEIN Icon gefunden in item_icons! Zeichne Text.
2025-04-14 12:58:16 - WARNING - __main__ - Slot 0 (Blumentopf): KEIN Icon gefunden in item_icons! Zeichne Text.
2025-04-14 12:58:16 - WARNING - __main__ - Slot 1 (Sack Erde): KEIN Icon gefunden in item_icons! Zeichne Text.
2025-04-14 12:58:16 - WARNING - __main__ - Slot 2 (Weed Seeds): KEIN Icon gefunden in item_icons! Zeichne Text.
2025-04-14 12:58:16 - WARNING - __main__ - Slot 0 (Blumentopf): KEIN Icon gefunden in item_icons! Zeichne Text.
2025-04-14 12:58:16 - WARNING - __main__ - Slot 1 (Sack Erde): KEIN Icon gefunden in item_icons! Zeichne Text.
2025-04-14 12:58:16 - WARNING - __main__ - Slot 2 (Weed Seeds): KEIN Icon gefunden in item_icons! Zeichne Text.
2025-04-14 12:58:16 - WARNING - __main__ - Slot 0 (Blumentopf): KEIN Icon gefunden in item_icons! Zeichne Text.
2025-04-14 12:58:16 - WARNING - __main__ - Slot 1 (Sack Erde): KEIN Icon gefunden in item_icons! Zeichne Text.
2025-04-14 12:58:16 - WARNING - __main__ - Slot 2 (Weed Seeds): KEIN Icon gefunden in item_icons! Zeichne Text.
2025-04-14 12:58:16 - WARNING - __main__ - Slot 0 (Blumentopf): KEIN Icon gefunden in item_icons! Zeichne Text.
2025-04-14 12:58:16 - WARNING - __main__ - Slot 1 (Sack Erde): KEIN Icon gefunden in item_icons! Zeichne Text.
2025-04-14 12:58:16 - WARNING - __main__ - Slot 2 (Weed Seeds): KEIN Icon gefunden in item_icons! Zeichne Text.
2025-04-14 12:58:16 - WARNING - __main__ - Slot 0 (Blumentopf): KEIN Icon gefunden in item_icons! Zeichne Text.
2025-04-14 12:58:16 - WARNING - __main__ - Slot 1 (Sack Erde): KEIN Icon gefunden in item_icons! Zeichne Text.
2025-04-14 12:58:16 - WARNING - __main__ - Slot 2 (Weed Seeds): KEIN Icon gefunden in item_icons! Zeichne Text.
2025-04-14 12:58:16 - WARNING - __main__ - Slot 0 (Blumentopf): KEIN Icon gefunden in item_icons! Zeichne Text.
2025-04-14 12:58:16 - WARNING - __main__ - Slot 1 (Sack Erde): KEIN Icon gefunden in item_icons! Zeichne Text.
2025-04-14 12:58:16 - WARNING - __main__ - Slot 2 (Weed Seeds): KEIN Icon gefunden in item_icons! Zeichne Text.
2025-04-14 12:58:16 - WARNING - __main__ - Slot 0 (Blumentopf): KEIN Icon gefunden in item_icons! Zeichne Text.
2025-04-14 12:58:16 - WARNING - __main__ - Slot 1 (Sack Erde): KEIN Icon gefunden in item_icons! Zeichne Text.
2025-04-14 12:58:16 - WARNING - __main__ - Slot 2 (Weed Seeds): KEIN Icon gefunden in item_icons! Zeichne Text.
2025-04-14 12:58:16 - WARNING - __main__ - Slot 0 (Blumentopf): KEIN Icon gefunden in item_icons! Zeichne Text.
2025-04-14 12:58:16 - WARNING - __main__ - Slot 1 (Sack Erde): KEIN Icon gefunden in item_icons! Zeichne Text.
2025-04-14 12:58:16 - WARNING - __main__ - Slot 2 (Weed Seeds): KEIN Icon gefunden in item_icons! Zeichne Text.
2025-04-14 12:58:16 - WARNING - __main__ - Slot 0 (Blumentopf): KEIN Icon gefunden in item_icons! Zeichne Text.
2025-04-14 12:58:16 - WARNING - __main__ - Slot 1 (Sack Erde): KEIN Icon gefunden in item_icons! Zeichne Text.
2025-04-14 12:58:16 - WARNING - __main__ - Slot 2 (Weed Seeds): KEIN Icon gefunden in item_icons! Zeichne Text.
2025-04-14 12:58:16 - WARNING - __main__ - Slot 0 (Blumentopf): KEIN Icon gefunden in item_icons! Zeichne Text.
2025-04-14 12:58:16 - WARNING - __main__ - Slot 1 (Sack Erde): KEIN Icon gefunden in item_icons! Zeichne Text.
2025-04-14 12:58:16 - WARNING - __main__ - Slot 2 (Weed Seeds): KEIN Icon gefunden in item_icons! Zeichne Text.
2025-04-14 12:58:16 - WARNING - __main__ - Slot 0 (Blumentopf): KEIN Icon gefunden in item_icons! Zeichne Text.
2025-04-14 12:58:16 - WARNING - __main__ - Slot 1 (Sack Erde): KEIN Icon gefunden in item_icons! Zeichne Text.
2025-04-14 12:58:16 - WARNING - __main__ - Slot 2 (Weed Seeds): KEIN Icon gefunden in item_icons! Zeichne Text.
2025-04-14 12:58:16 - WARNING - __main__ - Slot 0 (Blumentopf): KEIN Icon gefunden in item_icons! Zeichne Text.
2025-04-14 12:58:16 - WARNING - __main__ - Slot 1 (Sack Erde): KEIN Icon gefunden in item_icons! Zeichne Text.
2025-04-14 12:58:16 - WARNING - __main__ - Slot 2 (Weed Seeds): KEIN Icon gefunden in item_icons! Zeichne Text.
2025-04-14 12:58:16 - WARNING - __main__ - Slot 0 (Blumentopf): KEIN Icon gefunden in item_icons! Zeichne Text.
2025-04-14 12:58:16 - WARNING - __main__ - Slot 1 (Sack Erde): KEIN Icon gefunden in item_icons! Zeichne Text.
2025-04-14 12:58:16 - WARNING - __main__ - Slot 2 (Weed Seeds): KEIN Icon gefunden in item_icons! Zeichne Text.
2025-04-14 12:58:16 - WARNING - __main__ - Slot 0 (Blumentopf): KEIN Icon gefunden in item_icons! Zeichne Text.
2025-04-14 12:58:16 - WARNING - __main__ - Slot 1 (Sack Erde): KEIN Icon gefunden in item_icons! Zeichne Text.
2025-04-14 12:58:16 - WARNING - __main__ - Slot 2 (Weed Seeds): KEIN Icon gefunden in item_icons! Zeichne Text.
2025-04-14 12:58:16 - WARNING - __main__ - Slot 0 (Blumentopf): KEIN Icon gefunden in item_icons! Zeichne Text.
2025-04-14 12:58:16 - WARNING - __main__ - Slot 1 (Sack Erde): KEIN Icon gefunden in item_icons! Zeichne Text.
2025-04-14 12:58:16 - WARNING - __main__ - Slot 2 (Weed Seeds): KEIN Icon gefunden in item_icons! Zeichne Text.
2025-04-14 12:58:16 - WARNING - __main__ - Slot 0 (Blumentopf): KEIN Icon gefunden in item_icons! Zeichne Text.
2025-04-14 12:58:16 - WARNING - __main__ - Slot 1 (Sack Erde): KEIN Icon gefunden in item_icons! Zeichne Text.
2025-04-14 12:58:16 - WARNING - __main__ - Slot 2 (Weed Seeds): KEIN Icon gefunden in item_icons! Zeichne Text.
2025-04-14 12:58:16 - WARNING - __main__ - Slot 0 (Blumentopf): KEIN Icon gefunden in item_icons! Zeichne Text.
2025-04-14 12:58:16 - WARNING - __main__ - Slot 1 (Sack Erde): KEIN Icon gefunden in item_icons! Zeichne Text.
2025-04-14 12:58:16 - WARNING - __main__ - Slot 2 (Weed Seeds): KEIN Icon gefunden in item_icons! Zeichne Text.
2025-04-14 12:58:16 - WARNING - __main__ - Slot 0 (Blumentopf): KEIN Icon gefunden in item_icons! Zeichne Text.
2025-04-14 12:58:16 - WARNING - __main__ - Slot 1 (Sack Erde): KEIN Icon gefunden in item_icons! Zeichne Text.
2025-04-14 12:58:16 - WARNING - __main__ - Slot 2 (Weed Seeds): KEIN Icon gefunden in item_icons! Zeichne Text.
2025-04-14 12:58:16 - WARNING - __main__ - Slot 0 (Blumentopf): KEIN Icon gefunden in item_icons! Zeichne Text.
2025-04-14 12:58:16 - WARNING - __main__ - Slot 1 (Sack Erde): KEIN Icon gefunden in item_icons! Zeichne Text.
2025-04-14 12:58:16 - WARNING - __main__ - Slot 2 (Weed Seeds): KEIN Icon gefunden in item_icons! Zeichne Text.
2025-04-14 12:58:17 - WARNING - __main__ - Slot 0 (Blumentopf): KEIN Icon gefunden in item_icons! Zeichne Text.
2025-04-14 12:58:17 - WARNING - __main__ - Slot 1 (Sack Erde): KEIN Icon gefunden in item_icons! Zeichne Text.
2025-04-14 12:58:17 - WARNING - __main__ - Slot 2 (Weed Seeds): KEIN Icon gefunden in item_icons! Zeichne Text.
2025-04-14 12:58:17 - WARNING - __main__ - Slot 0 (Blumentopf): KEIN Icon gefunden in item_icons! Zeichne Text.
2025-04-14 12:58:17 - WARNING - __main__ - Slot 1 (Sack Erde): KEIN Icon gefunden in item_icons! Zeichne Text.
2025-04-14 12:58:17 - WARNING - __main__ - Slot 2 (Weed Seeds): KEIN Icon gefunden in item_icons! Zeichne Text.
2025-04-14 12:58:17 - WARNING - __main__ - Slot 0 (Blumentopf): KEIN Icon gefunden in item_icons! Zeichne Text.
2025-04-14 12:58:17 - WARNING - __main__ - Slot 1 (Sack Erde): KEIN Icon gefunden in item_icons! Zeichne Text.
2025-04-14 12:58:17 - WARNING - __main__ - Slot 2 (Weed Seeds): KEIN Icon gefunden in item_icons! Zeichne Text.
2025-04-14 12:58:17 - WARNING - __main__ - Slot 0 (Blumentopf): KEIN Icon gefunden in item_icons! Zeichne Text.
2025-04-14 12:58:17 - WARNING - __main__ - Slot 1 (Sack Erde): KEIN Icon gefunden in item_icons! Zeichne Text.
2025-04-14 12:58:17 - WARNING - __main__ - Slot 2 (Weed Seeds): KEIN Icon gefunden in item_icons! Zeichne Text.
2025-04-14 12:58:17 - WARNING - __main__ - Slot 0 (Blumentopf): KEIN Icon gefunden in item_icons! Zeichne Text.
2025-04-14 12:58:17 - WARNING - __main__ - Slot 1 (Sack Erde): KEIN Icon gefunden in item_icons! Zeichne Text.
2025-04-14 12:58:17 - WARNING - __main__ - Slot 2 (Weed Seeds): KEIN Icon gefunden in item_icons! Zeichne Text.
2025-04-14 12:58:17 - WARNING - __main__ - Slot 0 (Blumentopf): KEIN Icon gefunden in item_icons! Zeichne Text.
2025-04-14 12:58:17 - WARNING - __main__ - Slot 1 (Sack Erde): KEIN Icon gefunden in item_icons! Zeichne Text.
2025-04-14 12:58:17 - WARNING - __main__ - Slot 2 (Weed Seeds): KEIN Icon gefunden in item_icons! Zeichne Text.
2025-04-14 12:58:17 - WARNING - __main__ - Slot 0 (Blumentopf): KEIN Icon gefunden in item_icons! Zeichne Text.
2025-04-14 12:58:17 - WARNING - __main__ - Slot 1 (Sack Erde): KEIN Icon gefunden in item_icons! Zeichne Text.
2025-04-14 12:58:17 - WARNING - __main__ - Slot 2 (Weed Seeds): KEIN Icon gefunden in item_icons! Zeichne Text.
2025-04-14 12:58:17 - WARNING - __main__ - Slot 0 (Blumentopf): KEIN Icon gefunden in item_icons! Zeichne Text.
2025-04-14 12:58:17 - WARNING - __main__ - Slot 1 (Sack Erde): KEIN Icon gefunden in item_icons! Zeichne Text.
2025-04-14 12:58:17 - WARNING - __main__ - Slot 2 (Weed Seeds): KEIN Icon gefunden in item_icons! Zeichne Text.
2025-04-14 12:58:17 - WARNING - __main__ - Slot 0 (Blumentopf): KEIN Icon gefunden in item_icons! Zeichne Text.
2025-04-14 12:58:17 - WARNING - __main__ - Slot 1 (Sack Erde): KEIN Icon gefunden in item_icons! Zeichne Text.
2025-04-14 12:58:17 - WARNING - __main__ - Slot 2 (Weed Seeds): KEIN Icon gefunden in item_icons! Zeichne Text.
2025-04-14 12:58:17 - WARNING - __main__ - Slot 0 (Blumentopf): KEIN Icon gefunden in item_icons! Zeichne Text.
2025-04-14 12:58:17 - WARNING - __main__ - Slot 1 (Sack Erde): KEIN Icon gefunden in item_icons! Zeichne Text.
2025-04-14 12:58:17 - WARNING - __main__ - Slot 2 (Weed Seeds): KEIN Icon gefunden in item_icons! Zeichne Text.
2025-04-14 12:58:17 - WARNING - __main__ - Slot 0 (Blumentopf): KEIN Icon gefunden in item_icons! Zeichne Text.
2025-04-14 12:58:17 - WARNING - __main__ - Slot 1 (Sack Erde): KEIN Icon gefunden in item_icons! Zeichne Text.
2025-04-14 12:58:17 - WARNING - __main__ - Slot 2 (Weed Seeds): KEIN Icon gefunden in item_icons! Zeichne Text.
2025-04-14 12:58:17 - WARNING - __main__ - Slot 0 (Blumentopf): KEIN Icon gefunden in item_icons! Zeichne Text.
2025-04-14 12:58:17 - WARNING - __main__ - Slot 1 (Sack Erde): KEIN Icon gefunden in item_icons! Zeichne Text.
2025-04-14 12:58:17 - WARNING - __main__ - Slot 2 (Weed Seeds): KEIN Icon gefunden in item_icons! Zeichne Text.
2025-04-14 12:58:17 - WARNING - __main__ - Slot 0 (Blumentopf): KEIN Icon gefunden in item_icons! Zeichne Text.
2025-04-14 12:58:17 - WARNING - __main__ - Slot 1 (Sack Erde): KEIN Icon gefunden in item_icons! Zeichne Text.
2025-04-14 12:58:17 - WARNING - __main__ - Slot 2 (Weed Seeds): KEIN Icon gefunden in item_icons! Zeichne Text.
2025-04-14 12:58:17 - WARNING - __main__ - Slot 0 (Blumentopf): KEIN Icon gefunden in item_icons! Zeichne Text.
2025-04-14 12:58:17 - WARNING - __main__ - Slot 1 (Sack Erde): KEIN Icon gefunden in item_icons! Zeichne Text.
2025-04-14 12:58:17 - WARNING - __main__ - Slot 2 (Weed Seeds): KEIN Icon gefunden in item_icons! Zeichne Text.
2025-04-14 12:58:17 - WARNING - __main__ - Slot 0 (Blumentopf): KEIN Icon gefunden in item_icons! Zeichne Text.
2025-04-14 12:58:17 - WARNING - __main__ - Slot 1 (Sack Erde): KEIN Icon gefunden in item_icons! Zeichne Text.
2025-04-14 12:58:17 - WARNING - __main__ - Slot 2 (Weed Seeds): KEIN Icon gefunden in item_icons! Zeichne Text.
2025-04-14 12:58:17 - WARNING - __main__ - Slot 0 (Blumentopf): KEIN Icon gefunden in item_icons! Zeichne Text.
2025-04-14 12:58:17 - WARNING - __main__ - Slot 1 (Sack Erde): KEIN Icon gefunden in item_icons! Zeichne Text.
2025-04-14 12:58:17 - WARNING - __main__ - Slot 2 (Weed Seeds): KEIN Icon gefunden in item_icons! Zeichne Text.
2025-04-14 12:58:17 - WARNING - __main__ - Slot 0 (Blumentopf): KEIN Icon gefunden in item_icons! Zeichne Text.
2025-04-14 12:58:17 - WARNING - __main__ - Slot 1 (Sack Erde): KEIN Icon gefunden in item_icons! Zeichne Text.
2025-04-14 12:58:17 - WARNING - __main__ - Slot 2 (Weed Seeds): KEIN Icon gefunden in item_icons! Zeichne Text.
2025-04-14 12:58:17 - WARNING - __main__ - Slot 0 (Blumentopf): KEIN Icon gefunden in item_icons! Zeichne Text.
2025-04-14 12:58:17 - WARNING - __main__ - Slot 1 (Sack Erde): KEIN Icon gefunden in item_icons! Zeichne Text.
2025-04-14 12:58:17 - WARNING - __main__ - Slot 2 (Weed Seeds): KEIN Icon gefunden in item_icons! Zeichne Text.
2025-04-14 12:58:17 - WARNING - __main__ - Slot 0 (Blumentopf): KEIN Icon gefunden in item_icons! Zeichne Text.
2025-04-14 12:58:17 - WARNING - __main__ - Slot 1 (Sack Erde): KEIN Icon gefunden in item_icons! Zeichne Text.
2025-04-14 12:58:17 - WARNING - __main__ - Slot 2 (Weed Seeds): KEIN Icon gefunden in item_icons! Zeichne Text.
2025-04-14 12:58:17 - WARNING - __main__ - Slot 0 (Blumentopf): KEIN Icon gefunden in item_icons! Zeichne Text.
2025-04-14 12:58:17 - WARNING - __main__ - Slot 1 (Sack Erde): KEIN Icon gefunden in item_icons! Zeichne Text.
2025-04-14 12:58:17 - WARNING - __main__ - Slot 2 (Weed Seeds): KEIN Icon gefunden in item_icons! Zeichne Text.
2025-04-14 12:58:17 - WARNING - __main__ - Slot 0 (Blumentopf): KEIN Icon gefunden in item_icons! Zeichne Text.
2025-04-14 12:58:17 - WARNING - __main__ - Slot 1 (Sack Erde): KEIN Icon gefunden in item_icons! Zeichne Text.
2025-04-14 12:58:17 - WARNING - __main__ - Slot 2 (Weed Seeds): KEIN Icon gefunden in item_icons! Zeichne Text.
2025-04-14 12:58:17 - WARNING - __main__ - Slot 0 (Blumentopf): KEIN Icon gefunden in item_icons! Zeichne Text.
2025-04-14 12:58:17 - WARNING - __main__ - Slot 1 (Sack Erde): KEIN Icon gefunden in item_icons! Zeichne Text.
2025-04-14 12:58:17 - WARNING - __main__ - Slot 2 (Weed Seeds): KEIN Icon gefunden in item_icons! Zeichne Text.
2025-04-14 12:58:17 - WARNING - __main__ - Slot 0 (Blumentopf): KEIN Icon gefunden in item_icons! Zeichne Text.
2025-04-14 12:58:17 - WARNING - __main__ - Slot 1 (Sack Erde): KEIN Icon gefunden in item_icons! Zeichne Text.
2025-04-14 12:58:17 - WARNING - __main__ - Slot 2 (Weed Seeds): KEIN Icon gefunden in item_icons! Zeichne Text.
2025-04-14 12:58:17 - WARNING - __main__ - Slot 0 (Blumentopf): KEIN Icon gefunden in item_icons! Zeichne Text.
2025-04-14 12:58:17 - WARNING - __main__ - Slot 1 (Sack Erde): KEIN Icon gefunden in item_icons! Zeichne Text.
2025-04-14 12:58:17 - WARNING - __main__ - Slot 2 (Weed Seeds): KEIN Icon gefunden in item_icons! Zeichne Text.
2025-04-14 12:58:17 - WARNING - __main__ - Slot 0 (Blumentopf): KEIN Icon gefunden in item_icons! Zeichne Text.
2025-04-14 12:58:17 - WARNING - __main__ - Slot 1 (Sack Erde): KEIN Icon gefunden in item_icons! Zeichne Text.
2025-04-14 12:58:17 - WARNING - __main__ - Slot 2 (Weed Seeds): KEIN Icon gefunden in item_icons! Zeichne Text.
2025-04-14 12:58:17 - WARNING - __main__ - Slot 0 (Blumentopf): KEIN Icon gefunden in item_icons! Zeichne Text.
2025-04-14 12:58:17 - WARNING - __main__ - Slot 1 (Sack Erde): KEIN Icon gefunden in item_icons! Zeichne Text.
2025-04-14 12:58:17 - WARNING - __main__ - Slot 2 (Weed Seeds): KEIN Icon gefunden in item_icons! Zeichne Text.
2025-04-14 12:58:17 - WARNING - __main__ - Slot 0 (Blumentopf): KEIN Icon gefunden in item_icons! Zeichne Text.
2025-04-14 12:58:17 - WARNING - __main__ - Slot 1 (Sack Erde): KEIN Icon gefunden in item_icons! Zeichne Text.
2025-04-14 12:58:17 - WARNING - __main__ - Slot 2 (Weed Seeds): KEIN Icon gefunden in item_icons! Zeichne Text.
2025-04-14 12:58:17 - WARNING - __main__ - Slot 0 (Blumentopf): KEIN Icon gefunden in item_icons! Zeichne Text.
2025-04-14 12:58:17 - WARNING - __main__ - Slot 1 (Sack Erde): KEIN Icon gefunden in item_icons! Zeichne Text.
2025-04-14 12:58:17 - WARNING - __main__ - Slot 2 (Weed Seeds): KEIN Icon gefunden in item_icons! Zeichne Text.
2025-04-14 12:58:17 - WARNING - __main__ - Slot 0 (Blumentopf): KEIN Icon gefunden in item_icons! Zeichne Text.
2025-04-14 12:58:17 - WARNING - __main__ - Slot 1 (Sack Erde): KEIN Icon gefunden in item_icons! Zeichne Text.
2025-04-14 12:58:17 - WARNING - __main__ - Slot 2 (Weed Seeds): KEIN Icon gefunden in item_icons! Zeichne Text.
2025-04-14 12:58:17 - WARNING - __main__ - Slot 0 (Blumentopf): KEIN Icon gefunden in item_icons! Zeichne Text.
2025-04-14 12:58:17 - WARNING - __main__ - Slot 1 (Sack Erde): KEIN Icon gefunden in item_icons! Zeichne Text.
2025-04-14 12:58:17 - WARNING - __main__ - Slot 2 (Weed Seeds): KEIN Icon gefunden in item_icons! Zeichne Text.
2025-04-14 12:58:17 - WARNING - __main__ - Slot 0 (Blumentopf): KEIN Icon gefunden in item_icons! Zeichne Text.
2025-04-14 12:58:17 - WARNING - __main__ - Slot 1 (Sack Erde): KEIN Icon gefunden in item_icons! Zeichne Text.
2025-04-14 12:58:17 - WARNING - __main__ - Slot 2 (Weed Seeds): KEIN Icon gefunden in item_icons! Zeichne Text.
2025-04-14 12:58:17 - WARNING - __main__ - Slot 0 (Blumentopf): KEIN Icon gefunden in item_icons! Zeichne Text.
2025-04-14 12:58:17 - WARNING - __main__ - Slot 1 (Sack Erde): KEIN Icon gefunden in item_icons! Zeichne Text.
2025-04-14 12:58:17 - WARNING - __main__ - Slot 2 (Weed Seeds): KEIN Icon gefunden in item_icons! Zeichne Text.
2025-04-14 12:58:17 - WARNING - __main__ - Slot 0 (Blumentopf): KEIN Icon gefunden in item_icons! Zeichne Text.
2025-04-14 12:58:17 - WARNING - __main__ - Slot 1 (Sack Erde): KEIN Icon gefunden in item_icons! Zeichne Text.
2025-04-14 12:58:17 - WARNING - __main__ - Slot 2 (Weed Seeds): KEIN Icon gefunden in item_icons! Zeichne Text.
2025-04-14 12:58:17 - WARNING - __main__ - Slot 0 (Blumentopf): KEIN Icon gefunden in item_icons! Zeichne Text.
2025-04-14 12:58:17 - WARNING - __main__ - Slot 1 (Sack Erde): KEIN Icon gefunden in item_icons! Zeichne Text.
2025-04-14 12:58:17 - WARNING - __main__ - Slot 2 (Weed Seeds): KEIN Icon gefunden in item_icons! Zeichne Text.
2025-04-14 12:58:17 - WARNING - __main__ - Slot 0 (Blumentopf): KEIN Icon gefunden in item_icons! Zeichne Text.
2025-04-14 12:58:17 - WARNING - __main__ - Slot 1 (Sack Erde): KEIN Icon gefunden in item_icons! Zeichne Text.
2025-04-14 12:58:17 - WARNING - __main__ - Slot 2 (Weed Seeds): KEIN Icon gefunden in item_icons! Zeichne Text.
2025-04-14 12:58:17 - WARNING - __main__ - Slot 0 (Blumentopf): KEIN Icon gefunden in item_icons! Zeichne Text.
2025-04-14 12:58:17 - WARNING - __main__ - Slot 1 (Sack Erde): KEIN Icon gefunden in item_icons! Zeichne Text.
2025-04-14 12:58:17 - WARNING - __main__ - Slot 2 (Weed Seeds): KEIN Icon gefunden in item_icons! Zeichne Text.
2025-04-14 12:58:17 - WARNING - __main__ - Slot 0 (Blumentopf): KEIN Icon gefunden in item_icons! Zeichne Text.
2025-04-14 12:58:17 - WARNING - __main__ - Slot 1 (Sack Erde): KEIN Icon gefunden in item_icons! Zeichne Text.
2025-04-14 12:58:17 - WARNING - __main__ - Slot 2 (Weed Seeds): KEIN Icon gefunden in item_icons! Zeichne Text.
2025-04-14 12:58:17 - WARNING - __main__ - Slot 0 (Blumentopf): KEIN Icon gefunden in item_icons! Zeichne Text.
2025-04-14 12:58:17 - WARNING - __main__ - Slot 1 (Sack Erde): KEIN Icon gefunden in item_icons! Zeichne Text.
2025-04-14 12:58:17 - WARNING - __main__ - Slot 2 (Weed Seeds): KEIN Icon gefunden in item_icons! Zeichne Text.
2025-04-14 12:58:17 - WARNING - __main__ - Slot 0 (Blumentopf): KEIN Icon gefunden in item_icons! Zeichne Text.
2025-04-14 12:58:17 - WARNING - __main__ - Slot 1 (Sack Erde): KEIN Icon gefunden in item_icons! Zeichne Text.
2025-04-14 12:58:17 - WARNING - __main__ - Slot 2 (Weed Seeds): KEIN Icon gefunden in item_icons! Zeichne Text.
2025-04-14 12:58:17 - WARNING - __main__ - Slot 0 (Blumentopf): KEIN Icon gefunden in item_icons! Zeichne Text.
2025-04-14 12:58:17 - WARNING - __main__ - Slot 1 (Sack Erde): KEIN Icon gefunden in item_icons! Zeichne Text.
2025-04-14 12:58:17 - WARNING - __main__ - Slot 2 (Weed Seeds): KEIN Icon gefunden in item_icons! Zeichne Text.
2025-04-14 12:58:17 - WARNING - __main__ - Slot 0 (Blumentopf): KEIN Icon gefunden in item_icons! Zeichne Text.
2025-04-14 12:58:17 - WARNING - __main__ - Slot 1 (Sack Erde): KEIN Icon gefunden in item_icons! Zeichne Text.
2025-04-14 12:58:17 - WARNING - __main__ - Slot 2 (Weed Seeds): KEIN Icon gefunden in item_icons! Zeichne Text.
2025-04-14 12:58:17 - WARNING - __main__ - Slot 0 (Blumentopf): KEIN Icon gefunden in item_icons! Zeichne Text.
2025-04-14 12:58:17 - WARNING - __main__ - Slot 1 (Sack Erde): KEIN Icon gefunden in item_icons! Zeichne Text.
2025-04-14 12:58:17 - WARNING - __main__ - Slot 2 (Weed Seeds): KEIN Icon gefunden in item_icons! Zeichne Text.
2025-04-14 12:58:17 - WARNING - __main__ - Slot 0 (Blumentopf): KEIN Icon gefunden in item_icons! Zeichne Text.
2025-04-14 12:58:17 - WARNING - __main__ - Slot 1 (Sack Erde): KEIN Icon gefunden in item_icons! Zeichne Text.
2025-04-14 12:58:17 - WARNING - __main__ - Slot 2 (Weed Seeds): KEIN Icon gefunden in item_icons! Zeichne Text.
2025-04-14 12:58:17 - WARNING - __main__ - Slot 0 (Blumentopf): KEIN Icon gefunden in item_icons! Zeichne Text.
2025-04-14 12:58:17 - WARNING - __main__ - Slot 1 (Sack Erde): KEIN Icon gefunden in item_icons! Zeichne Text.
2025-04-14 12:58:17 - WARNING - __main__ - Slot 2 (Weed Seeds): KEIN Icon gefunden in item_icons! Zeichne Text.
2025-04-14 12:58:17 - WARNING - __main__ - Slot 0 (Blumentopf): KEIN Icon gefunden in item_icons! Zeichne Text.
2025-04-14 12:58:17 - WARNING - __main__ - Slot 1 (Sack Erde): KEIN Icon gefunden in item_icons! Zeichne Text.
2025-04-14 12:58:17 - WARNING - __main__ - Slot 2 (Weed Seeds): KEIN Icon gefunden in item_icons! Zeichne Text.
2025-04-14 12:58:17 - WARNING - __main__ - Slot 0 (Blumentopf): KEIN Icon gefunden in item_icons! Zeichne Text.
2025-04-14 12:58:17 - WARNING - __main__ - Slot 1 (Sack Erde): KEIN Icon gefunden in item_icons! Zeichne Text.
2025-04-14 12:58:17 - WARNING - __main__ - Slot 2 (Weed Seeds): KEIN Icon gefunden in item_icons! Zeichne Text.
2025-04-14 12:58:17 - WARNING - __main__ - Slot 0 (Blumentopf): KEIN Icon gefunden in item_icons! Zeichne Text.
2025-04-14 12:58:17 - WARNING - __main__ - Slot 1 (Sack Erde): KEIN Icon gefunden in item_icons! Zeichne Text.
2025-04-14 12:58:17 - WARNING - __main__ - Slot 2 (Weed Seeds): KEIN Icon gefunden in item_icons! Zeichne Text.
2025-04-14 12:58:17 - WARNING - __main__ - Slot 0 (Blumentopf): KEIN Icon gefunden in item_icons! Zeichne Text.
2025-04-14 12:58:17 - WARNING - __main__ - Slot 1 (Sack Erde): KEIN Icon gefunden in item_icons! Zeichne Text.
2025-04-14 12:58:17 - WARNING - __main__ - Slot 2 (Weed Seeds): KEIN Icon gefunden in item_icons! Zeichne Text.
2025-04-14 12:58:17 - WARNING - __main__ - Slot 0 (Blumentopf): KEIN Icon gefunden in item_icons! Zeichne Text.
2025-04-14 12:58:17 - WARNING - __main__ - Slot 1 (Sack Erde): KEIN Icon gefunden in item_icons! Zeichne Text.
2025-04-14 12:58:17 - WARNING - __main__ - Slot 2 (Weed Seeds): KEIN Icon gefunden in item_icons! Zeichne Text.
2025-04-14 12:58:17 - WARNING - __main__ - Slot 0 (Blumentopf): KEIN Icon gefunden in item_icons! Zeichne Text.
2025-04-14 12:58:17 - WARNING - __main__ - Slot 1 (Sack Erde): KEIN Icon gefunden in item_icons! Zeichne Text.
2025-04-14 12:58:17 - WARNING - __main__ - Slot 2 (Weed Seeds): KEIN Icon gefunden in item_icons! Zeichne Text.
2025-04-14 12:58:17 - WARNING - __main__ - Slot 0 (Blumentopf): KEIN Icon gefunden in item_icons! Zeichne Text.
2025-04-14 12:58:17 - WARNING - __main__ - Slot 1 (Sack Erde): KEIN Icon gefunden in item_icons! Zeichne Text.
2025-04-14 12:58:17 - WARNING - __main__ - Slot 2 (Weed Seeds): KEIN Icon gefunden in item_icons! Zeichne Text.
2025-04-14 12:58:17 - WARNING - __main__ - Slot 0 (Blumentopf): KEIN Icon gefunden in item_icons! Zeichne Text.
2025-04-14 12:58:17 - WARNING - __main__ - Slot 1 (Sack Erde): KEIN Icon gefunden in item_icons! Zeichne Text.
2025-04-14 12:58:17 - WARNING - __main__ - Slot 2 (Weed Seeds): KEIN Icon gefunden in item_icons! Zeichne Text.
2025-04-14 12:58:17 - WARNING - __main__ - Slot 0 (Blumentopf): KEIN Icon gefunden in item_icons! Zeichne Text.
2025-04-14 12:58:17 - WARNING - __main__ - Slot 1 (Sack Erde): KEIN Icon gefunden in item_icons! Zeichne Text.
2025-04-14 12:58:17 - WARNING - __main__ - Slot 2 (Weed Seeds): KEIN Icon gefunden in item_icons! Zeichne Text.
2025-04-14 12:58:17 - WARNING - __main__ - Slot 0 (Blumentopf): KEIN Icon gefunden in item_icons! Zeichne Text.
2025-04-14 12:58:17 - WARNING - __main__ - Slot 1 (Sack Erde): KEIN Icon gefunden in item_icons! Zeichne Text.
2025-04-14 12:58:17 - WARNING - __main__ - Slot 2 (Weed Seeds): KEIN Icon gefunden in item_icons! Zeichne Text.
2025-04-14 12:58:17 - INFO - __main__ - ESC gedrückt -> Beenden.
2025-04-14 12:58:17 - WARNING - __main__ - Slot 0 (Blumentopf): KEIN Icon gefunden in item_icons! Zeichne Text.
2025-04-14 12:58:17 - WARNING - __main__ - Slot 1 (Sack Erde): KEIN Icon gefunden in item_icons! Zeichne Text.
2025-04-14 12:58:17 - WARNING - __main__ - Slot 2 (Weed Seeds): KEIN Icon gefunden in item_icons! Zeichne Text.
2025-04-14 12:58:17 - INFO - __main__ - Spiel-Loop beendet.
2025-04-14 12:58:17 - INFO - __main__ - Speichere Inventar...
2025-04-14 12:58:17 - DEBUG - inventory - Inventar 1349998752832: Rufe persistence.save_data auf für Pfad 'C:\Users\Administrator\Documents\Github\DrugsDealerGame\DrugDealerGame\data\savedata\inventar.json'.
2025-04-14 12:58:17 - INFO - __main__ - Speichere Spielerposition...
2025-04-14 12:58:17 - INFO - __main__ - Speichere platzierte Items...
2025-04-14 12:58:17 - INFO - __main__ - 5 Items gespeichert.
2025-04-14 12:58:17 - INFO - __main__ - Pygame beendet.
